#
# There is insufficient memory for the Java Runtime Environment to continue.
# Native memory allocation (malloc) failed to allocate 1740656 bytes. Error detail: Chunk::new
# Possible reasons:
#   The system is out of physical RAM or swap space
#   This process is running with CompressedOops enabled, and the Java Heap may be blocking the growth of the native heap
# Possible solutions:
#   Reduce memory load on the system
#   Increase physical memory or swap space
#   Check if swap backing store is full
#   Decrease Java heap size (-Xmx/-Xms)
#   Decrease number of Java threads
#   Decrease Java thread stack sizes (-Xss)
#   Set larger code cache with -XX:ReservedCodeCacheSize=
#   JVM is running with Unscaled Compressed Oops mode in which the Java heap is
#     placed in the first 4GB address space. The Java Heap base address is the
#     maximum limit for the native heap growth. Please use -XX:HeapBaseMinAddress
#     to set the Java Heap base and to place the Java Heap above 4GB virtual address.
# This output file may be truncated or incomplete.
#
#  Out of Memory Error (arena.cpp:168), pid=20368, tid=10800
#
# JRE version: OpenJDK Runtime Environment (21.0.9) (build 21.0.9+-14787801-b1163.94)
# Java VM: OpenJDK 64-Bit Server VM (21.0.9+-14787801-b1163.94, mixed mode, tiered, compressed oops, compressed class ptrs, g1 gc, windows-amd64)
# No core dump will be written. Minidumps are not enabled by default on client versions of Windows
#

---------------  S U M M A R Y ------------

Command Line: --add-opens=java.base/java.util=ALL-UNNAMED --add-opens=java.base/java.lang=ALL-UNNAMED --add-opens=java.base/java.lang.invoke=ALL-UNNAMED --add-opens=java.prefs/java.util.prefs=ALL-UNNAMED --add-opens=java.base/java.nio.charset=ALL-UNNAMED --add-opens=java.base/java.net=ALL-UNNAMED --add-opens=java.base/java.util.concurrent.atomic=ALL-UNNAMED -Xmx2048m -Dfile.encoding=UTF-8 -Duser.country=US -Duser.language=en -Duser.variant -javaagent:C:\Users\sabda\.gradle\wrapper\dists\gradle-8.7-bin\bhs2wmbdwecv87pi65oeuq5iu\gradle-8.7\lib\agents\gradle-instrumentation-agent-8.7.jar org.gradle.launcher.daemon.bootstrap.GradleDaemon 8.7

Host: 11th Gen Intel(R) Core(TM) i7-11800H @ 2.30GHz, 16 cores, 15G,  Windows 11 , 64 bit Build 26100 (10.0.26100.7920)
Time: Sat Mar 28 11:16:34 2026 Egypt Standard Time elapsed time: 14.062028 seconds (0d 0h 0m 14s)

---------------  T H R E A D  ---------------

Current thread (0x00000208210da0d0):  JavaThread "C2 CompilerThread1" daemon [_thread_in_native, id=10800, stack(0x000000fe6fd00000,0x000000fe6fe00000) (1024K)]


Current CompileTask:
C2:14062 18088 %     4       com.android.tools.r8.internal.fb::a @ 2716 (6452 bytes)

Stack: [0x000000fe6fd00000,0x000000fe6fe00000]
Native frames: (J=compiled Java code, j=interpreted, Vv=VM code, C=native code)
V  [jvm.dll+0x6d6c99]
V  [jvm.dll+0x866b83]
V  [jvm.dll+0x8691ae]
V  [jvm.dll+0x869893]
V  [jvm.dll+0x280776]
V  [jvm.dll+0xc07cd]
V  [jvm.dll+0xc0d03]
V  [jvm.dll+0x3b9831]
V  [jvm.dll+0x1dfac4]
V  [jvm.dll+0x2495b4]
V  [jvm.dll+0x248a31]
V  [jvm.dll+0x1c7344]
V  [jvm.dll+0x2581ae]
V  [jvm.dll+0x2566f6]
V  [jvm.dll+0x3f48a6]
V  [jvm.dll+0x80f118]
V  [jvm.dll+0x6d54ed]
C  [ucrtbase.dll+0x37b0]
C  [KERNEL32.DLL+0x2e8d7]
C  [ntdll.dll+0x8c48c]


---------------  P R O C E S S  ---------------

Threads class SMR info:
_java_thread_list=0x000002082e866c70, length=238, elements={
0x0000020802115aa0, 0x000002081c90d540, 0x000002081c910b70, 0x000002081c9115d0,
0x000002081c930840, 0x000002081c9435e0, 0x000002081c944040, 0x000002081c944aa0,
0x000002081c945830, 0x000002081c9482e0, 0x000002081caa77c0, 0x000002081caa8690,
0x00000208210d4b90, 0x00000208210da0d0, 0x000002082127f0e0, 0x0000020821bd0db0,
0x000002082218f880, 0x000002082223c840, 0x000002082397c9a0, 0x000002082239c8a0,
0x000002082239cf10, 0x00000208221412f0, 0x0000020821f62050, 0x0000020821f619c0,
0x0000020821f64e40, 0x0000020821f626e0, 0x0000020821f63a90, 0x0000020821f62d70,
0x0000020821f63400, 0x0000020823a62140, 0x0000020823a62e60, 0x0000020823a634f0,
0x0000020823a61420, 0x0000020823a63b80, 0x0000020823a64210, 0x0000020823a648a0,
0x0000020823a61ab0, 0x0000020823b22b80, 0x0000020823b245c0, 0x0000020823b26000,
0x0000020823b23210, 0x0000020823b238a0, 0x0000020823b26d20, 0x0000020823b27a40,
0x0000020823b25970, 0x0000020823b280d0, 0x0000020823b273b0, 0x0000020823b28760,
0x0000020823b252e0, 0x0000020823b28df0, 0x0000020823b29480, 0x0000020823b29b10,
0x00000208266f9350, 0x00000208266f8cc0, 0x00000208266fa700, 0x00000208266fe8a0,
0x00000208266fbab0, 0x00000208266fdb80, 0x00000208266fd4f0, 0x00000208266fce60,
0x00000208266fef30, 0x00000208266fc140, 0x00000208266fc7d0, 0x00000208241cac70,
0x00000208241cc020, 0x00000208241cc6b0, 0x00000208241ccd40, 0x00000208241cda60,
0x00000208241cd3d0, 0x00000208241cb990, 0x00000208241ce780, 0x00000208241ce0f0,
0x00000208241cb300, 0x00000208241cfb30, 0x00000208241d1570, 0x00000208241cf4a0,
0x00000208241d01c0, 0x00000208241cee10, 0x00000208241d0850, 0x00000208241d0ee0,
0x00000208241d2290, 0x00000208241d1c00, 0x0000020826761140, 0x0000020826760420,
0x0000020826760ab0, 0x000002082675fd90, 0x000002082675f700, 0x000002082675f070,
0x0000020822f663b0, 0x0000020826764c50, 0x00000208267652e0, 0x000002082edce6c0,
0x000002082edced50, 0x000002082edccc80, 0x000002082edcd9a0, 0x000002082edcfa70,
0x000002082edcf3e0, 0x000002082edcc5f0, 0x000002082edd0100, 0x000002082edd0790,
0x000002082edce030, 0x000002082edcd310, 0x000002082edd0e20, 0x000002082edd14b0,
0x000002082edd3580, 0x000002082edd1b40, 0x000002082edd2ef0, 0x000002082edd21d0,
0x000002082edd3c10, 0x000002082e4c8920, 0x000002082e4c8fb0, 0x000002082e4c7570,
0x000002082e4c9640, 0x000002082e4c9cd0, 0x000002082e4cb080, 0x000002082e4ca360,
0x000002082e4ca9f0, 0x000002082e4c7c00, 0x000002082e4cb710, 0x000002082e4c8290,
0x000002082e4ce500, 0x000002082e4cbda0, 0x000002082e4cde70, 0x000002082e4cc430,
0x000002082e4ccac0, 0x000002082e4cd150, 0x000002082e4cd7e0, 0x00000208268d4f40,
0x000002082ee67380, 0x000002082f12a520, 0x000002082f12abb0, 0x000002082f127dc0,
0x000002082f12b240, 0x000002082f12b8d0, 0x000002082f128450, 0x000002082f12bf60,
0x000002082f128ae0, 0x000002082f12c5f0, 0x000002082f12cc80, 0x000002082f129800,
0x000002082f12f3e0, 0x000002082f12e030, 0x000002082f12fa70, 0x000002082f130100,
0x000002082f12d310, 0x000002082f12e6c0, 0x000002082f130790, 0x000002082f130e20,
0x000002082f12d9a0, 0x000002082f131b40, 0x000002082f1321d0, 0x000002082f1314b0,
0x000002082f133c10, 0x000002082f134930, 0x000002082f132860, 0x000002082f135650,
0x000002082f1342a0, 0x000002082f136370, 0x000002082f135ce0, 0x000002082f132ef0,
0x000002082f1270a0, 0x000002082f129170, 0x000002082f129e90, 0x000002082f134fc0,
0x000002082f133580, 0x000002082ee69450, 0x000002082ee65fd0, 0x000002082ee68dc0,
0x000002082ee66660, 0x000002082ee680a0, 0x000002082ee68730, 0x000002082ee69ae0,
0x000002082ee66cf0, 0x000002082ee6a170, 0x000002082ee6a800, 0x000002082ee6ae90,
0x000002082ee67a10, 0x000002082ee6c240, 0x000002082ee6cf60, 0x000002082ee6b520,
0x000002082ee6bbb0, 0x000002082ee6c8d0, 0x000002082ee6d5f0, 0x0000020827c0ad70,
0x0000020827c0b400, 0x0000020827c07f80, 0x0000020827c0a6e0, 0x0000020827c0ba90,
0x0000020827c099c0, 0x0000020827c08610, 0x0000020827c0c120, 0x0000020827c0a050,
0x0000020827c08ca0, 0x0000020827c0c7b0, 0x0000020827c09330, 0x0000020827c102c0,
0x0000020827c0db60, 0x0000020827c0ef10, 0x0000020827c0ce40, 0x0000020827c0f5a0,
0x0000020827c0fc30, 0x0000020827c0d4d0, 0x0000020827c10950, 0x0000020827c0e1f0,
0x0000020827c10fe0, 0x0000020827c11670, 0x0000020827c15180, 0x0000020827c11d00,
0x0000020827c14460, 0x0000020827c0e880, 0x0000020827c12390, 0x0000020827c13dd0,
0x0000020827c130b0, 0x0000020827c13740, 0x0000020827c14af0, 0x0000020827c15810,
0x0000020827c15ea0, 0x0000020827c12a20, 0x0000020827c16530, 0x0000020827c16bc0,
0x0000020827c17250, 0x000002082f127730, 0x000002082e1d09b0, 0x000002082e1d16d0,
0x000002082e1d0320, 0x000002082e1d1040, 0x000002082e1cef70, 0x000002082e1cf600,
0x000002082e1cfc90, 0x000002082ecef550, 0x000002082f8bc010, 0x000002082e1d44c0,
0x00000208296db0a0, 0x000002082e1d51e0, 0x000002082e1d5870, 0x000002082e1d5f00,
0x000002082e1d6c20, 0x000002082e1d3e30
}

Java Threads: ( => current thread )
  0x0000020802115aa0 JavaThread "main"                              [_thread_blocked, id=15064, stack(0x000000fe6e900000,0x000000fe6ea00000) (1024K)]
  0x000002081c90d540 JavaThread "Common-Cleaner"             daemon [_thread_blocked, id=29192, stack(0x000000fe6f100000,0x000000fe6f200000) (1024K)]
  0x000002081c910b70 JavaThread "Reference Handler"          daemon [_thread_blocked, id=24316, stack(0x000000fe6f200000,0x000000fe6f300000) (1024K)]
  0x000002081c9115d0 JavaThread "Finalizer"                  daemon [_thread_blocked, id=16492, stack(0x000000fe6f300000,0x000000fe6f400000) (1024K)]
  0x000002081c930840 JavaThread "Signal Dispatcher"          daemon [_thread_blocked, id=14508, stack(0x000000fe6f400000,0x000000fe6f500000) (1024K)]
  0x000002081c9435e0 JavaThread "Attach Listener"            daemon [_thread_blocked, id=2584, stack(0x000000fe6f500000,0x000000fe6f600000) (1024K)]
  0x000002081c944040 JavaThread "Service Thread"             daemon [_thread_blocked, id=23452, stack(0x000000fe6f600000,0x000000fe6f700000) (1024K)]
  0x000002081c944aa0 JavaThread "Monitor Deflation Thread"   daemon [_thread_blocked, id=16416, stack(0x000000fe6f700000,0x000000fe6f800000) (1024K)]
  0x000002081c945830 JavaThread "C2 CompilerThread0"         daemon [_thread_in_native, id=9248, stack(0x000000fe6f800000,0x000000fe6f900000) (1024K)]
  0x000002081c9482e0 JavaThread "C1 CompilerThread0"         daemon [_thread_in_vm, id=19584, stack(0x000000fe6f900000,0x000000fe6fa00000) (1024K)]
  0x000002081caa77c0 JavaThread "C1 CompilerThread1"         daemon [_thread_in_vm, id=17928, stack(0x000000fe6fa00000,0x000000fe6fb00000) (1024K)]
  0x000002081caa8690 JavaThread "C1 CompilerThread2"         daemon [_thread_in_vm, id=13196, stack(0x000000fe6fb00000,0x000000fe6fc00000) (1024K)]
  0x00000208210d4b90 JavaThread "Notification Thread"        daemon [_thread_blocked, id=5160, stack(0x000000fe6fc00000,0x000000fe6fd00000) (1024K)]
=>0x00000208210da0d0 JavaThread "C2 CompilerThread1"         daemon [_thread_in_native, id=10800, stack(0x000000fe6fd00000,0x000000fe6fe00000) (1024K)]
  0x000002082127f0e0 JavaThread "C2 CompilerThread2"         daemon [_thread_blocked, id=20400, stack(0x000000fe6fe00000,0x000000fe6ff00000) (1024K)]
  0x0000020821bd0db0 JavaThread "C1 CompilerThread3"         daemon [_thread_in_vm, id=11044, stack(0x000000fe70400000,0x000000fe70500000) (1024K)]
  0x000002082218f880 JavaThread "Daemon health stats"               [_thread_blocked, id=27792, stack(0x000000fe70700000,0x000000fe70800000) (1024K)]
  0x000002082223c840 JavaThread "Incoming local TCP Connector on port 63984"        [_thread_in_native, id=28652, stack(0x000000fe70800000,0x000000fe70900000) (1024K)]
  0x000002082397c9a0 JavaThread "Daemon periodic checks"            [_thread_blocked, id=30088, stack(0x000000fe70900000,0x000000fe70a00000) (1024K)]
  0x000002082239c8a0 JavaThread "Daemon"                            [_thread_blocked, id=22648, stack(0x000000fe70a00000,0x000000fe70b00000) (1024K)]
  0x000002082239cf10 JavaThread "Handler for socket connection from /127.0.0.1:63984 to /127.0.0.1:63985"        [_thread_in_native, id=28392, stack(0x000000fe70b00000,0x000000fe70c00000) (1024K)]
  0x00000208221412f0 JavaThread "Cancel handler"                    [_thread_blocked, id=29620, stack(0x000000fe70c00000,0x000000fe70d00000) (1024K)]
  0x0000020821f62050 JavaThread "Daemon worker"                     [_thread_blocked, id=21816, stack(0x000000fe70d00000,0x000000fe70e00000) (1024K)]
  0x0000020821f619c0 JavaThread "Asynchronous log dispatcher for DefaultDaemonConnection: socket connection from /127.0.0.1:63984 to /127.0.0.1:63985"        [_thread_blocked, id=15508, stack(0x000000fe70e00000,0x000000fe70f00000) (1024K)]
  0x0000020821f64e40 JavaThread "Stdin handler"                     [_thread_blocked, id=9576, stack(0x000000fe70f00000,0x000000fe71000000) (1024K)]
  0x0000020821f626e0 JavaThread "Daemon client event forwarder"        [_thread_blocked, id=30464, stack(0x000000fe71000000,0x000000fe71100000) (1024K)]
  0x0000020821f63a90 JavaThread "Cache worker for journal cache (C:\Users\sabda\.gradle\caches\journal-1)"        [_thread_blocked, id=29876, stack(0x000000fe71800000,0x000000fe71900000) (1024K)]
  0x0000020821f62d70 JavaThread "File lock request listener"        [_thread_in_native, id=13368, stack(0x000000fe71900000,0x000000fe71a00000) (1024K)]
  0x0000020821f63400 JavaThread "Cache worker for file hash cache (C:\Users\sabda\.gradle\caches\8.7\fileHashes)"        [_thread_blocked, id=30604, stack(0x000000fe71a00000,0x000000fe71b00000) (1024K)]
  0x0000020823a62140 JavaThread "Cache worker for file hash cache (C:\Users\sabda\AndroidStudioProjects\HospitalApp\.gradle\8.7\fileHashes)"        [_thread_blocked, id=7908, stack(0x000000fe71b00000,0x000000fe71c00000) (1024K)]
  0x0000020823a62e60 JavaThread "File watcher server"        daemon [_thread_in_native, id=9684, stack(0x000000fe71c00000,0x000000fe71d00000) (1024K)]
  0x0000020823a634f0 JavaThread "File watcher consumer"      daemon [_thread_blocked, id=17268, stack(0x000000fe71d00000,0x000000fe71e00000) (1024K)]
  0x0000020823a61420 JavaThread "Cache worker for checksums cache (C:\Users\sabda\AndroidStudioProjects\HospitalApp\.gradle\8.7\checksums)"        [_thread_blocked, id=28788, stack(0x000000fe71e00000,0x000000fe71f00000) (1024K)]
  0x0000020823a63b80 JavaThread "Cache worker for cache directory md-supplier (C:\Users\sabda\.gradle\caches\8.7\md-supplier)"        [_thread_blocked, id=26148, stack(0x000000fe71f00000,0x000000fe72000000) (1024K)]
  0x0000020823a64210 JavaThread "Cache worker for cache directory md-rule (C:\Users\sabda\.gradle\caches\8.7\md-rule)"        [_thread_blocked, id=9164, stack(0x000000fe72000000,0x000000fe72100000) (1024K)]
  0x0000020823a648a0 JavaThread "Cache worker for file content cache (C:\Users\sabda\.gradle\caches\8.7\fileContent)"        [_thread_blocked, id=15580, stack(0x000000fe72100000,0x000000fe72200000) (1024K)]
  0x0000020823a61ab0 JavaThread "jar transforms"                    [_thread_blocked, id=28112, stack(0x000000fe72200000,0x000000fe72300000) (1024K)]
  0x0000020823b22b80 JavaThread "jar transforms Thread 2"           [_thread_blocked, id=28268, stack(0x000000fe72300000,0x000000fe72400000) (1024K)]
  0x0000020823b245c0 JavaThread "jar transforms Thread 3"           [_thread_blocked, id=28140, stack(0x000000fe72500000,0x000000fe72600000) (1024K)]
  0x0000020823b26000 JavaThread "Unconstrained build operations"        [_thread_blocked, id=3880, stack(0x000000fe72600000,0x000000fe72700000) (1024K)]
  0x0000020823b23210 JavaThread "Unconstrained build operations Thread 2"        [_thread_blocked, id=26892, stack(0x000000fe72700000,0x000000fe72800000) (1024K)]
  0x0000020823b238a0 JavaThread "Unconstrained build operations Thread 3"        [_thread_blocked, id=20656, stack(0x000000fe72800000,0x000000fe72900000) (1024K)]
  0x0000020823b26d20 JavaThread "Unconstrained build operations Thread 4"        [_thread_blocked, id=10136, stack(0x000000fe72900000,0x000000fe72a00000) (1024K)]
  0x0000020823b27a40 JavaThread "Unconstrained build operations Thread 5"        [_thread_blocked, id=30244, stack(0x000000fe72a00000,0x000000fe72b00000) (1024K)]
  0x0000020823b25970 JavaThread "Unconstrained build operations Thread 6"        [_thread_blocked, id=17448, stack(0x000000fe72b00000,0x000000fe72c00000) (1024K)]
  0x0000020823b280d0 JavaThread "Unconstrained build operations Thread 7"        [_thread_blocked, id=5988, stack(0x000000fe72c00000,0x000000fe72d00000) (1024K)]
  0x0000020823b273b0 JavaThread "Unconstrained build operations Thread 8"        [_thread_blocked, id=9896, stack(0x000000fe72d00000,0x000000fe72e00000) (1024K)]
  0x0000020823b28760 JavaThread "Unconstrained build operations Thread 9"        [_thread_blocked, id=30496, stack(0x000000fe72e00000,0x000000fe72f00000) (1024K)]
  0x0000020823b252e0 JavaThread "Unconstrained build operations Thread 10"        [_thread_blocked, id=25376, stack(0x000000fe72f00000,0x000000fe73000000) (1024K)]
  0x0000020823b28df0 JavaThread "jar transforms Thread 4"           [_thread_blocked, id=26052, stack(0x000000fe73000000,0x000000fe73100000) (1024K)]
  0x0000020823b29480 JavaThread "jar transforms Thread 5"           [_thread_blocked, id=15684, stack(0x000000fe73100000,0x000000fe73200000) (1024K)]
  0x0000020823b29b10 JavaThread "jar transforms Thread 6"           [_thread_blocked, id=29868, stack(0x000000fe73200000,0x000000fe73300000) (1024K)]
  0x00000208266f9350 JavaThread "jar transforms Thread 7"           [_thread_blocked, id=28544, stack(0x000000fe73300000,0x000000fe73400000) (1024K)]
  0x00000208266f8cc0 JavaThread "jar transforms Thread 8"           [_thread_blocked, id=15424, stack(0x000000fe73400000,0x000000fe73500000) (1024K)]
  0x00000208266fa700 JavaThread "Cache worker for Build Output Cleanup Cache (C:\Users\sabda\AndroidStudioProjects\HospitalApp\.gradle\buildOutputCleanup)"        [_thread_blocked, id=28780, stack(0x000000fe73500000,0x000000fe73600000) (1024K)]
  0x00000208266fe8a0 JavaThread "Unconstrained build operations Thread 11"        [_thread_blocked, id=13176, stack(0x000000fe73600000,0x000000fe73700000) (1024K)]
  0x00000208266fbab0 JavaThread "Unconstrained build operations Thread 12"        [_thread_blocked, id=24984, stack(0x000000fe73700000,0x000000fe73800000) (1024K)]
  0x00000208266fdb80 JavaThread "Unconstrained build operations Thread 13"        [_thread_blocked, id=5984, stack(0x000000fe73800000,0x000000fe73900000) (1024K)]
  0x00000208266fd4f0 JavaThread "Unconstrained build operations Thread 14"        [_thread_blocked, id=25036, stack(0x000000fe73900000,0x000000fe73a00000) (1024K)]
  0x00000208266fce60 JavaThread "Unconstrained build operations Thread 15"        [_thread_blocked, id=9692, stack(0x000000fe73a00000,0x000000fe73b00000) (1024K)]
  0x00000208266fef30 JavaThread "Unconstrained build operations Thread 16"        [_thread_blocked, id=18580, stack(0x000000fe73b00000,0x000000fe73c00000) (1024K)]
  0x00000208266fc140 JavaThread "Unconstrained build operations Thread 17"        [_thread_blocked, id=3148, stack(0x000000fe73c00000,0x000000fe73d00000) (1024K)]
  0x00000208266fc7d0 JavaThread "Unconstrained build operations Thread 18"        [_thread_blocked, id=30080, stack(0x000000fe73d00000,0x000000fe73e00000) (1024K)]
  0x00000208241cac70 JavaThread "Unconstrained build operations Thread 19"        [_thread_blocked, id=12928, stack(0x000000fe73e00000,0x000000fe73f00000) (1024K)]
  0x00000208241cc020 JavaThread "Unconstrained build operations Thread 20"        [_thread_blocked, id=20664, stack(0x000000fe73f00000,0x000000fe74000000) (1024K)]
  0x00000208241cc6b0 JavaThread "Unconstrained build operations Thread 21"        [_thread_blocked, id=27804, stack(0x000000fe74000000,0x000000fe74100000) (1024K)]
  0x00000208241ccd40 JavaThread "Unconstrained build operations Thread 22"        [_thread_blocked, id=24324, stack(0x000000fe74100000,0x000000fe74200000) (1024K)]
  0x00000208241cda60 JavaThread "Unconstrained build operations Thread 23"        [_thread_blocked, id=2036, stack(0x000000fe74200000,0x000000fe74300000) (1024K)]
  0x00000208241cd3d0 JavaThread "Unconstrained build operations Thread 24"        [_thread_blocked, id=18612, stack(0x000000fe74300000,0x000000fe74400000) (1024K)]
  0x00000208241cb990 JavaThread "Unconstrained build operations Thread 25"        [_thread_blocked, id=30252, stack(0x000000fe74400000,0x000000fe74500000) (1024K)]
  0x00000208241ce780 JavaThread "Unconstrained build operations Thread 26"        [_thread_blocked, id=4652, stack(0x000000fe74500000,0x000000fe74600000) (1024K)]
  0x00000208241ce0f0 JavaThread "Unconstrained build operations Thread 27"        [_thread_blocked, id=27460, stack(0x000000fe74600000,0x000000fe74700000) (1024K)]
  0x00000208241cb300 JavaThread "Unconstrained build operations Thread 28"        [_thread_blocked, id=30420, stack(0x000000fe74700000,0x000000fe74800000) (1024K)]
  0x00000208241cfb30 JavaThread "Unconstrained build operations Thread 29"        [_thread_blocked, id=24080, stack(0x000000fe74800000,0x000000fe74900000) (1024K)]
  0x00000208241d1570 JavaThread "Unconstrained build operations Thread 30"        [_thread_blocked, id=5280, stack(0x000000fe74900000,0x000000fe74a00000) (1024K)]
  0x00000208241cf4a0 JavaThread "Unconstrained build operations Thread 31"        [_thread_blocked, id=15908, stack(0x000000fe74a00000,0x000000fe74b00000) (1024K)]
  0x00000208241d01c0 JavaThread "Unconstrained build operations Thread 32"        [_thread_blocked, id=24912, stack(0x000000fe74b00000,0x000000fe74c00000) (1024K)]
  0x00000208241cee10 JavaThread "Unconstrained build operations Thread 33"        [_thread_blocked, id=1908, stack(0x000000fe74c00000,0x000000fe74d00000) (1024K)]
  0x00000208241d0850 JavaThread "Unconstrained build operations Thread 34"        [_thread_blocked, id=22864, stack(0x000000fe74d00000,0x000000fe74e00000) (1024K)]
  0x00000208241d0ee0 JavaThread "Unconstrained build operations Thread 35"        [_thread_blocked, id=23952, stack(0x000000fe74e00000,0x000000fe74f00000) (1024K)]
  0x00000208241d2290 JavaThread "Unconstrained build operations Thread 36"        [_thread_blocked, id=22656, stack(0x000000fe74f00000,0x000000fe75000000) (1024K)]
  0x00000208241d1c00 JavaThread "Unconstrained build operations Thread 37"        [_thread_blocked, id=16960, stack(0x000000fe75000000,0x000000fe75100000) (1024K)]
  0x0000020826761140 JavaThread "Unconstrained build operations Thread 38"        [_thread_blocked, id=20008, stack(0x000000fe75100000,0x000000fe75200000) (1024K)]
  0x0000020826760420 JavaThread "Unconstrained build operations Thread 39"        [_thread_blocked, id=18864, stack(0x000000fe75200000,0x000000fe75300000) (1024K)]
  0x0000020826760ab0 JavaThread "Unconstrained build operations Thread 40"        [_thread_blocked, id=28224, stack(0x000000fe75300000,0x000000fe75400000) (1024K)]
  0x000002082675fd90 JavaThread "build event listener"              [_thread_blocked, id=30076, stack(0x000000fe75400000,0x000000fe75500000) (1024K)]
  0x000002082675f700 JavaThread "Memory manager"                    [_thread_blocked, id=9100, stack(0x000000fe75500000,0x000000fe75600000) (1024K)]
  0x000002082675f070 JavaThread "build event listener"              [_thread_blocked, id=27644, stack(0x000000fe75600000,0x000000fe75700000) (1024K)]
  0x0000020822f663b0 JavaThread "C2 CompilerThread3"         daemon [_thread_blocked, id=25852, stack(0x000000fe72400000,0x000000fe72500000) (1024K)]
  0x0000020826764c50 JavaThread "pool-3-thread-1"                   [_thread_blocked, id=20048, stack(0x000000fe75700000,0x000000fe75800000) (1024K)]
  0x00000208267652e0 JavaThread "build event listener"              [_thread_blocked, id=19056, stack(0x000000fe75800000,0x000000fe75900000) (1024K)]
  0x000002082edce6c0 JavaThread "included builds"                   [_thread_blocked, id=24580, stack(0x000000fe75900000,0x000000fe75a00000) (1024K)]
  0x000002082edced50 JavaThread "Execution worker"                  [_thread_blocked, id=9516, stack(0x000000fe75a00000,0x000000fe75b00000) (1024K)]
  0x000002082edccc80 JavaThread "Execution worker Thread 2"         [_thread_in_vm, id=29440, stack(0x000000fe75b00000,0x000000fe75c00000) (1024K)]
  0x000002082edcd9a0 JavaThread "Execution worker Thread 3"         [_thread_blocked, id=18912, stack(0x000000fe75c00000,0x000000fe75d00000) (1024K)]
  0x000002082edcfa70 JavaThread "Execution worker Thread 4"         [_thread_blocked, id=25416, stack(0x000000fe75d00000,0x000000fe75e00000) (1024K)]
  0x000002082edcf3e0 JavaThread "Execution worker Thread 5"         [_thread_blocked, id=23928, stack(0x000000fe75e00000,0x000000fe75f00000) (1024K)]
  0x000002082edcc5f0 JavaThread "Execution worker Thread 6"         [_thread_blocked, id=2568, stack(0x000000fe75f00000,0x000000fe76000000) (1024K)]
  0x000002082edd0100 JavaThread "Execution worker Thread 7"         [_thread_blocked, id=28836, stack(0x000000fe76000000,0x000000fe76100000) (1024K)]
  0x000002082edd0790 JavaThread "Execution worker Thread 8"         [_thread_blocked, id=14100, stack(0x000000fe76100000,0x000000fe76200000) (1024K)]
  0x000002082edce030 JavaThread "Execution worker Thread 9"         [_thread_blocked, id=14040, stack(0x000000fe76200000,0x000000fe76300000) (1024K)]
  0x000002082edcd310 JavaThread "Execution worker Thread 10"        [_thread_blocked, id=19564, stack(0x000000fe76300000,0x000000fe76400000) (1024K)]
  0x000002082edd0e20 JavaThread "Execution worker Thread 11"        [_thread_blocked, id=14144, stack(0x000000fe76400000,0x000000fe76500000) (1024K)]
  0x000002082edd14b0 JavaThread "Execution worker Thread 12"        [_thread_blocked, id=20908, stack(0x000000fe76500000,0x000000fe76600000) (1024K)]
  0x000002082edd3580 JavaThread "Execution worker Thread 13"        [_thread_blocked, id=5904, stack(0x000000fe76600000,0x000000fe76700000) (1024K)]
  0x000002082edd1b40 JavaThread "Execution worker Thread 14"        [_thread_blocked, id=19996, stack(0x000000fe76700000,0x000000fe76800000) (1024K)]
  0x000002082edd2ef0 JavaThread "Execution worker Thread 15"        [_thread_blocked, id=29628, stack(0x000000fe76800000,0x000000fe76900000) (1024K)]
  0x000002082edd21d0 JavaThread "Cache worker for execution history cache (C:\Users\sabda\AndroidStudioProjects\HospitalApp\.gradle\8.7\executionHistory)"        [_thread_blocked, id=29480, stack(0x000000fe76900000,0x000000fe76a00000) (1024K)]
  0x000002082edd3c10 JavaThread "Unconstrained build operations Thread 41"        [_thread_blocked, id=5592, stack(0x000000fe76a00000,0x000000fe76b00000) (1024K)]
  0x000002082e4c8920 JavaThread "Unconstrained build operations Thread 42"        [_thread_blocked, id=3240, stack(0x000000fe76b00000,0x000000fe76c00000) (1024K)]
  0x000002082e4c8fb0 JavaThread "Unconstrained build operations Thread 43"        [_thread_blocked, id=22960, stack(0x000000fe76c00000,0x000000fe76d00000) (1024K)]
  0x000002082e4c7570 JavaThread "Unconstrained build operations Thread 44"        [_thread_blocked, id=11212, stack(0x000000fe76d00000,0x000000fe76e00000) (1024K)]
  0x000002082e4c9640 JavaThread "Unconstrained build operations Thread 45"        [_thread_blocked, id=19444, stack(0x000000fe76e00000,0x000000fe76f00000) (1024K)]
  0x000002082e4c9cd0 JavaThread "Unconstrained build operations Thread 46"        [_thread_blocked, id=19832, stack(0x000000fe76f00000,0x000000fe77000000) (1024K)]
  0x000002082e4cb080 JavaThread "Unconstrained build operations Thread 47"        [_thread_blocked, id=13092, stack(0x000000fe77000000,0x000000fe77100000) (1024K)]
  0x000002082e4ca360 JavaThread "Unconstrained build operations Thread 48"        [_thread_blocked, id=9484, stack(0x000000fe77100000,0x000000fe77200000) (1024K)]
  0x000002082e4ca9f0 JavaThread "Unconstrained build operations Thread 49"        [_thread_blocked, id=13124, stack(0x000000fe77200000,0x000000fe77300000) (1024K)]
  0x000002082e4c7c00 JavaThread "Unconstrained build operations Thread 50"        [_thread_blocked, id=17756, stack(0x000000fe77300000,0x000000fe77400000) (1024K)]
  0x000002082e4cb710 JavaThread "Unconstrained build operations Thread 51"        [_thread_blocked, id=23688, stack(0x000000fe77400000,0x000000fe77500000) (1024K)]
  0x000002082e4c8290 JavaThread "Unconstrained build operations Thread 52"        [_thread_blocked, id=19972, stack(0x000000fe77500000,0x000000fe77600000) (1024K)]
  0x000002082e4ce500 JavaThread "Unconstrained build operations Thread 53"        [_thread_blocked, id=15388, stack(0x000000fe77600000,0x000000fe77700000) (1024K)]
  0x000002082e4cbda0 JavaThread "Unconstrained build operations Thread 54"        [_thread_blocked, id=16464, stack(0x000000fe77700000,0x000000fe77800000) (1024K)]
  0x000002082e4cde70 JavaThread "Unconstrained build operations Thread 55"        [_thread_blocked, id=17992, stack(0x000000fe77800000,0x000000fe77900000) (1024K)]
  0x000002082e4cc430 JavaThread "Unconstrained build operations Thread 56"        [_thread_blocked, id=15220, stack(0x000000fe77900000,0x000000fe77a00000) (1024K)]
  0x000002082e4ccac0 JavaThread "Unconstrained build operations Thread 57"        [_thread_blocked, id=19696, stack(0x000000fe77a00000,0x000000fe77b00000) (1024K)]
  0x000002082e4cd150 JavaThread "Unconstrained build operations Thread 58"        [_thread_blocked, id=18516, stack(0x000000fe77b00000,0x000000fe77c00000) (1024K)]
  0x000002082e4cd7e0 JavaThread "Unconstrained build operations Thread 59"        [_thread_blocked, id=19396, stack(0x000000fe77c00000,0x000000fe77d00000) (1024K)]
  0x00000208268d4f40 JavaThread "Unconstrained build operations Thread 60"        [_thread_blocked, id=24484, stack(0x000000fe77d00000,0x000000fe77e00000) (1024K)]
  0x000002082ee67380 JavaThread "Unconstrained build operations Thread 61"        [_thread_blocked, id=10324, stack(0x000000fe77e00000,0x000000fe77f00000) (1024K)]
  0x000002082f12a520 JavaThread "Unconstrained build operations Thread 62"        [_thread_blocked, id=9060, stack(0x000000fe77f00000,0x000000fe78000000) (1024K)]
  0x000002082f12abb0 JavaThread "Unconstrained build operations Thread 63"        [_thread_blocked, id=28264, stack(0x000000fe78000000,0x000000fe78100000) (1024K)]
  0x000002082f127dc0 JavaThread "Unconstrained build operations Thread 64"        [_thread_blocked, id=24260, stack(0x000000fe78100000,0x000000fe78200000) (1024K)]
  0x000002082f12b240 JavaThread "Unconstrained build operations Thread 65"        [_thread_blocked, id=10528, stack(0x000000fe78200000,0x000000fe78300000) (1024K)]
  0x000002082f12b8d0 JavaThread "Unconstrained build operations Thread 66"        [_thread_blocked, id=27352, stack(0x000000fe78300000,0x000000fe78400000) (1024K)]
  0x000002082f128450 JavaThread "Unconstrained build operations Thread 67"        [_thread_blocked, id=26992, stack(0x000000fe78400000,0x000000fe78500000) (1024K)]
  0x000002082f12bf60 JavaThread "Unconstrained build operations Thread 68"        [_thread_blocked, id=20660, stack(0x000000fe78500000,0x000000fe78600000) (1024K)]
  0x000002082f128ae0 JavaThread "Unconstrained build operations Thread 69"        [_thread_blocked, id=408, stack(0x000000fe78600000,0x000000fe78700000) (1024K)]
  0x000002082f12c5f0 JavaThread "Unconstrained build operations Thread 70"        [_thread_blocked, id=29488, stack(0x000000fe78700000,0x000000fe78800000) (1024K)]
  0x000002082f12cc80 JavaThread "Unconstrained build operations Thread 71"        [_thread_blocked, id=25216, stack(0x000000fe78800000,0x000000fe78900000) (1024K)]
  0x000002082f129800 JavaThread "Unconstrained build operations Thread 72"        [_thread_blocked, id=23668, stack(0x000000fe78900000,0x000000fe78a00000) (1024K)]
  0x000002082f12f3e0 JavaThread "Unconstrained build operations Thread 73"        [_thread_blocked, id=19756, stack(0x000000fe78a00000,0x000000fe78b00000) (1024K)]
  0x000002082f12e030 JavaThread "Unconstrained build operations Thread 74"        [_thread_blocked, id=2976, stack(0x000000fe78b00000,0x000000fe78c00000) (1024K)]
  0x000002082f12fa70 JavaThread "Unconstrained build operations Thread 75"        [_thread_blocked, id=7184, stack(0x000000fe78c00000,0x000000fe78d00000) (1024K)]
  0x000002082f130100 JavaThread "Unconstrained build operations Thread 76"        [_thread_blocked, id=25392, stack(0x000000fe78d00000,0x000000fe78e00000) (1024K)]
  0x000002082f12d310 JavaThread "Unconstrained build operations Thread 77"        [_thread_blocked, id=28644, stack(0x000000fe78e00000,0x000000fe78f00000) (1024K)]
  0x000002082f12e6c0 JavaThread "Unconstrained build operations Thread 78"        [_thread_blocked, id=10348, stack(0x000000fe78f00000,0x000000fe79000000) (1024K)]
  0x000002082f130790 JavaThread "Unconstrained build operations Thread 79"        [_thread_blocked, id=16988, stack(0x000000fe79000000,0x000000fe79100000) (1024K)]
  0x000002082f130e20 JavaThread "Unconstrained build operations Thread 80"        [_thread_blocked, id=26488, stack(0x000000fe79100000,0x000000fe79200000) (1024K)]
  0x000002082f12d9a0 JavaThread "Unconstrained build operations Thread 81"        [_thread_in_vm, id=7032, stack(0x000000fe79200000,0x000000fe79300000) (1024K)]
  0x000002082f131b40 JavaThread "Unconstrained build operations Thread 82"        [_thread_blocked, id=29944, stack(0x000000fe79300000,0x000000fe79400000) (1024K)]
  0x000002082f1321d0 JavaThread "Unconstrained build operations Thread 83"        [_thread_blocked, id=7644, stack(0x000000fe79400000,0x000000fe79500000) (1024K)]
  0x000002082f1314b0 JavaThread "Unconstrained build operations Thread 84"        [_thread_in_vm, id=1872, stack(0x000000fe79500000,0x000000fe79600000) (1024K)]
  0x000002082f133c10 JavaThread "Unconstrained build operations Thread 85"        [_thread_blocked, id=29992, stack(0x000000fe79600000,0x000000fe79700000) (1024K)]
  0x000002082f134930 JavaThread "Unconstrained build operations Thread 86"        [_thread_blocked, id=16412, stack(0x000000fe79700000,0x000000fe79800000) (1024K)]
  0x000002082f132860 JavaThread "Unconstrained build operations Thread 87"        [_thread_blocked, id=23932, stack(0x000000fe79800000,0x000000fe79900000) (1024K)]
  0x000002082f135650 JavaThread "Unconstrained build operations Thread 88"        [_thread_blocked, id=14428, stack(0x000000fe79900000,0x000000fe79a00000) (1024K)]
  0x000002082f1342a0 JavaThread "Unconstrained build operations Thread 89"        [_thread_blocked, id=19244, stack(0x000000fe79a00000,0x000000fe79b00000) (1024K)]
  0x000002082f136370 JavaThread "Unconstrained build operations Thread 90"        [_thread_blocked, id=15540, stack(0x000000fe79b00000,0x000000fe79c00000) (1024K)]
  0x000002082f135ce0 JavaThread "Unconstrained build operations Thread 91"        [_thread_blocked, id=24328, stack(0x000000fe79c00000,0x000000fe79d00000) (1024K)]
  0x000002082f132ef0 JavaThread "Unconstrained build operations Thread 92"        [_thread_blocked, id=11944, stack(0x000000fe79d00000,0x000000fe79e00000) (1024K)]
  0x000002082f1270a0 JavaThread "Unconstrained build operations Thread 93"        [_thread_blocked, id=26484, stack(0x000000fe79e00000,0x000000fe79f00000) (1024K)]
  0x000002082f129170 JavaThread "Unconstrained build operations Thread 94"        [_thread_in_vm, id=14948, stack(0x000000fe79f00000,0x000000fe7a000000) (1024K)]
  0x000002082f129e90 JavaThread "Unconstrained build operations Thread 95"        [_thread_in_vm, id=22956, stack(0x000000fe7a000000,0x000000fe7a100000) (1024K)]
  0x000002082f134fc0 JavaThread "Unconstrained build operations Thread 96"        [_thread_in_vm, id=29188, stack(0x000000fe7a100000,0x000000fe7a200000) (1024K)]
  0x000002082f133580 JavaThread "Unconstrained build operations Thread 97"        [_thread_blocked, id=15964, stack(0x000000fe7a200000,0x000000fe7a300000) (1024K)]
  0x000002082ee69450 JavaThread "Unconstrained build operations Thread 98"        [_thread_in_vm, id=6268, stack(0x000000fe7a300000,0x000000fe7a400000) (1024K)]
  0x000002082ee65fd0 JavaThread "Unconstrained build operations Thread 99"        [_thread_blocked, id=28596, stack(0x000000fe7a400000,0x000000fe7a500000) (1024K)]
  0x000002082ee68dc0 JavaThread "Unconstrained build operations Thread 100"        [_thread_blocked, id=29428, stack(0x000000fe7a500000,0x000000fe7a600000) (1024K)]
  0x000002082ee66660 JavaThread "Unconstrained build operations Thread 101"        [_thread_blocked, id=26772, stack(0x000000fe7a600000,0x000000fe7a700000) (1024K)]
  0x000002082ee680a0 JavaThread "Unconstrained build operations Thread 102"        [_thread_blocked, id=3012, stack(0x000000fe7a700000,0x000000fe7a800000) (1024K)]
  0x000002082ee68730 JavaThread "Unconstrained build operations Thread 103"        [_thread_in_vm, id=6568, stack(0x000000fe7a800000,0x000000fe7a900000) (1024K)]
  0x000002082ee69ae0 JavaThread "Unconstrained build operations Thread 104"        [_thread_blocked, id=26336, stack(0x000000fe7a900000,0x000000fe7aa00000) (1024K)]
  0x000002082ee66cf0 JavaThread "Unconstrained build operations Thread 105"        [_thread_blocked, id=7240, stack(0x000000fe7aa00000,0x000000fe7ab00000) (1024K)]
  0x000002082ee6a170 JavaThread "Unconstrained build operations Thread 106"        [_thread_in_vm, id=18596, stack(0x000000fe7ab00000,0x000000fe7ac00000) (1024K)]
  0x000002082ee6a800 JavaThread "Unconstrained build operations Thread 107"        [_thread_blocked, id=13344, stack(0x000000fe7ac00000,0x000000fe7ad00000) (1024K)]
  0x000002082ee6ae90 JavaThread "Unconstrained build operations Thread 108"        [_thread_blocked, id=7796, stack(0x000000fe7ad00000,0x000000fe7ae00000) (1024K)]
  0x000002082ee67a10 JavaThread "Unconstrained build operations Thread 109"        [_thread_blocked, id=25284, stack(0x000000fe7ae00000,0x000000fe7af00000) (1024K)]
  0x000002082ee6c240 JavaThread "Unconstrained build operations Thread 110"        [_thread_blocked, id=23732, stack(0x000000fe7af00000,0x000000fe7b000000) (1024K)]
  0x000002082ee6cf60 JavaThread "Unconstrained build operations Thread 111"        [_thread_blocked, id=29204, stack(0x000000fe7b000000,0x000000fe7b100000) (1024K)]
  0x000002082ee6b520 JavaThread "Unconstrained build operations Thread 112"        [_thread_blocked, id=6916, stack(0x000000fe7b100000,0x000000fe7b200000) (1024K)]
  0x000002082ee6bbb0 JavaThread "Unconstrained build operations Thread 113"        [_thread_blocked, id=26512, stack(0x000000fe7b200000,0x000000fe7b300000) (1024K)]
  0x000002082ee6c8d0 JavaThread "Unconstrained build operations Thread 114"        [_thread_blocked, id=25472, stack(0x000000fe7b300000,0x000000fe7b400000) (1024K)]
  0x000002082ee6d5f0 JavaThread "Unconstrained build operations Thread 115"        [_thread_blocked, id=11400, stack(0x000000fe7b400000,0x000000fe7b500000) (1024K)]
  0x0000020827c0ad70 JavaThread "Unconstrained build operations Thread 116"        [_thread_blocked, id=29216, stack(0x000000fe7b500000,0x000000fe7b600000) (1024K)]
  0x0000020827c0b400 JavaThread "Unconstrained build operations Thread 117"        [_thread_blocked, id=11580, stack(0x000000fe7b600000,0x000000fe7b700000) (1024K)]
  0x0000020827c07f80 JavaThread "Unconstrained build operations Thread 118"        [_thread_blocked, id=30596, stack(0x000000fe7b700000,0x000000fe7b800000) (1024K)]
  0x0000020827c0a6e0 JavaThread "Unconstrained build operations Thread 119"        [_thread_blocked, id=23864, stack(0x000000fe7b800000,0x000000fe7b900000) (1024K)]
  0x0000020827c0ba90 JavaThread "Unconstrained build operations Thread 120"        [_thread_blocked, id=18220, stack(0x000000fe7b900000,0x000000fe7ba00000) (1024K)]
  0x0000020827c099c0 JavaThread "Unconstrained build operations Thread 121"        [_thread_blocked, id=12760, stack(0x000000fe7ba00000,0x000000fe7bb00000) (1024K)]
  0x0000020827c08610 JavaThread "Unconstrained build operations Thread 122"        [_thread_blocked, id=6292, stack(0x000000fe7bb00000,0x000000fe7bc00000) (1024K)]
  0x0000020827c0c120 JavaThread "Unconstrained build operations Thread 123"        [_thread_blocked, id=7496, stack(0x000000fe7bc00000,0x000000fe7bd00000) (1024K)]
  0x0000020827c0a050 JavaThread "Unconstrained build operations Thread 124"        [_thread_blocked, id=27384, stack(0x000000fe7bd00000,0x000000fe7be00000) (1024K)]
  0x0000020827c08ca0 JavaThread "Unconstrained build operations Thread 125"        [_thread_blocked, id=16160, stack(0x000000fe7be00000,0x000000fe7bf00000) (1024K)]
  0x0000020827c0c7b0 JavaThread "Unconstrained build operations Thread 126"        [_thread_blocked, id=6056, stack(0x000000fe7bf00000,0x000000fe7c000000) (1024K)]
  0x0000020827c09330 JavaThread "Unconstrained build operations Thread 127"        [_thread_blocked, id=6212, stack(0x000000fe7c000000,0x000000fe7c100000) (1024K)]
  0x0000020827c102c0 JavaThread "Unconstrained build operations Thread 128"        [_thread_blocked, id=25140, stack(0x000000fe7c100000,0x000000fe7c200000) (1024K)]
  0x0000020827c0db60 JavaThread "Unconstrained build operations Thread 129"        [_thread_blocked, id=28888, stack(0x000000fe7c200000,0x000000fe7c300000) (1024K)]
  0x0000020827c0ef10 JavaThread "Unconstrained build operations Thread 130"        [_thread_blocked, id=30120, stack(0x000000fe7c300000,0x000000fe7c400000) (1024K)]
  0x0000020827c0ce40 JavaThread "Unconstrained build operations Thread 131"        [_thread_blocked, id=24404, stack(0x000000fe7c400000,0x000000fe7c500000) (1024K)]
  0x0000020827c0f5a0 JavaThread "Unconstrained build operations Thread 132"        [_thread_blocked, id=16084, stack(0x000000fe7c500000,0x000000fe7c600000) (1024K)]
  0x0000020827c0fc30 JavaThread "Unconstrained build operations Thread 133"        [_thread_blocked, id=21980, stack(0x000000fe7c600000,0x000000fe7c700000) (1024K)]
  0x0000020827c0d4d0 JavaThread "Unconstrained build operations Thread 134"        [_thread_blocked, id=27620, stack(0x000000fe7c700000,0x000000fe7c800000) (1024K)]
  0x0000020827c10950 JavaThread "Unconstrained build operations Thread 135"        [_thread_blocked, id=12012, stack(0x000000fe7c800000,0x000000fe7c900000) (1024K)]
  0x0000020827c0e1f0 JavaThread "Unconstrained build operations Thread 136"        [_thread_blocked, id=26792, stack(0x000000fe7c900000,0x000000fe7ca00000) (1024K)]
  0x0000020827c10fe0 JavaThread "Unconstrained build operations Thread 137"        [_thread_blocked, id=18804, stack(0x000000fe7ca00000,0x000000fe7cb00000) (1024K)]
  0x0000020827c11670 JavaThread "Unconstrained build operations Thread 138"        [_thread_blocked, id=15764, stack(0x000000fe7cb00000,0x000000fe7cc00000) (1024K)]
  0x0000020827c15180 JavaThread "Unconstrained build operations Thread 139"        [_thread_blocked, id=15256, stack(0x000000fe7cc00000,0x000000fe7cd00000) (1024K)]
  0x0000020827c11d00 JavaThread "Unconstrained build operations Thread 140"        [_thread_blocked, id=23244, stack(0x000000fe7cd00000,0x000000fe7ce00000) (1024K)]
  0x0000020827c14460 JavaThread "Unconstrained build operations Thread 141"        [_thread_blocked, id=24320, stack(0x000000fe7ce00000,0x000000fe7cf00000) (1024K)]
  0x0000020827c0e880 JavaThread "Unconstrained build operations Thread 142"        [_thread_blocked, id=23736, stack(0x000000fe7cf00000,0x000000fe7d000000) (1024K)]
  0x0000020827c12390 JavaThread "Unconstrained build operations Thread 143"        [_thread_blocked, id=23776, stack(0x000000fe7d000000,0x000000fe7d100000) (1024K)]
  0x0000020827c13dd0 JavaThread "Unconstrained build operations Thread 144"        [_thread_blocked, id=14288, stack(0x000000fe7d100000,0x000000fe7d200000) (1024K)]
  0x0000020827c130b0 JavaThread "Unconstrained build operations Thread 145"        [_thread_blocked, id=29560, stack(0x000000fe7d200000,0x000000fe7d300000) (1024K)]
  0x0000020827c13740 JavaThread "Unconstrained build operations Thread 146"        [_thread_blocked, id=17600, stack(0x000000fe7d300000,0x000000fe7d400000) (1024K)]
  0x0000020827c14af0 JavaThread "Unconstrained build operations Thread 147"        [_thread_blocked, id=16548, stack(0x000000fe7d400000,0x000000fe7d500000) (1024K)]
  0x0000020827c15810 JavaThread "Unconstrained build operations Thread 148"        [_thread_blocked, id=5832, stack(0x000000fe7d500000,0x000000fe7d600000) (1024K)]
  0x0000020827c15ea0 JavaThread "Unconstrained build operations Thread 149"        [_thread_blocked, id=13916, stack(0x000000fe7d600000,0x000000fe7d700000) (1024K)]
  0x0000020827c12a20 JavaThread "Unconstrained build operations Thread 150"        [_thread_blocked, id=24048, stack(0x000000fe7d700000,0x000000fe7d800000) (1024K)]
  0x0000020827c16530 JavaThread "Unconstrained build operations Thread 151"        [_thread_blocked, id=19872, stack(0x000000fe7d800000,0x000000fe7d900000) (1024K)]
  0x0000020827c16bc0 JavaThread "Unconstrained build operations Thread 152"        [_thread_blocked, id=18044, stack(0x000000fe7d900000,0x000000fe7da00000) (1024K)]
  0x0000020827c17250 JavaThread "Unconstrained build operations Thread 153"        [_thread_blocked, id=18052, stack(0x000000fe7da00000,0x000000fe7db00000) (1024K)]
  0x000002082f127730 JavaThread "Unconstrained build operations Thread 154"        [_thread_blocked, id=18224, stack(0x000000fe7db00000,0x000000fe7dc00000) (1024K)]
  0x000002082e1d09b0 JavaThread "Unconstrained build operations Thread 155"        [_thread_blocked, id=10600, stack(0x000000fe7dc00000,0x000000fe7dd00000) (1024K)]
  0x000002082e1d16d0 JavaThread "Unconstrained build operations Thread 156"        [_thread_blocked, id=5956, stack(0x000000fe7dd00000,0x000000fe7de00000) (1024K)]
  0x000002082e1d0320 JavaThread "Unconstrained build operations Thread 157"        [_thread_blocked, id=14680, stack(0x000000fe7de00000,0x000000fe7df00000) (1024K)]
  0x000002082e1d1040 JavaThread "Unconstrained build operations Thread 158"        [_thread_blocked, id=16864, stack(0x000000fe7df00000,0x000000fe7e000000) (1024K)]
  0x000002082e1cef70 JavaThread "Unconstrained build operations Thread 159"        [_thread_blocked, id=14964, stack(0x000000fe7e000000,0x000000fe7e100000) (1024K)]
  0x000002082e1cf600 JavaThread "Unconstrained build operations Thread 160"        [_thread_blocked, id=9816, stack(0x000000fe7e100000,0x000000fe7e200000) (1024K)]
  0x000002082e1cfc90 JavaThread "WorkerExecutor Queue"              [_thread_in_native, id=12320, stack(0x000000fe7e200000,0x000000fe7e300000) (1024K)]
  0x000002082ecef550 JavaThread "C2 CompilerThread4"         daemon [_thread_blocked, id=6000, stack(0x000000fe7e300000,0x000000fe7e400000) (1024K)]
  0x000002082f8bc010 JavaThread "C2 CompilerThread5"         daemon [_thread_in_native, id=20608, stack(0x000000fe7e400000,0x000000fe7e500000) (1024K)]
  0x000002082e1d44c0 JavaThread "RMI Scheduler(0)"           daemon [_thread_blocked, id=16336, stack(0x000000fe7e500000,0x000000fe7e600000) (1024K)]
  0x00000208296db0a0 JavaThread "C2 CompilerThread6"         daemon [_thread_in_native, id=14944, stack(0x000000fe7e800000,0x000000fe7e900000) (1024K)]
  0x000002082e1d51e0 JavaThread "RMI RenewClean-[127.0.0.1:17694,org.jetbrains.kotlin.daemon.common.LoopbackNetworkInterface$ClientLoopbackSocketFactory@56507981]" daemon [_thread_blocked, id=12724, stack(0x000000fe7e900000,0x000000fe7ea00000) (1024K)]
  0x000002082e1d5870 JavaThread "RMI GC Daemon"              daemon [_thread_blocked, id=7740, stack(0x000000fe7ea00000,0x000000fe7eb00000) (1024K)]
  0x000002082e1d5f00 JavaThread "RMI TCP Accept-0"           daemon [_thread_in_native, id=20872, stack(0x000000fe7eb00000,0x000000fe7ec00000) (1024K)]
  0x000002082e1d6c20 JavaThread "RMI Reaper"                        [_thread_blocked, id=24312, stack(0x000000fe7ec00000,0x000000fe7ed00000) (1024K)]
  0x000002082e1d3e30 JavaThread "RMI TCP Connection(1)-127.0.0.1" daemon [_thread_in_native, id=20200, stack(0x000000fe7ed00000,0x000000fe7ee00000) (1024K)]
Total: 238

Other Threads:
  0x000002081c8c4510 VMThread "VM Thread"                           [id=24156, stack(0x000000fe6f000000,0x000000fe6f100000) (1024K)]
  0x000002081c35e4a0 WatcherThread "VM Periodic Task Thread"        [id=4768, stack(0x000000fe6ef00000,0x000000fe6f000000) (1024K)]
  0x0000020804681490 WorkerThread "GC Thread#0"                     [id=820, stack(0x000000fe6ea00000,0x000000fe6eb00000) (1024K)]
  0x00000208213d9810 WorkerThread "GC Thread#1"                     [id=12020, stack(0x000000fe6ff00000,0x000000fe70000000) (1024K)]
  0x00000208213d9bb0 WorkerThread "GC Thread#2"                     [id=15680, stack(0x000000fe70000000,0x000000fe70100000) (1024K)]
  0x0000020821870e00 WorkerThread "GC Thread#3"                     [id=24692, stack(0x000000fe70100000,0x000000fe70200000) (1024K)]
  0x00000208218711a0 WorkerThread "GC Thread#4"                     [id=13720, stack(0x000000fe70200000,0x000000fe70300000) (1024K)]
  0x0000020821871540 WorkerThread "GC Thread#5"                     [id=28908, stack(0x000000fe70300000,0x000000fe70400000) (1024K)]
  0x000002082269dd80 WorkerThread "GC Thread#6"                     [id=12832, stack(0x000000fe70500000,0x000000fe70600000) (1024K)]
  0x000002082269e120 WorkerThread "GC Thread#7"                     [id=4780, stack(0x000000fe70600000,0x000000fe70700000) (1024K)]
  0x0000020821f49cb0 WorkerThread "GC Thread#8"                     [id=8560, stack(0x000000fe71100000,0x000000fe71200000) (1024K)]
  0x0000020821f4a3f0 WorkerThread "GC Thread#9"                     [id=28292, stack(0x000000fe71200000,0x000000fe71300000) (1024K)]
  0x0000020821f4a790 WorkerThread "GC Thread#10"                    [id=29880, stack(0x000000fe71300000,0x000000fe71400000) (1024K)]
  0x0000020821f49910 WorkerThread "GC Thread#11"                    [id=19644, stack(0x000000fe71400000,0x000000fe71500000) (1024K)]
  0x0000020821f4a050 WorkerThread "GC Thread#12"                    [id=7256, stack(0x000000fe71500000,0x000000fe71600000) (1024K)]
  0x00000208046931c0 ConcurrentGCThread "G1 Main Marker"            [id=26004, stack(0x000000fe6eb00000,0x000000fe6ec00000) (1024K)]
  0x0000020804694a80 WorkerThread "G1 Conc#0"                       [id=25588, stack(0x000000fe6ec00000,0x000000fe6ed00000) (1024K)]
  0x0000020821f4ab30 WorkerThread "G1 Conc#1"                       [id=18200, stack(0x000000fe71600000,0x000000fe71700000) (1024K)]
  0x0000020821f4aed0 WorkerThread "G1 Conc#2"                       [id=14660, stack(0x000000fe71700000,0x000000fe71800000) (1024K)]
  0x000002081c2b0200 ConcurrentGCThread "G1 Refine#0"               [id=21432, stack(0x000000fe6ed00000,0x000000fe6ee00000) (1024K)]
  0x000002081c2b0a20 ConcurrentGCThread "G1 Service"                [id=1344, stack(0x000000fe6ee00000,0x000000fe6ef00000) (1024K)]
Total: 21

Threads with active compile tasks:
C2 CompilerThread0  15080 18310  s!   4       org.gradle.internal.classloader.TransformReplacer$JarLoader::loadTransformedClass (56 bytes)
C1 CompilerThread0  15080 18459       3       com.android.tools.r8.internal.Kl::b (157 bytes)
C1 CompilerThread1  15080 18469       3       com.android.tools.r8.internal.Kl::a (412 bytes)
C1 CompilerThread2  15080 18455       3       com.android.tools.r8.ir.optimize.z::a (439 bytes)
C2 CompilerThread1  15080 18088 %     4       com.android.tools.r8.internal.fb::a @ 2716 (6452 bytes)
C1 CompilerThread3  15080 18453       3       com.android.tools.r8.internal.j9::a (48 bytes)
C2 CompilerThread5  15080 17782       4       java.lang.invoke.MethodHandleImpl::makePairwiseConvertByEditor (617 bytes)
C2 CompilerThread6  15080 18058 %     4       com.android.tools.r8.internal.fb::a @ 1826 (5041 bytes)
Total: 8

VM state: not at safepoint (normal execution)

VM Mutex/Monitor currently owned by a thread:  ([mutex/lock_event])
[0x00007ff95b7d6490] Metaspace_lock - owner thread: 0x000002081caa8690

Heap address: 0x0000000080000000, size: 2048 MB, Compressed Oops mode: 32-bit

CDS archive(s) not mapped
Compressed class space mapped at: 0x0000000100000000-0x0000000140000000, reserved size: 1073741824
Narrow klass base: 0x0000000000000000, Narrow klass shift: 3, Narrow klass range: 0x140000000

GC Precious Log:
 CardTable entry size: 512
 Card Set container configuration: InlinePtr #cards 5 size 8 Array Of Cards #cards 12 size 40 Howl #buckets 4 coarsen threshold 1843 Howl Bitmap #cards 512 size 80 coarsen threshold 460 Card regions per heap region 1 cards per card region 2048
 CPUs: 16 total, 16 available
 Memory: 16151M
 Large Page Support: Disabled
 NUMA Support: Disabled
 Compressed Oops: Enabled (32-bit)
 Heap Region Size: 1M
 Heap Min Capacity: 8M
 Heap Initial Capacity: 254M
 Heap Max Capacity: 2G
 Pre-touch: Disabled
 Parallel Workers: 13
 Concurrent Workers: 3
 Concurrent Refinement Workers: 13
 Periodic GC: Disabled

Heap:
 garbage-first heap   total 581632K, used 266190K [0x0000000080000000, 0x0000000100000000)
  region size 1024K, 68 young (69632K), 12 survivors (12288K)
 Metaspace       used 135724K, committed 137856K, reserved 1179648K
  class space    used 19231K, committed 20288K, reserved 1048576K

Heap Regions: E=young(eden), S=young(survivor), O=old, HS=humongous(starts), HC=humongous(continues), CS=collection set, F=free, TAMS=top-at-mark-start, PB=parsable bottom
|   0|0x0000000080000000, 0x0000000080100000, 0x0000000080100000|100%| O|  |TAMS 0x0000000080000000| PB 0x0000000080000000| Untracked 
|   1|0x0000000080100000, 0x0000000080200000, 0x0000000080200000|100%|HS|  |TAMS 0x0000000080100000| PB 0x0000000080100000| Complete 
|   2|0x0000000080200000, 0x0000000080300000, 0x0000000080300000|100%|HC|  |TAMS 0x0000000080200000| PB 0x0000000080200000| Complete 
|   3|0x0000000080300000, 0x0000000080400000, 0x0000000080400000|100%|HC|  |TAMS 0x0000000080300000| PB 0x0000000080300000| Complete 
|   4|0x0000000080400000, 0x0000000080500000, 0x0000000080500000|100%|HC|  |TAMS 0x0000000080400000| PB 0x0000000080400000| Complete 
|   5|0x0000000080500000, 0x0000000080600000, 0x0000000080600000|100%| O|  |TAMS 0x0000000080500000| PB 0x0000000080500000| Untracked 
|   6|0x0000000080600000, 0x0000000080700000, 0x0000000080700000|100%| O|  |TAMS 0x0000000080600000| PB 0x0000000080600000| Untracked 
|   7|0x0000000080700000, 0x0000000080800000, 0x0000000080800000|100%| O|  |TAMS 0x0000000080700000| PB 0x0000000080700000| Untracked 
|   8|0x0000000080800000, 0x0000000080900000, 0x0000000080900000|100%| O|  |TAMS 0x0000000080800000| PB 0x0000000080800000| Untracked 
|   9|0x0000000080900000, 0x0000000080a00000, 0x0000000080a00000|100%| O|  |TAMS 0x0000000080900000| PB 0x0000000080900000| Untracked 
|  10|0x0000000080a00000, 0x0000000080b00000, 0x0000000080b00000|100%| O|  |TAMS 0x0000000080a00000| PB 0x0000000080a00000| Untracked 
|  11|0x0000000080b00000, 0x0000000080c00000, 0x0000000080c00000|100%| O|  |TAMS 0x0000000080b00000| PB 0x0000000080b00000| Untracked 
|  12|0x0000000080c00000, 0x0000000080d00000, 0x0000000080d00000|100%| O|  |TAMS 0x0000000080c00000| PB 0x0000000080c00000| Untracked 
|  13|0x0000000080d00000, 0x0000000080e00000, 0x0000000080e00000|100%| O|  |TAMS 0x0000000080d00000| PB 0x0000000080d00000| Untracked 
|  14|0x0000000080e00000, 0x0000000080f00000, 0x0000000080f00000|100%| O|  |TAMS 0x0000000080e00000| PB 0x0000000080e00000| Untracked 
|  15|0x0000000080f00000, 0x0000000081000000, 0x0000000081000000|100%| O|  |TAMS 0x0000000080f00000| PB 0x0000000080f00000| Untracked 
|  16|0x0000000081000000, 0x0000000081100000, 0x0000000081100000|100%| O|  |TAMS 0x0000000081000000| PB 0x0000000081000000| Untracked 
|  17|0x0000000081100000, 0x0000000081200000, 0x0000000081200000|100%| O|  |TAMS 0x0000000081100000| PB 0x0000000081100000| Untracked 
|  18|0x0000000081200000, 0x0000000081300000, 0x0000000081300000|100%| O|  |TAMS 0x0000000081200000| PB 0x0000000081200000| Untracked 
|  19|0x0000000081300000, 0x0000000081400000, 0x0000000081400000|100%| O|  |TAMS 0x0000000081300000| PB 0x0000000081300000| Untracked 
|  20|0x0000000081400000, 0x0000000081500000, 0x0000000081500000|100%| O|  |TAMS 0x0000000081400000| PB 0x0000000081400000| Untracked 
|  21|0x0000000081500000, 0x0000000081600000, 0x0000000081600000|100%| O|  |TAMS 0x0000000081500000| PB 0x0000000081500000| Untracked 
|  22|0x0000000081600000, 0x0000000081700000, 0x0000000081700000|100%| O|  |TAMS 0x0000000081600000| PB 0x0000000081600000| Untracked 
|  23|0x0000000081700000, 0x0000000081800000, 0x0000000081800000|100%| O|  |TAMS 0x0000000081700000| PB 0x0000000081700000| Untracked 
|  24|0x0000000081800000, 0x0000000081900000, 0x0000000081900000|100%| O|  |TAMS 0x0000000081800000| PB 0x0000000081800000| Untracked 
|  25|0x0000000081900000, 0x0000000081a00000, 0x0000000081a00000|100%|HS|  |TAMS 0x0000000081900000| PB 0x0000000081900000| Complete 
|  26|0x0000000081a00000, 0x0000000081b00000, 0x0000000081b00000|100%|HC|  |TAMS 0x0000000081a00000| PB 0x0000000081a00000| Complete 
|  27|0x0000000081b00000, 0x0000000081c00000, 0x0000000081c00000|100%| O|  |TAMS 0x0000000081b00000| PB 0x0000000081b00000| Untracked 
|  28|0x0000000081c00000, 0x0000000081d00000, 0x0000000081d00000|100%| O|  |TAMS 0x0000000081c00000| PB 0x0000000081c00000| Untracked 
|  29|0x0000000081d00000, 0x0000000081e00000, 0x0000000081e00000|100%| O|  |TAMS 0x0000000081d00000| PB 0x0000000081d00000| Untracked 
|  30|0x0000000081e00000, 0x0000000081f00000, 0x0000000081f00000|100%| O|  |TAMS 0x0000000081e00000| PB 0x0000000081e00000| Untracked 
|  31|0x0000000081f00000, 0x0000000082000000, 0x0000000082000000|100%| O|  |TAMS 0x0000000081f00000| PB 0x0000000081f00000| Untracked 
|  32|0x0000000082000000, 0x0000000082100000, 0x0000000082100000|100%| O|  |TAMS 0x0000000082000000| PB 0x0000000082000000| Untracked 
|  33|0x0000000082100000, 0x0000000082200000, 0x0000000082200000|100%| O|  |TAMS 0x0000000082100000| PB 0x0000000082100000| Untracked 
|  34|0x0000000082200000, 0x0000000082300000, 0x0000000082300000|100%|HS|  |TAMS 0x0000000082200000| PB 0x0000000082200000| Complete 
|  35|0x0000000082300000, 0x0000000082400000, 0x0000000082400000|100%|HS|  |TAMS 0x0000000082300000| PB 0x0000000082300000| Complete 
|  36|0x0000000082400000, 0x0000000082500000, 0x0000000082500000|100%|HC|  |TAMS 0x0000000082400000| PB 0x0000000082400000| Complete 
|  37|0x0000000082500000, 0x0000000082600000, 0x0000000082600000|100%| O|  |TAMS 0x0000000082500000| PB 0x0000000082500000| Untracked 
|  38|0x0000000082600000, 0x0000000082700000, 0x0000000082700000|100%| O|  |TAMS 0x0000000082600000| PB 0x0000000082600000| Untracked 
|  39|0x0000000082700000, 0x0000000082800000, 0x0000000082800000|100%| O|  |TAMS 0x0000000082700000| PB 0x0000000082700000| Untracked 
|  40|0x0000000082800000, 0x0000000082900000, 0x0000000082900000|100%|HS|  |TAMS 0x0000000082800000| PB 0x0000000082800000| Complete 
|  41|0x0000000082900000, 0x0000000082a00000, 0x0000000082a00000|100%|HS|  |TAMS 0x0000000082900000| PB 0x0000000082900000| Complete 
|  42|0x0000000082a00000, 0x0000000082b00000, 0x0000000082b00000|100%|HC|  |TAMS 0x0000000082a00000| PB 0x0000000082a00000| Complete 
|  43|0x0000000082b00000, 0x0000000082c00000, 0x0000000082c00000|100%|HS|  |TAMS 0x0000000082b00000| PB 0x0000000082b00000| Complete 
|  44|0x0000000082c00000, 0x0000000082d00000, 0x0000000082d00000|100%| O|  |TAMS 0x0000000082c00000| PB 0x0000000082c00000| Untracked 
|  45|0x0000000082d00000, 0x0000000082e00000, 0x0000000082e00000|100%| O|  |TAMS 0x0000000082d00000| PB 0x0000000082d00000| Untracked 
|  46|0x0000000082e00000, 0x0000000082f00000, 0x0000000082f00000|100%| O|  |TAMS 0x0000000082e00000| PB 0x0000000082e00000| Untracked 
|  47|0x0000000082f00000, 0x0000000083000000, 0x0000000083000000|100%| O|  |TAMS 0x0000000082f00000| PB 0x0000000082f00000| Untracked 
|  48|0x0000000083000000, 0x0000000083100000, 0x0000000083100000|100%| O|  |TAMS 0x0000000083000000| PB 0x0000000083000000| Untracked 
|  49|0x0000000083100000, 0x0000000083200000, 0x0000000083200000|100%| O|  |TAMS 0x0000000083100000| PB 0x0000000083100000| Untracked 
|  50|0x0000000083200000, 0x0000000083300000, 0x0000000083300000|100%| O|  |TAMS 0x0000000083200000| PB 0x0000000083200000| Untracked 
|  51|0x0000000083300000, 0x0000000083400000, 0x0000000083400000|100%| O|  |TAMS 0x0000000083300000| PB 0x0000000083300000| Untracked 
|  52|0x0000000083400000, 0x0000000083500000, 0x0000000083500000|100%| O|  |TAMS 0x0000000083400000| PB 0x0000000083400000| Untracked 
|  53|0x0000000083500000, 0x0000000083500000, 0x0000000083600000|  0%| F|  |TAMS 0x0000000083500000| PB 0x0000000083500000| Untracked 
|  54|0x0000000083600000, 0x0000000083700000, 0x0000000083700000|100%| O|  |TAMS 0x0000000083600000| PB 0x0000000083600000| Untracked 
|  55|0x0000000083700000, 0x0000000083800000, 0x0000000083800000|100%|HS|  |TAMS 0x0000000083700000| PB 0x0000000083700000| Complete 
|  56|0x0000000083800000, 0x0000000083900000, 0x0000000083900000|100%|HS|  |TAMS 0x0000000083800000| PB 0x0000000083800000| Complete 
|  57|0x0000000083900000, 0x0000000083a00000, 0x0000000083a00000|100%|HC|  |TAMS 0x0000000083900000| PB 0x0000000083900000| Complete 
|  58|0x0000000083a00000, 0x0000000083b00000, 0x0000000083b00000|100%|HC|  |TAMS 0x0000000083a00000| PB 0x0000000083a00000| Complete 
|  59|0x0000000083b00000, 0x0000000083c00000, 0x0000000083c00000|100%|HC|  |TAMS 0x0000000083b00000| PB 0x0000000083b00000| Complete 
|  60|0x0000000083c00000, 0x0000000083d00000, 0x0000000083d00000|100%|HS|  |TAMS 0x0000000083c00000| PB 0x0000000083c00000| Complete 
|  61|0x0000000083d00000, 0x0000000083e00000, 0x0000000083e00000|100%| O|  |TAMS 0x0000000083d00000| PB 0x0000000083d00000| Untracked 
|  62|0x0000000083e00000, 0x0000000083f00000, 0x0000000083f00000|100%|HS|  |TAMS 0x0000000083e00000| PB 0x0000000083e00000| Complete 
|  63|0x0000000083f00000, 0x0000000084000000, 0x0000000084000000|100%|HC|  |TAMS 0x0000000083f00000| PB 0x0000000083f00000| Complete 
|  64|0x0000000084000000, 0x0000000084100000, 0x0000000084100000|100%|HC|  |TAMS 0x0000000084000000| PB 0x0000000084000000| Complete 
|  65|0x0000000084100000, 0x0000000084200000, 0x0000000084200000|100%|HC|  |TAMS 0x0000000084100000| PB 0x0000000084100000| Complete 
|  66|0x0000000084200000, 0x0000000084300000, 0x0000000084300000|100%| O|  |TAMS 0x0000000084200000| PB 0x0000000084200000| Untracked 
|  67|0x0000000084300000, 0x0000000084400000, 0x0000000084400000|100%| O|  |TAMS 0x0000000084300000| PB 0x0000000084300000| Untracked 
|  68|0x0000000084400000, 0x0000000084500000, 0x0000000084500000|100%| O|  |TAMS 0x0000000084400000| PB 0x0000000084400000| Untracked 
|  69|0x0000000084500000, 0x0000000084600000, 0x0000000084600000|100%| O|  |TAMS 0x0000000084500000| PB 0x0000000084500000| Untracked 
|  70|0x0000000084600000, 0x0000000084700000, 0x0000000084700000|100%| O|  |TAMS 0x0000000084600000| PB 0x0000000084600000| Untracked 
|  71|0x0000000084700000, 0x0000000084800000, 0x0000000084800000|100%| O|  |TAMS 0x0000000084700000| PB 0x0000000084700000| Untracked 
|  72|0x0000000084800000, 0x0000000084900000, 0x0000000084900000|100%| O|  |TAMS 0x0000000084800000| PB 0x0000000084800000| Untracked 
|  73|0x0000000084900000, 0x0000000084a00000, 0x0000000084a00000|100%| O|  |TAMS 0x0000000084900000| PB 0x0000000084900000| Untracked 
|  74|0x0000000084a00000, 0x0000000084b00000, 0x0000000084b00000|100%| O|  |TAMS 0x0000000084a00000| PB 0x0000000084a00000| Untracked 
|  75|0x0000000084b00000, 0x0000000084c00000, 0x0000000084c00000|100%| O|  |TAMS 0x0000000084b00000| PB 0x0000000084b00000| Untracked 
|  76|0x0000000084c00000, 0x0000000084d00000, 0x0000000084d00000|100%| O|  |TAMS 0x0000000084c00000| PB 0x0000000084c00000| Untracked 
|  77|0x0000000084d00000, 0x0000000084e00000, 0x0000000084e00000|100%| O|  |TAMS 0x0000000084d00000| PB 0x0000000084d00000| Untracked 
|  78|0x0000000084e00000, 0x0000000084f00000, 0x0000000084f00000|100%| O|  |TAMS 0x0000000084e00000| PB 0x0000000084e00000| Untracked 
|  79|0x0000000084f00000, 0x0000000085000000, 0x0000000085000000|100%| O|  |TAMS 0x0000000084f00000| PB 0x0000000084f00000| Untracked 
|  80|0x0000000085000000, 0x0000000085100000, 0x0000000085100000|100%| O|  |TAMS 0x0000000085000000| PB 0x0000000085000000| Untracked 
|  81|0x0000000085100000, 0x0000000085200000, 0x0000000085200000|100%| O|  |TAMS 0x0000000085100000| PB 0x0000000085100000| Untracked 
|  82|0x0000000085200000, 0x0000000085300000, 0x0000000085300000|100%| O|  |TAMS 0x0000000085200000| PB 0x0000000085200000| Untracked 
|  83|0x0000000085300000, 0x0000000085400000, 0x0000000085400000|100%| O|  |TAMS 0x0000000085300000| PB 0x0000000085300000| Untracked 
|  84|0x0000000085400000, 0x0000000085500000, 0x0000000085500000|100%| O|  |TAMS 0x0000000085400000| PB 0x0000000085400000| Untracked 
|  85|0x0000000085500000, 0x0000000085600000, 0x0000000085600000|100%| O|  |TAMS 0x0000000085500000| PB 0x0000000085500000| Untracked 
|  86|0x0000000085600000, 0x0000000085700000, 0x0000000085700000|100%| O|  |TAMS 0x0000000085600000| PB 0x0000000085600000| Untracked 
|  87|0x0000000085700000, 0x0000000085800000, 0x0000000085800000|100%| O|  |TAMS 0x0000000085700000| PB 0x0000000085700000| Untracked 
|  88|0x0000000085800000, 0x0000000085900000, 0x0000000085900000|100%| O|  |TAMS 0x0000000085800000| PB 0x0000000085800000| Untracked 
|  89|0x0000000085900000, 0x0000000085a00000, 0x0000000085a00000|100%| O|  |TAMS 0x0000000085900000| PB 0x0000000085900000| Untracked 
|  90|0x0000000085a00000, 0x0000000085b00000, 0x0000000085b00000|100%| O|  |TAMS 0x0000000085a00000| PB 0x0000000085a00000| Untracked 
|  91|0x0000000085b00000, 0x0000000085c00000, 0x0000000085c00000|100%| O|  |TAMS 0x0000000085b00000| PB 0x0000000085b00000| Untracked 
|  92|0x0000000085c00000, 0x0000000085d00000, 0x0000000085d00000|100%| O|  |TAMS 0x0000000085c00000| PB 0x0000000085c00000| Untracked 
|  93|0x0000000085d00000, 0x0000000085e00000, 0x0000000085e00000|100%| O|  |TAMS 0x0000000085d00000| PB 0x0000000085d00000| Untracked 
|  94|0x0000000085e00000, 0x0000000085f00000, 0x0000000085f00000|100%| O|  |TAMS 0x0000000085e00000| PB 0x0000000085e00000| Untracked 
|  95|0x0000000085f00000, 0x0000000086000000, 0x0000000086000000|100%| O|  |TAMS 0x0000000085f00000| PB 0x0000000085f00000| Untracked 
|  96|0x0000000086000000, 0x0000000086100000, 0x0000000086100000|100%| O|  |TAMS 0x0000000086000000| PB 0x0000000086000000| Untracked 
|  97|0x0000000086100000, 0x0000000086200000, 0x0000000086200000|100%| O|  |TAMS 0x0000000086100000| PB 0x0000000086100000| Untracked 
|  98|0x0000000086200000, 0x0000000086300000, 0x0000000086300000|100%| O|  |TAMS 0x0000000086200000| PB 0x0000000086200000| Untracked 
|  99|0x0000000086300000, 0x0000000086400000, 0x0000000086400000|100%| O|  |TAMS 0x0000000086300000| PB 0x0000000086300000| Untracked 
| 100|0x0000000086400000, 0x0000000086500000, 0x0000000086500000|100%| O|  |TAMS 0x0000000086400000| PB 0x0000000086400000| Untracked 
| 101|0x0000000086500000, 0x0000000086600000, 0x0000000086600000|100%| O|  |TAMS 0x0000000086500000| PB 0x0000000086500000| Untracked 
| 102|0x0000000086600000, 0x0000000086700000, 0x0000000086700000|100%| O|  |TAMS 0x0000000086600000| PB 0x0000000086600000| Untracked 
| 103|0x0000000086700000, 0x0000000086800000, 0x0000000086800000|100%| O|  |TAMS 0x0000000086700000| PB 0x0000000086700000| Untracked 
| 104|0x0000000086800000, 0x0000000086900000, 0x0000000086900000|100%| O|  |TAMS 0x0000000086800000| PB 0x0000000086800000| Untracked 
| 105|0x0000000086900000, 0x0000000086a00000, 0x0000000086a00000|100%| O|  |TAMS 0x0000000086900000| PB 0x0000000086900000| Untracked 
| 106|0x0000000086a00000, 0x0000000086b00000, 0x0000000086b00000|100%| O|  |TAMS 0x0000000086a00000| PB 0x0000000086a00000| Untracked 
| 107|0x0000000086b00000, 0x0000000086c00000, 0x0000000086c00000|100%| O|  |TAMS 0x0000000086b00000| PB 0x0000000086b00000| Untracked 
| 108|0x0000000086c00000, 0x0000000086d00000, 0x0000000086d00000|100%| O|  |TAMS 0x0000000086c00000| PB 0x0000000086c00000| Untracked 
| 109|0x0000000086d00000, 0x0000000086e00000, 0x0000000086e00000|100%| O|  |TAMS 0x0000000086d00000| PB 0x0000000086d00000| Untracked 
| 110|0x0000000086e00000, 0x0000000086f00000, 0x0000000086f00000|100%| O|  |TAMS 0x0000000086e00000| PB 0x0000000086e00000| Untracked 
| 111|0x0000000086f00000, 0x0000000087000000, 0x0000000087000000|100%| O|  |TAMS 0x0000000086f00000| PB 0x0000000086f00000| Untracked 
| 112|0x0000000087000000, 0x0000000087100000, 0x0000000087100000|100%| O|  |TAMS 0x0000000087000000| PB 0x0000000087000000| Untracked 
| 113|0x0000000087100000, 0x0000000087200000, 0x0000000087200000|100%| O|  |TAMS 0x0000000087100000| PB 0x0000000087100000| Untracked 
| 114|0x0000000087200000, 0x0000000087300000, 0x0000000087300000|100%| O|  |TAMS 0x0000000087200000| PB 0x0000000087200000| Untracked 
| 115|0x0000000087300000, 0x0000000087400000, 0x0000000087400000|100%| O|  |TAMS 0x0000000087300000| PB 0x0000000087300000| Untracked 
| 116|0x0000000087400000, 0x0000000087500000, 0x0000000087500000|100%| O|  |TAMS 0x0000000087400000| PB 0x0000000087400000| Untracked 
| 117|0x0000000087500000, 0x0000000087600000, 0x0000000087600000|100%| O|  |TAMS 0x0000000087500000| PB 0x0000000087500000| Untracked 
| 118|0x0000000087600000, 0x0000000087700000, 0x0000000087700000|100%| O|  |TAMS 0x0000000087600000| PB 0x0000000087600000| Untracked 
| 119|0x0000000087700000, 0x0000000087800000, 0x0000000087800000|100%| O|  |TAMS 0x0000000087700000| PB 0x0000000087700000| Untracked 
| 120|0x0000000087800000, 0x0000000087900000, 0x0000000087900000|100%| O|  |TAMS 0x0000000087800000| PB 0x0000000087800000| Untracked 
| 121|0x0000000087900000, 0x0000000087a00000, 0x0000000087a00000|100%| O|  |TAMS 0x0000000087900000| PB 0x0000000087900000| Untracked 
| 122|0x0000000087a00000, 0x0000000087b00000, 0x0000000087b00000|100%| O|  |TAMS 0x0000000087a00000| PB 0x0000000087a00000| Untracked 
| 123|0x0000000087b00000, 0x0000000087c00000, 0x0000000087c00000|100%| O|  |TAMS 0x0000000087b00000| PB 0x0000000087b00000| Untracked 
| 124|0x0000000087c00000, 0x0000000087d00000, 0x0000000087d00000|100%| O|  |TAMS 0x0000000087c00000| PB 0x0000000087c00000| Untracked 
| 125|0x0000000087d00000, 0x0000000087e00000, 0x0000000087e00000|100%| O|  |TAMS 0x0000000087d00000| PB 0x0000000087d00000| Untracked 
| 126|0x0000000087e00000, 0x0000000087f00000, 0x0000000087f00000|100%| O|  |TAMS 0x0000000087e00000| PB 0x0000000087e00000| Untracked 
| 127|0x0000000087f00000, 0x0000000088000000, 0x0000000088000000|100%| O|  |TAMS 0x0000000087f00000| PB 0x0000000087f00000| Untracked 
| 128|0x0000000088000000, 0x0000000088100000, 0x0000000088100000|100%| O|  |TAMS 0x0000000088000000| PB 0x0000000088000000| Untracked 
| 129|0x0000000088100000, 0x0000000088200000, 0x0000000088200000|100%| O|  |TAMS 0x0000000088100000| PB 0x0000000088100000| Untracked 
| 130|0x0000000088200000, 0x0000000088300000, 0x0000000088300000|100%| O|  |TAMS 0x0000000088200000| PB 0x0000000088200000| Untracked 
| 131|0x0000000088300000, 0x0000000088400000, 0x0000000088400000|100%| O|  |TAMS 0x0000000088300000| PB 0x0000000088300000| Untracked 
| 132|0x0000000088400000, 0x0000000088500000, 0x0000000088500000|100%| O|  |TAMS 0x0000000088400000| PB 0x0000000088400000| Untracked 
| 133|0x0000000088500000, 0x0000000088600000, 0x0000000088600000|100%| O|  |TAMS 0x0000000088500000| PB 0x0000000088500000| Untracked 
| 134|0x0000000088600000, 0x0000000088700000, 0x0000000088700000|100%| O|  |TAMS 0x0000000088600000| PB 0x0000000088600000| Untracked 
| 135|0x0000000088700000, 0x0000000088800000, 0x0000000088800000|100%| O|  |TAMS 0x0000000088700000| PB 0x0000000088700000| Untracked 
| 136|0x0000000088800000, 0x0000000088900000, 0x0000000088900000|100%| O|  |TAMS 0x0000000088800000| PB 0x0000000088800000| Untracked 
| 137|0x0000000088900000, 0x0000000088a00000, 0x0000000088a00000|100%| O|  |TAMS 0x0000000088900000| PB 0x0000000088900000| Untracked 
| 138|0x0000000088a00000, 0x0000000088b00000, 0x0000000088b00000|100%| O|  |TAMS 0x0000000088a00000| PB 0x0000000088a00000| Untracked 
| 139|0x0000000088b00000, 0x0000000088c00000, 0x0000000088c00000|100%| O|  |TAMS 0x0000000088b00000| PB 0x0000000088b00000| Untracked 
| 140|0x0000000088c00000, 0x0000000088c00000, 0x0000000088d00000|  0%| F|  |TAMS 0x0000000088c00000| PB 0x0000000088c00000| Untracked 
| 141|0x0000000088d00000, 0x0000000088e00000, 0x0000000088e00000|100%| O|  |TAMS 0x0000000088d00000| PB 0x0000000088d00000| Untracked 
| 142|0x0000000088e00000, 0x0000000088f00000, 0x0000000088f00000|100%| O|  |TAMS 0x0000000088e00000| PB 0x0000000088e00000| Untracked 
| 143|0x0000000088f00000, 0x0000000089000000, 0x0000000089000000|100%| O|  |TAMS 0x0000000088f00000| PB 0x0000000088f00000| Untracked 
| 144|0x0000000089000000, 0x0000000089000000, 0x0000000089100000|  0%| F|  |TAMS 0x0000000089000000| PB 0x0000000089000000| Untracked 
| 145|0x0000000089100000, 0x0000000089200000, 0x0000000089200000|100%| O|  |TAMS 0x0000000089100000| PB 0x0000000089100000| Untracked 
| 146|0x0000000089200000, 0x0000000089300000, 0x0000000089300000|100%| O|  |TAMS 0x0000000089200000| PB 0x0000000089200000| Untracked 
| 147|0x0000000089300000, 0x0000000089400000, 0x0000000089400000|100%| O|  |TAMS 0x0000000089300000| PB 0x0000000089300000| Untracked 
| 148|0x0000000089400000, 0x0000000089500000, 0x0000000089500000|100%| O|  |TAMS 0x0000000089400000| PB 0x0000000089400000| Untracked 
| 149|0x0000000089500000, 0x0000000089600000, 0x0000000089600000|100%| O|  |TAMS 0x0000000089500000| PB 0x0000000089500000| Untracked 
| 150|0x0000000089600000, 0x0000000089700000, 0x0000000089700000|100%| O|  |TAMS 0x0000000089600000| PB 0x0000000089600000| Untracked 
| 151|0x0000000089700000, 0x0000000089800000, 0x0000000089800000|100%| O|  |TAMS 0x0000000089700000| PB 0x0000000089700000| Untracked 
| 152|0x0000000089800000, 0x0000000089900000, 0x0000000089900000|100%| O|  |TAMS 0x0000000089800000| PB 0x0000000089800000| Untracked 
| 153|0x0000000089900000, 0x0000000089a00000, 0x0000000089a00000|100%| O|  |TAMS 0x0000000089900000| PB 0x0000000089900000| Untracked 
| 154|0x0000000089a00000, 0x0000000089b00000, 0x0000000089b00000|100%| O|  |TAMS 0x0000000089a00000| PB 0x0000000089a00000| Untracked 
| 155|0x0000000089b00000, 0x0000000089c00000, 0x0000000089c00000|100%| O|  |TAMS 0x0000000089b00000| PB 0x0000000089b00000| Untracked 
| 156|0x0000000089c00000, 0x0000000089d00000, 0x0000000089d00000|100%| O|  |TAMS 0x0000000089c00000| PB 0x0000000089c00000| Untracked 
| 157|0x0000000089d00000, 0x0000000089e00000, 0x0000000089e00000|100%| O|  |TAMS 0x0000000089d00000| PB 0x0000000089d00000| Untracked 
| 158|0x0000000089e00000, 0x0000000089f00000, 0x0000000089f00000|100%| O|  |TAMS 0x0000000089e00000| PB 0x0000000089e00000| Untracked 
| 159|0x0000000089f00000, 0x000000008a000000, 0x000000008a000000|100%| O|  |TAMS 0x0000000089f00000| PB 0x0000000089f00000| Untracked 
| 160|0x000000008a000000, 0x000000008a100000, 0x000000008a100000|100%| O|  |TAMS 0x000000008a000000| PB 0x000000008a000000| Untracked 
| 161|0x000000008a100000, 0x000000008a200000, 0x000000008a200000|100%| O|  |TAMS 0x000000008a100000| PB 0x000000008a100000| Untracked 
| 162|0x000000008a200000, 0x000000008a300000, 0x000000008a300000|100%| O|  |TAMS 0x000000008a200000| PB 0x000000008a200000| Untracked 
| 163|0x000000008a300000, 0x000000008a400000, 0x000000008a400000|100%| O|  |TAMS 0x000000008a300000| PB 0x000000008a300000| Untracked 
| 164|0x000000008a400000, 0x000000008a500000, 0x000000008a500000|100%| O|  |TAMS 0x000000008a400000| PB 0x000000008a400000| Untracked 
| 165|0x000000008a500000, 0x000000008a600000, 0x000000008a600000|100%| O|  |TAMS 0x000000008a500000| PB 0x000000008a500000| Untracked 
| 166|0x000000008a600000, 0x000000008a700000, 0x000000008a700000|100%| O|  |TAMS 0x000000008a600000| PB 0x000000008a600000| Untracked 
| 167|0x000000008a700000, 0x000000008a800000, 0x000000008a800000|100%| O|  |TAMS 0x000000008a700000| PB 0x000000008a700000| Untracked 
| 168|0x000000008a800000, 0x000000008a900000, 0x000000008a900000|100%| O|  |TAMS 0x000000008a800000| PB 0x000000008a800000| Untracked 
| 169|0x000000008a900000, 0x000000008aa00000, 0x000000008aa00000|100%| O|  |TAMS 0x000000008a900000| PB 0x000000008a900000| Untracked 
| 170|0x000000008aa00000, 0x000000008ab00000, 0x000000008ab00000|100%| O|  |TAMS 0x000000008aa00000| PB 0x000000008aa00000| Untracked 
| 171|0x000000008ab00000, 0x000000008ac00000, 0x000000008ac00000|100%| O|  |TAMS 0x000000008ab00000| PB 0x000000008ab00000| Untracked 
| 172|0x000000008ac00000, 0x000000008ad00000, 0x000000008ad00000|100%| O|  |TAMS 0x000000008ac00000| PB 0x000000008ac00000| Untracked 
| 173|0x000000008ad00000, 0x000000008ae00000, 0x000000008ae00000|100%| O|  |TAMS 0x000000008ad00000| PB 0x000000008ad00000| Untracked 
| 174|0x000000008ae00000, 0x000000008af00000, 0x000000008af00000|100%| O|  |TAMS 0x000000008ae00000| PB 0x000000008ae00000| Untracked 
| 175|0x000000008af00000, 0x000000008b000000, 0x000000008b000000|100%| O|  |TAMS 0x000000008af00000| PB 0x000000008af00000| Untracked 
| 176|0x000000008b000000, 0x000000008b100000, 0x000000008b100000|100%| O|  |TAMS 0x000000008b000000| PB 0x000000008b000000| Untracked 
| 177|0x000000008b100000, 0x000000008b200000, 0x000000008b200000|100%| O|  |TAMS 0x000000008b100000| PB 0x000000008b100000| Untracked 
| 178|0x000000008b200000, 0x000000008b300000, 0x000000008b300000|100%| O|  |TAMS 0x000000008b200000| PB 0x000000008b200000| Untracked 
| 179|0x000000008b300000, 0x000000008b3f3ba0, 0x000000008b400000| 95%| O|  |TAMS 0x000000008b300000| PB 0x000000008b300000| Untracked 
| 180|0x000000008b400000, 0x000000008b400000, 0x000000008b500000|  0%| F|  |TAMS 0x000000008b400000| PB 0x000000008b400000| Untracked 
| 181|0x000000008b500000, 0x000000008b500000, 0x000000008b600000|  0%| F|  |TAMS 0x000000008b500000| PB 0x000000008b500000| Untracked 
| 182|0x000000008b600000, 0x000000008b600000, 0x000000008b700000|  0%| F|  |TAMS 0x000000008b600000| PB 0x000000008b600000| Untracked 
| 183|0x000000008b700000, 0x000000008b700000, 0x000000008b800000|  0%| F|  |TAMS 0x000000008b700000| PB 0x000000008b700000| Untracked 
| 184|0x000000008b800000, 0x000000008b800000, 0x000000008b900000|  0%| F|  |TAMS 0x000000008b800000| PB 0x000000008b800000| Untracked 
| 185|0x000000008b900000, 0x000000008b900000, 0x000000008ba00000|  0%| F|  |TAMS 0x000000008b900000| PB 0x000000008b900000| Untracked 
| 186|0x000000008ba00000, 0x000000008ba00000, 0x000000008bb00000|  0%| F|  |TAMS 0x000000008ba00000| PB 0x000000008ba00000| Untracked 
| 187|0x000000008bb00000, 0x000000008bc00000, 0x000000008bc00000|100%| S|CS|TAMS 0x000000008bb00000| PB 0x000000008bb00000| Complete 
| 188|0x000000008bc00000, 0x000000008bd00000, 0x000000008bd00000|100%| S|CS|TAMS 0x000000008bc00000| PB 0x000000008bc00000| Complete 
| 189|0x000000008bd00000, 0x000000008be00000, 0x000000008be00000|100%| S|CS|TAMS 0x000000008bd00000| PB 0x000000008bd00000| Complete 
| 190|0x000000008be00000, 0x000000008bf00000, 0x000000008bf00000|100%| S|CS|TAMS 0x000000008be00000| PB 0x000000008be00000| Complete 
| 191|0x000000008bf00000, 0x000000008c000000, 0x000000008c000000|100%| S|CS|TAMS 0x000000008bf00000| PB 0x000000008bf00000| Complete 
| 192|0x000000008c000000, 0x000000008c100000, 0x000000008c100000|100%| S|CS|TAMS 0x000000008c000000| PB 0x000000008c000000| Complete 
| 193|0x000000008c100000, 0x000000008c200000, 0x000000008c200000|100%| S|CS|TAMS 0x000000008c100000| PB 0x000000008c100000| Complete 
| 194|0x000000008c200000, 0x000000008c300000, 0x000000008c300000|100%| S|CS|TAMS 0x000000008c200000| PB 0x000000008c200000| Complete 
| 195|0x000000008c300000, 0x000000008c400000, 0x000000008c400000|100%| S|CS|TAMS 0x000000008c300000| PB 0x000000008c300000| Complete 
| 196|0x000000008c400000, 0x000000008c500000, 0x000000008c500000|100%| S|CS|TAMS 0x000000008c400000| PB 0x000000008c400000| Complete 
| 197|0x000000008c500000, 0x000000008c600000, 0x000000008c600000|100%| S|CS|TAMS 0x000000008c500000| PB 0x000000008c500000| Complete 
| 198|0x000000008c600000, 0x000000008c700000, 0x000000008c700000|100%| S|CS|TAMS 0x000000008c600000| PB 0x000000008c600000| Complete 
| 199|0x000000008c700000, 0x000000008c700000, 0x000000008c800000|  0%| F|  |TAMS 0x000000008c700000| PB 0x000000008c700000| Untracked 
| 200|0x000000008c800000, 0x000000008c800000, 0x000000008c900000|  0%| F|  |TAMS 0x000000008c800000| PB 0x000000008c800000| Untracked 
| 201|0x000000008c900000, 0x000000008c900000, 0x000000008ca00000|  0%| F|  |TAMS 0x000000008c900000| PB 0x000000008c900000| Untracked 
| 202|0x000000008ca00000, 0x000000008ca00000, 0x000000008cb00000|  0%| F|  |TAMS 0x000000008ca00000| PB 0x000000008ca00000| Untracked 
| 203|0x000000008cb00000, 0x000000008cb00000, 0x000000008cc00000|  0%| F|  |TAMS 0x000000008cb00000| PB 0x000000008cb00000| Untracked 
| 204|0x000000008cc00000, 0x000000008cc00000, 0x000000008cd00000|  0%| F|  |TAMS 0x000000008cc00000| PB 0x000000008cc00000| Untracked 
| 205|0x000000008cd00000, 0x000000008cd00000, 0x000000008ce00000|  0%| F|  |TAMS 0x000000008cd00000| PB 0x000000008cd00000| Untracked 
| 206|0x000000008ce00000, 0x000000008ce00000, 0x000000008cf00000|  0%| F|  |TAMS 0x000000008ce00000| PB 0x000000008ce00000| Untracked 
| 207|0x000000008cf00000, 0x000000008cf00000, 0x000000008d000000|  0%| F|  |TAMS 0x000000008cf00000| PB 0x000000008cf00000| Untracked 
| 208|0x000000008d000000, 0x000000008d000000, 0x000000008d100000|  0%| F|  |TAMS 0x000000008d000000| PB 0x000000008d000000| Untracked 
| 209|0x000000008d100000, 0x000000008d100000, 0x000000008d200000|  0%| F|  |TAMS 0x000000008d100000| PB 0x000000008d100000| Untracked 
| 210|0x000000008d200000, 0x000000008d200000, 0x000000008d300000|  0%| F|  |TAMS 0x000000008d200000| PB 0x000000008d200000| Untracked 
| 211|0x000000008d300000, 0x000000008d300000, 0x000000008d400000|  0%| F|  |TAMS 0x000000008d300000| PB 0x000000008d300000| Untracked 
| 212|0x000000008d400000, 0x000000008d400000, 0x000000008d500000|  0%| F|  |TAMS 0x000000008d400000| PB 0x000000008d400000| Untracked 
| 213|0x000000008d500000, 0x000000008d500000, 0x000000008d600000|  0%| F|  |TAMS 0x000000008d500000| PB 0x000000008d500000| Untracked 
| 214|0x000000008d600000, 0x000000008d600000, 0x000000008d700000|  0%| F|  |TAMS 0x000000008d600000| PB 0x000000008d600000| Untracked 
| 215|0x000000008d700000, 0x000000008d700000, 0x000000008d800000|  0%| F|  |TAMS 0x000000008d700000| PB 0x000000008d700000| Untracked 
| 216|0x000000008d800000, 0x000000008d800000, 0x000000008d900000|  0%| F|  |TAMS 0x000000008d800000| PB 0x000000008d800000| Untracked 
| 217|0x000000008d900000, 0x000000008d900000, 0x000000008da00000|  0%| F|  |TAMS 0x000000008d900000| PB 0x000000008d900000| Untracked 
| 218|0x000000008da00000, 0x000000008da00000, 0x000000008db00000|  0%| F|  |TAMS 0x000000008da00000| PB 0x000000008da00000| Untracked 
| 219|0x000000008db00000, 0x000000008db00000, 0x000000008dc00000|  0%| F|  |TAMS 0x000000008db00000| PB 0x000000008db00000| Untracked 
| 220|0x000000008dc00000, 0x000000008dc00000, 0x000000008dd00000|  0%| F|  |TAMS 0x000000008dc00000| PB 0x000000008dc00000| Untracked 
| 221|0x000000008dd00000, 0x000000008dd00000, 0x000000008de00000|  0%| F|  |TAMS 0x000000008dd00000| PB 0x000000008dd00000| Untracked 
| 222|0x000000008de00000, 0x000000008de00000, 0x000000008df00000|  0%| F|  |TAMS 0x000000008de00000| PB 0x000000008de00000| Untracked 
| 223|0x000000008df00000, 0x000000008df00000, 0x000000008e000000|  0%| F|  |TAMS 0x000000008df00000| PB 0x000000008df00000| Untracked 
| 224|0x000000008e000000, 0x000000008e000000, 0x000000008e100000|  0%| F|  |TAMS 0x000000008e000000| PB 0x000000008e000000| Untracked 
| 225|0x000000008e100000, 0x000000008e100000, 0x000000008e200000|  0%| F|  |TAMS 0x000000008e100000| PB 0x000000008e100000| Untracked 
| 226|0x000000008e200000, 0x000000008e200000, 0x000000008e300000|  0%| F|  |TAMS 0x000000008e200000| PB 0x000000008e200000| Untracked 
| 227|0x000000008e300000, 0x000000008e300000, 0x000000008e400000|  0%| F|  |TAMS 0x000000008e300000| PB 0x000000008e300000| Untracked 
| 228|0x000000008e400000, 0x000000008e400000, 0x000000008e500000|  0%| F|  |TAMS 0x000000008e400000| PB 0x000000008e400000| Untracked 
| 229|0x000000008e500000, 0x000000008e500000, 0x000000008e600000|  0%| F|  |TAMS 0x000000008e500000| PB 0x000000008e500000| Untracked 
| 230|0x000000008e600000, 0x000000008e600000, 0x000000008e700000|  0%| F|  |TAMS 0x000000008e600000| PB 0x000000008e600000| Untracked 
| 231|0x000000008e700000, 0x000000008e700000, 0x000000008e800000|  0%| F|  |TAMS 0x000000008e700000| PB 0x000000008e700000| Untracked 
| 232|0x000000008e800000, 0x000000008e800000, 0x000000008e900000|  0%| F|  |TAMS 0x000000008e800000| PB 0x000000008e800000| Untracked 
| 233|0x000000008e900000, 0x000000008e900000, 0x000000008ea00000|  0%| F|  |TAMS 0x000000008e900000| PB 0x000000008e900000| Untracked 
| 234|0x000000008ea00000, 0x000000008ea00000, 0x000000008eb00000|  0%| F|  |TAMS 0x000000008ea00000| PB 0x000000008ea00000| Untracked 
| 235|0x000000008eb00000, 0x000000008eb00000, 0x000000008ec00000|  0%| F|  |TAMS 0x000000008eb00000| PB 0x000000008eb00000| Untracked 
| 236|0x000000008ec00000, 0x000000008ec00000, 0x000000008ed00000|  0%| F|  |TAMS 0x000000008ec00000| PB 0x000000008ec00000| Untracked 
| 237|0x000000008ed00000, 0x000000008ed00000, 0x000000008ee00000|  0%| F|  |TAMS 0x000000008ed00000| PB 0x000000008ed00000| Untracked 
| 238|0x000000008ee00000, 0x000000008ee00000, 0x000000008ef00000|  0%| F|  |TAMS 0x000000008ee00000| PB 0x000000008ee00000| Untracked 
| 239|0x000000008ef00000, 0x000000008ef00000, 0x000000008f000000|  0%| F|  |TAMS 0x000000008ef00000| PB 0x000000008ef00000| Untracked 
| 240|0x000000008f000000, 0x000000008f000000, 0x000000008f100000|  0%| F|  |TAMS 0x000000008f000000| PB 0x000000008f000000| Untracked 
| 241|0x000000008f100000, 0x000000008f100000, 0x000000008f200000|  0%| F|  |TAMS 0x000000008f100000| PB 0x000000008f100000| Untracked 
| 242|0x000000008f200000, 0x000000008f200000, 0x000000008f300000|  0%| F|  |TAMS 0x000000008f200000| PB 0x000000008f200000| Untracked 
| 243|0x000000008f300000, 0x000000008f300000, 0x000000008f400000|  0%| F|  |TAMS 0x000000008f300000| PB 0x000000008f300000| Untracked 
| 244|0x000000008f400000, 0x000000008f400000, 0x000000008f500000|  0%| F|  |TAMS 0x000000008f400000| PB 0x000000008f400000| Untracked 
| 245|0x000000008f500000, 0x000000008f500000, 0x000000008f600000|  0%| F|  |TAMS 0x000000008f500000| PB 0x000000008f500000| Untracked 
| 246|0x000000008f600000, 0x000000008f600000, 0x000000008f700000|  0%| F|  |TAMS 0x000000008f600000| PB 0x000000008f600000| Untracked 
| 247|0x000000008f700000, 0x000000008f700000, 0x000000008f800000|  0%| F|  |TAMS 0x000000008f700000| PB 0x000000008f700000| Untracked 
| 248|0x000000008f800000, 0x000000008f800000, 0x000000008f900000|  0%| F|  |TAMS 0x000000008f800000| PB 0x000000008f800000| Untracked 
| 249|0x000000008f900000, 0x000000008f900000, 0x000000008fa00000|  0%| F|  |TAMS 0x000000008f900000| PB 0x000000008f900000| Untracked 
| 250|0x000000008fa00000, 0x000000008fa00000, 0x000000008fb00000|  0%| F|  |TAMS 0x000000008fa00000| PB 0x000000008fa00000| Untracked 
| 251|0x000000008fb00000, 0x000000008fb00000, 0x000000008fc00000|  0%| F|  |TAMS 0x000000008fb00000| PB 0x000000008fb00000| Untracked 
| 252|0x000000008fc00000, 0x000000008fc00000, 0x000000008fd00000|  0%| F|  |TAMS 0x000000008fc00000| PB 0x000000008fc00000| Untracked 
| 253|0x000000008fd00000, 0x000000008fd00000, 0x000000008fe00000|  0%| F|  |TAMS 0x000000008fd00000| PB 0x000000008fd00000| Untracked 
| 254|0x000000008fe00000, 0x000000008fe00000, 0x000000008ff00000|  0%| F|  |TAMS 0x000000008fe00000| PB 0x000000008fe00000| Untracked 
| 255|0x000000008ff00000, 0x000000008ff00000, 0x0000000090000000|  0%| F|  |TAMS 0x000000008ff00000| PB 0x000000008ff00000| Untracked 
| 256|0x0000000090000000, 0x0000000090000000, 0x0000000090100000|  0%| F|  |TAMS 0x0000000090000000| PB 0x0000000090000000| Untracked 
| 257|0x0000000090100000, 0x0000000090100000, 0x0000000090200000|  0%| F|  |TAMS 0x0000000090100000| PB 0x0000000090100000| Untracked 
| 258|0x0000000090200000, 0x0000000090200000, 0x0000000090300000|  0%| F|  |TAMS 0x0000000090200000| PB 0x0000000090200000| Untracked 
| 259|0x0000000090300000, 0x0000000090300000, 0x0000000090400000|  0%| F|  |TAMS 0x0000000090300000| PB 0x0000000090300000| Untracked 
| 260|0x0000000090400000, 0x0000000090400000, 0x0000000090500000|  0%| F|  |TAMS 0x0000000090400000| PB 0x0000000090400000| Untracked 
| 261|0x0000000090500000, 0x0000000090500000, 0x0000000090600000|  0%| F|  |TAMS 0x0000000090500000| PB 0x0000000090500000| Untracked 
| 262|0x0000000090600000, 0x0000000090600000, 0x0000000090700000|  0%| F|  |TAMS 0x0000000090600000| PB 0x0000000090600000| Untracked 
| 263|0x0000000090700000, 0x0000000090700000, 0x0000000090800000|  0%| F|  |TAMS 0x0000000090700000| PB 0x0000000090700000| Untracked 
| 264|0x0000000090800000, 0x0000000090800000, 0x0000000090900000|  0%| F|  |TAMS 0x0000000090800000| PB 0x0000000090800000| Untracked 
| 265|0x0000000090900000, 0x0000000090900000, 0x0000000090a00000|  0%| F|  |TAMS 0x0000000090900000| PB 0x0000000090900000| Untracked 
| 266|0x0000000090a00000, 0x0000000090a00000, 0x0000000090b00000|  0%| F|  |TAMS 0x0000000090a00000| PB 0x0000000090a00000| Untracked 
| 267|0x0000000090b00000, 0x0000000090b00000, 0x0000000090c00000|  0%| F|  |TAMS 0x0000000090b00000| PB 0x0000000090b00000| Untracked 
| 268|0x0000000090c00000, 0x0000000090c00000, 0x0000000090d00000|  0%| F|  |TAMS 0x0000000090c00000| PB 0x0000000090c00000| Untracked 
| 269|0x0000000090d00000, 0x0000000090d00000, 0x0000000090e00000|  0%| F|  |TAMS 0x0000000090d00000| PB 0x0000000090d00000| Untracked 
| 270|0x0000000090e00000, 0x0000000090e00000, 0x0000000090f00000|  0%| F|  |TAMS 0x0000000090e00000| PB 0x0000000090e00000| Untracked 
| 271|0x0000000090f00000, 0x0000000090f00000, 0x0000000091000000|  0%| F|  |TAMS 0x0000000090f00000| PB 0x0000000090f00000| Untracked 
| 272|0x0000000091000000, 0x0000000091000000, 0x0000000091100000|  0%| F|  |TAMS 0x0000000091000000| PB 0x0000000091000000| Untracked 
| 273|0x0000000091100000, 0x0000000091100000, 0x0000000091200000|  0%| F|  |TAMS 0x0000000091100000| PB 0x0000000091100000| Untracked 
| 274|0x0000000091200000, 0x0000000091200000, 0x0000000091300000|  0%| F|  |TAMS 0x0000000091200000| PB 0x0000000091200000| Untracked 
| 275|0x0000000091300000, 0x0000000091300000, 0x0000000091400000|  0%| F|  |TAMS 0x0000000091300000| PB 0x0000000091300000| Untracked 
| 276|0x0000000091400000, 0x0000000091400000, 0x0000000091500000|  0%| F|  |TAMS 0x0000000091400000| PB 0x0000000091400000| Untracked 
| 277|0x0000000091500000, 0x0000000091500000, 0x0000000091600000|  0%| F|  |TAMS 0x0000000091500000| PB 0x0000000091500000| Untracked 
| 278|0x0000000091600000, 0x0000000091600000, 0x0000000091700000|  0%| F|  |TAMS 0x0000000091600000| PB 0x0000000091600000| Untracked 
| 279|0x0000000091700000, 0x0000000091700000, 0x0000000091800000|  0%| F|  |TAMS 0x0000000091700000| PB 0x0000000091700000| Untracked 
| 280|0x0000000091800000, 0x0000000091800000, 0x0000000091900000|  0%| F|  |TAMS 0x0000000091800000| PB 0x0000000091800000| Untracked 
| 281|0x0000000091900000, 0x0000000091900000, 0x0000000091a00000|  0%| F|  |TAMS 0x0000000091900000| PB 0x0000000091900000| Untracked 
| 282|0x0000000091a00000, 0x0000000091a00000, 0x0000000091b00000|  0%| F|  |TAMS 0x0000000091a00000| PB 0x0000000091a00000| Untracked 
| 283|0x0000000091b00000, 0x0000000091b00000, 0x0000000091c00000|  0%| F|  |TAMS 0x0000000091b00000| PB 0x0000000091b00000| Untracked 
| 284|0x0000000091c00000, 0x0000000091c00000, 0x0000000091d00000|  0%| F|  |TAMS 0x0000000091c00000| PB 0x0000000091c00000| Untracked 
| 285|0x0000000091d00000, 0x0000000091d00000, 0x0000000091e00000|  0%| F|  |TAMS 0x0000000091d00000| PB 0x0000000091d00000| Untracked 
| 286|0x0000000091e00000, 0x0000000091e00000, 0x0000000091f00000|  0%| F|  |TAMS 0x0000000091e00000| PB 0x0000000091e00000| Untracked 
| 287|0x0000000091f00000, 0x0000000091f00000, 0x0000000092000000|  0%| F|  |TAMS 0x0000000091f00000| PB 0x0000000091f00000| Untracked 
| 288|0x0000000092000000, 0x0000000092000000, 0x0000000092100000|  0%| F|  |TAMS 0x0000000092000000| PB 0x0000000092000000| Untracked 
| 289|0x0000000092100000, 0x0000000092100000, 0x0000000092200000|  0%| F|  |TAMS 0x0000000092100000| PB 0x0000000092100000| Untracked 
| 290|0x0000000092200000, 0x0000000092200000, 0x0000000092300000|  0%| F|  |TAMS 0x0000000092200000| PB 0x0000000092200000| Untracked 
| 291|0x0000000092300000, 0x0000000092300000, 0x0000000092400000|  0%| F|  |TAMS 0x0000000092300000| PB 0x0000000092300000| Untracked 
| 292|0x0000000092400000, 0x0000000092400000, 0x0000000092500000|  0%| F|  |TAMS 0x0000000092400000| PB 0x0000000092400000| Untracked 
| 293|0x0000000092500000, 0x0000000092500000, 0x0000000092600000|  0%| F|  |TAMS 0x0000000092500000| PB 0x0000000092500000| Untracked 
| 294|0x0000000092600000, 0x0000000092600000, 0x0000000092700000|  0%| F|  |TAMS 0x0000000092600000| PB 0x0000000092600000| Untracked 
| 295|0x0000000092700000, 0x0000000092700000, 0x0000000092800000|  0%| F|  |TAMS 0x0000000092700000| PB 0x0000000092700000| Untracked 
| 296|0x0000000092800000, 0x0000000092800000, 0x0000000092900000|  0%| F|  |TAMS 0x0000000092800000| PB 0x0000000092800000| Untracked 
| 297|0x0000000092900000, 0x0000000092900000, 0x0000000092a00000|  0%| F|  |TAMS 0x0000000092900000| PB 0x0000000092900000| Untracked 
| 298|0x0000000092a00000, 0x0000000092a00000, 0x0000000092b00000|  0%| F|  |TAMS 0x0000000092a00000| PB 0x0000000092a00000| Untracked 
| 299|0x0000000092b00000, 0x0000000092b00000, 0x0000000092c00000|  0%| F|  |TAMS 0x0000000092b00000| PB 0x0000000092b00000| Untracked 
| 300|0x0000000092c00000, 0x0000000092c00000, 0x0000000092d00000|  0%| F|  |TAMS 0x0000000092c00000| PB 0x0000000092c00000| Untracked 
| 301|0x0000000092d00000, 0x0000000092d00000, 0x0000000092e00000|  0%| F|  |TAMS 0x0000000092d00000| PB 0x0000000092d00000| Untracked 
| 302|0x0000000092e00000, 0x0000000092e00000, 0x0000000092f00000|  0%| F|  |TAMS 0x0000000092e00000| PB 0x0000000092e00000| Untracked 
| 303|0x0000000092f00000, 0x0000000092f00000, 0x0000000093000000|  0%| F|  |TAMS 0x0000000092f00000| PB 0x0000000092f00000| Untracked 
| 304|0x0000000093000000, 0x0000000093000000, 0x0000000093100000|  0%| F|  |TAMS 0x0000000093000000| PB 0x0000000093000000| Untracked 
| 305|0x0000000093100000, 0x0000000093100000, 0x0000000093200000|  0%| F|  |TAMS 0x0000000093100000| PB 0x0000000093100000| Untracked 
| 306|0x0000000093200000, 0x0000000093200000, 0x0000000093300000|  0%| F|  |TAMS 0x0000000093200000| PB 0x0000000093200000| Untracked 
| 307|0x0000000093300000, 0x0000000093300000, 0x0000000093400000|  0%| F|  |TAMS 0x0000000093300000| PB 0x0000000093300000| Untracked 
| 308|0x0000000093400000, 0x0000000093400000, 0x0000000093500000|  0%| F|  |TAMS 0x0000000093400000| PB 0x0000000093400000| Untracked 
| 309|0x0000000093500000, 0x0000000093500000, 0x0000000093600000|  0%| F|  |TAMS 0x0000000093500000| PB 0x0000000093500000| Untracked 
| 310|0x0000000093600000, 0x0000000093600000, 0x0000000093700000|  0%| F|  |TAMS 0x0000000093600000| PB 0x0000000093600000| Untracked 
| 311|0x0000000093700000, 0x0000000093700000, 0x0000000093800000|  0%| F|  |TAMS 0x0000000093700000| PB 0x0000000093700000| Untracked 
| 312|0x0000000093800000, 0x0000000093800000, 0x0000000093900000|  0%| F|  |TAMS 0x0000000093800000| PB 0x0000000093800000| Untracked 
| 313|0x0000000093900000, 0x0000000093900000, 0x0000000093a00000|  0%| F|  |TAMS 0x0000000093900000| PB 0x0000000093900000| Untracked 
| 314|0x0000000093a00000, 0x0000000093a00000, 0x0000000093b00000|  0%| F|  |TAMS 0x0000000093a00000| PB 0x0000000093a00000| Untracked 
| 315|0x0000000093b00000, 0x0000000093b00000, 0x0000000093c00000|  0%| F|  |TAMS 0x0000000093b00000| PB 0x0000000093b00000| Untracked 
| 316|0x0000000093c00000, 0x0000000093c00000, 0x0000000093d00000|  0%| F|  |TAMS 0x0000000093c00000| PB 0x0000000093c00000| Untracked 
| 317|0x0000000093d00000, 0x0000000093d00000, 0x0000000093e00000|  0%| F|  |TAMS 0x0000000093d00000| PB 0x0000000093d00000| Untracked 
| 318|0x0000000093e00000, 0x0000000093e00000, 0x0000000093f00000|  0%| F|  |TAMS 0x0000000093e00000| PB 0x0000000093e00000| Untracked 
| 319|0x0000000093f00000, 0x0000000093f00000, 0x0000000094000000|  0%| F|  |TAMS 0x0000000093f00000| PB 0x0000000093f00000| Untracked 
| 320|0x0000000094000000, 0x0000000094000000, 0x0000000094100000|  0%| F|  |TAMS 0x0000000094000000| PB 0x0000000094000000| Untracked 
| 321|0x0000000094100000, 0x0000000094100000, 0x0000000094200000|  0%| F|  |TAMS 0x0000000094100000| PB 0x0000000094100000| Untracked 
| 322|0x0000000094200000, 0x0000000094200000, 0x0000000094300000|  0%| F|  |TAMS 0x0000000094200000| PB 0x0000000094200000| Untracked 
| 323|0x0000000094300000, 0x0000000094300000, 0x0000000094400000|  0%| F|  |TAMS 0x0000000094300000| PB 0x0000000094300000| Untracked 
| 324|0x0000000094400000, 0x0000000094400000, 0x0000000094500000|  0%| F|  |TAMS 0x0000000094400000| PB 0x0000000094400000| Untracked 
| 325|0x0000000094500000, 0x0000000094500000, 0x0000000094600000|  0%| F|  |TAMS 0x0000000094500000| PB 0x0000000094500000| Untracked 
| 326|0x0000000094600000, 0x0000000094600000, 0x0000000094700000|  0%| F|  |TAMS 0x0000000094600000| PB 0x0000000094600000| Untracked 
| 327|0x0000000094700000, 0x0000000094700000, 0x0000000094800000|  0%| F|  |TAMS 0x0000000094700000| PB 0x0000000094700000| Untracked 
| 328|0x0000000094800000, 0x0000000094800000, 0x0000000094900000|  0%| F|  |TAMS 0x0000000094800000| PB 0x0000000094800000| Untracked 
| 329|0x0000000094900000, 0x0000000094900000, 0x0000000094a00000|  0%| F|  |TAMS 0x0000000094900000| PB 0x0000000094900000| Untracked 
| 330|0x0000000094a00000, 0x0000000094a00000, 0x0000000094b00000|  0%| F|  |TAMS 0x0000000094a00000| PB 0x0000000094a00000| Untracked 
| 331|0x0000000094b00000, 0x0000000094b00000, 0x0000000094c00000|  0%| F|  |TAMS 0x0000000094b00000| PB 0x0000000094b00000| Untracked 
| 332|0x0000000094c00000, 0x0000000094c00000, 0x0000000094d00000|  0%| F|  |TAMS 0x0000000094c00000| PB 0x0000000094c00000| Untracked 
| 333|0x0000000094d00000, 0x0000000094d00000, 0x0000000094e00000|  0%| F|  |TAMS 0x0000000094d00000| PB 0x0000000094d00000| Untracked 
| 334|0x0000000094e00000, 0x0000000094e00000, 0x0000000094f00000|  0%| F|  |TAMS 0x0000000094e00000| PB 0x0000000094e00000| Untracked 
| 335|0x0000000094f00000, 0x0000000094f00000, 0x0000000095000000|  0%| F|  |TAMS 0x0000000094f00000| PB 0x0000000094f00000| Untracked 
| 336|0x0000000095000000, 0x0000000095000000, 0x0000000095100000|  0%| F|  |TAMS 0x0000000095000000| PB 0x0000000095000000| Untracked 
| 337|0x0000000095100000, 0x0000000095100000, 0x0000000095200000|  0%| F|  |TAMS 0x0000000095100000| PB 0x0000000095100000| Untracked 
| 338|0x0000000095200000, 0x0000000095200000, 0x0000000095300000|  0%| F|  |TAMS 0x0000000095200000| PB 0x0000000095200000| Untracked 
| 339|0x0000000095300000, 0x0000000095300000, 0x0000000095400000|  0%| F|  |TAMS 0x0000000095300000| PB 0x0000000095300000| Untracked 
| 340|0x0000000095400000, 0x0000000095400000, 0x0000000095500000|  0%| F|  |TAMS 0x0000000095400000| PB 0x0000000095400000| Untracked 
| 341|0x0000000095500000, 0x0000000095500000, 0x0000000095600000|  0%| F|  |TAMS 0x0000000095500000| PB 0x0000000095500000| Untracked 
| 342|0x0000000095600000, 0x0000000095600000, 0x0000000095700000|  0%| F|  |TAMS 0x0000000095600000| PB 0x0000000095600000| Untracked 
| 343|0x0000000095700000, 0x0000000095700000, 0x0000000095800000|  0%| F|  |TAMS 0x0000000095700000| PB 0x0000000095700000| Untracked 
| 344|0x0000000095800000, 0x0000000095800000, 0x0000000095900000|  0%| F|  |TAMS 0x0000000095800000| PB 0x0000000095800000| Untracked 
| 345|0x0000000095900000, 0x0000000095900000, 0x0000000095a00000|  0%| F|  |TAMS 0x0000000095900000| PB 0x0000000095900000| Untracked 
| 346|0x0000000095a00000, 0x0000000095a00000, 0x0000000095b00000|  0%| F|  |TAMS 0x0000000095a00000| PB 0x0000000095a00000| Untracked 
| 347|0x0000000095b00000, 0x0000000095b00000, 0x0000000095c00000|  0%| F|  |TAMS 0x0000000095b00000| PB 0x0000000095b00000| Untracked 
| 348|0x0000000095c00000, 0x0000000095c00000, 0x0000000095d00000|  0%| F|  |TAMS 0x0000000095c00000| PB 0x0000000095c00000| Untracked 
| 349|0x0000000095d00000, 0x0000000095d00000, 0x0000000095e00000|  0%| F|  |TAMS 0x0000000095d00000| PB 0x0000000095d00000| Untracked 
| 350|0x0000000095e00000, 0x0000000095e00000, 0x0000000095f00000|  0%| F|  |TAMS 0x0000000095e00000| PB 0x0000000095e00000| Untracked 
| 351|0x0000000095f00000, 0x0000000095f00000, 0x0000000096000000|  0%| F|  |TAMS 0x0000000095f00000| PB 0x0000000095f00000| Untracked 
| 352|0x0000000096000000, 0x0000000096000000, 0x0000000096100000|  0%| F|  |TAMS 0x0000000096000000| PB 0x0000000096000000| Untracked 
| 353|0x0000000096100000, 0x0000000096100000, 0x0000000096200000|  0%| F|  |TAMS 0x0000000096100000| PB 0x0000000096100000| Untracked 
| 354|0x0000000096200000, 0x0000000096200000, 0x0000000096300000|  0%| F|  |TAMS 0x0000000096200000| PB 0x0000000096200000| Untracked 
| 355|0x0000000096300000, 0x0000000096300000, 0x0000000096400000|  0%| F|  |TAMS 0x0000000096300000| PB 0x0000000096300000| Untracked 
| 356|0x0000000096400000, 0x0000000096400000, 0x0000000096500000|  0%| F|  |TAMS 0x0000000096400000| PB 0x0000000096400000| Untracked 
| 357|0x0000000096500000, 0x0000000096500000, 0x0000000096600000|  0%| F|  |TAMS 0x0000000096500000| PB 0x0000000096500000| Untracked 
| 358|0x0000000096600000, 0x0000000096600000, 0x0000000096700000|  0%| F|  |TAMS 0x0000000096600000| PB 0x0000000096600000| Untracked 
| 359|0x0000000096700000, 0x0000000096700000, 0x0000000096800000|  0%| F|  |TAMS 0x0000000096700000| PB 0x0000000096700000| Untracked 
| 360|0x0000000096800000, 0x0000000096800000, 0x0000000096900000|  0%| F|  |TAMS 0x0000000096800000| PB 0x0000000096800000| Untracked 
| 361|0x0000000096900000, 0x0000000096900000, 0x0000000096a00000|  0%| F|  |TAMS 0x0000000096900000| PB 0x0000000096900000| Untracked 
| 362|0x0000000096a00000, 0x0000000096a00000, 0x0000000096b00000|  0%| F|  |TAMS 0x0000000096a00000| PB 0x0000000096a00000| Untracked 
| 363|0x0000000096b00000, 0x0000000096b00000, 0x0000000096c00000|  0%| F|  |TAMS 0x0000000096b00000| PB 0x0000000096b00000| Untracked 
| 364|0x0000000096c00000, 0x0000000096c00000, 0x0000000096d00000|  0%| F|  |TAMS 0x0000000096c00000| PB 0x0000000096c00000| Untracked 
| 365|0x0000000096d00000, 0x0000000096d00000, 0x0000000096e00000|  0%| F|  |TAMS 0x0000000096d00000| PB 0x0000000096d00000| Untracked 
| 366|0x0000000096e00000, 0x0000000096e00000, 0x0000000096f00000|  0%| F|  |TAMS 0x0000000096e00000| PB 0x0000000096e00000| Untracked 
| 367|0x0000000096f00000, 0x0000000096f00000, 0x0000000097000000|  0%| F|  |TAMS 0x0000000096f00000| PB 0x0000000096f00000| Untracked 
| 368|0x0000000097000000, 0x0000000097000000, 0x0000000097100000|  0%| F|  |TAMS 0x0000000097000000| PB 0x0000000097000000| Untracked 
| 369|0x0000000097100000, 0x0000000097100000, 0x0000000097200000|  0%| F|  |TAMS 0x0000000097100000| PB 0x0000000097100000| Untracked 
| 370|0x0000000097200000, 0x0000000097200000, 0x0000000097300000|  0%| F|  |TAMS 0x0000000097200000| PB 0x0000000097200000| Untracked 
| 371|0x0000000097300000, 0x0000000097300000, 0x0000000097400000|  0%| F|  |TAMS 0x0000000097300000| PB 0x0000000097300000| Untracked 
| 372|0x0000000097400000, 0x0000000097400000, 0x0000000097500000|  0%| F|  |TAMS 0x0000000097400000| PB 0x0000000097400000| Untracked 
| 373|0x0000000097500000, 0x0000000097500000, 0x0000000097600000|  0%| F|  |TAMS 0x0000000097500000| PB 0x0000000097500000| Untracked 
| 374|0x0000000097600000, 0x0000000097600000, 0x0000000097700000|  0%| F|  |TAMS 0x0000000097600000| PB 0x0000000097600000| Untracked 
| 375|0x0000000097700000, 0x0000000097700000, 0x0000000097800000|  0%| F|  |TAMS 0x0000000097700000| PB 0x0000000097700000| Untracked 
| 376|0x0000000097800000, 0x0000000097800000, 0x0000000097900000|  0%| F|  |TAMS 0x0000000097800000| PB 0x0000000097800000| Untracked 
| 377|0x0000000097900000, 0x0000000097900000, 0x0000000097a00000|  0%| F|  |TAMS 0x0000000097900000| PB 0x0000000097900000| Untracked 
| 378|0x0000000097a00000, 0x0000000097a00000, 0x0000000097b00000|  0%| F|  |TAMS 0x0000000097a00000| PB 0x0000000097a00000| Untracked 
| 379|0x0000000097b00000, 0x0000000097b00000, 0x0000000097c00000|  0%| F|  |TAMS 0x0000000097b00000| PB 0x0000000097b00000| Untracked 
| 380|0x0000000097c00000, 0x0000000097c00000, 0x0000000097d00000|  0%| F|  |TAMS 0x0000000097c00000| PB 0x0000000097c00000| Untracked 
| 381|0x0000000097d00000, 0x0000000097d00000, 0x0000000097e00000|  0%| F|  |TAMS 0x0000000097d00000| PB 0x0000000097d00000| Untracked 
| 382|0x0000000097e00000, 0x0000000097e00000, 0x0000000097f00000|  0%| F|  |TAMS 0x0000000097e00000| PB 0x0000000097e00000| Untracked 
| 383|0x0000000097f00000, 0x0000000097f00000, 0x0000000098000000|  0%| F|  |TAMS 0x0000000097f00000| PB 0x0000000097f00000| Untracked 
| 384|0x0000000098000000, 0x0000000098000000, 0x0000000098100000|  0%| F|  |TAMS 0x0000000098000000| PB 0x0000000098000000| Untracked 
| 385|0x0000000098100000, 0x0000000098100000, 0x0000000098200000|  0%| F|  |TAMS 0x0000000098100000| PB 0x0000000098100000| Untracked 
| 386|0x0000000098200000, 0x0000000098200000, 0x0000000098300000|  0%| F|  |TAMS 0x0000000098200000| PB 0x0000000098200000| Untracked 
| 387|0x0000000098300000, 0x0000000098300000, 0x0000000098400000|  0%| F|  |TAMS 0x0000000098300000| PB 0x0000000098300000| Untracked 
| 388|0x0000000098400000, 0x0000000098400000, 0x0000000098500000|  0%| F|  |TAMS 0x0000000098400000| PB 0x0000000098400000| Untracked 
| 389|0x0000000098500000, 0x0000000098500000, 0x0000000098600000|  0%| F|  |TAMS 0x0000000098500000| PB 0x0000000098500000| Untracked 
| 390|0x0000000098600000, 0x0000000098600000, 0x0000000098700000|  0%| F|  |TAMS 0x0000000098600000| PB 0x0000000098600000| Untracked 
| 391|0x0000000098700000, 0x0000000098700000, 0x0000000098800000|  0%| F|  |TAMS 0x0000000098700000| PB 0x0000000098700000| Untracked 
| 392|0x0000000098800000, 0x0000000098800000, 0x0000000098900000|  0%| F|  |TAMS 0x0000000098800000| PB 0x0000000098800000| Untracked 
| 393|0x0000000098900000, 0x0000000098900000, 0x0000000098a00000|  0%| F|  |TAMS 0x0000000098900000| PB 0x0000000098900000| Untracked 
| 394|0x0000000098a00000, 0x0000000098a00000, 0x0000000098b00000|  0%| F|  |TAMS 0x0000000098a00000| PB 0x0000000098a00000| Untracked 
| 395|0x0000000098b00000, 0x0000000098b00000, 0x0000000098c00000|  0%| F|  |TAMS 0x0000000098b00000| PB 0x0000000098b00000| Untracked 
| 396|0x0000000098c00000, 0x0000000098c00000, 0x0000000098d00000|  0%| F|  |TAMS 0x0000000098c00000| PB 0x0000000098c00000| Untracked 
| 397|0x0000000098d00000, 0x0000000098d00000, 0x0000000098e00000|  0%| F|  |TAMS 0x0000000098d00000| PB 0x0000000098d00000| Untracked 
| 398|0x0000000098e00000, 0x0000000098e00000, 0x0000000098f00000|  0%| F|  |TAMS 0x0000000098e00000| PB 0x0000000098e00000| Untracked 
| 399|0x0000000098f00000, 0x0000000098f00000, 0x0000000099000000|  0%| F|  |TAMS 0x0000000098f00000| PB 0x0000000098f00000| Untracked 
| 400|0x0000000099000000, 0x0000000099000000, 0x0000000099100000|  0%| F|  |TAMS 0x0000000099000000| PB 0x0000000099000000| Untracked 
| 401|0x0000000099100000, 0x0000000099100000, 0x0000000099200000|  0%| F|  |TAMS 0x0000000099100000| PB 0x0000000099100000| Untracked 
| 402|0x0000000099200000, 0x0000000099200000, 0x0000000099300000|  0%| F|  |TAMS 0x0000000099200000| PB 0x0000000099200000| Untracked 
| 403|0x0000000099300000, 0x0000000099300000, 0x0000000099400000|  0%| F|  |TAMS 0x0000000099300000| PB 0x0000000099300000| Untracked 
| 404|0x0000000099400000, 0x0000000099400000, 0x0000000099500000|  0%| F|  |TAMS 0x0000000099400000| PB 0x0000000099400000| Untracked 
| 405|0x0000000099500000, 0x0000000099500000, 0x0000000099600000|  0%| F|  |TAMS 0x0000000099500000| PB 0x0000000099500000| Untracked 
| 406|0x0000000099600000, 0x0000000099600000, 0x0000000099700000|  0%| F|  |TAMS 0x0000000099600000| PB 0x0000000099600000| Untracked 
| 407|0x0000000099700000, 0x0000000099700000, 0x0000000099800000|  0%| F|  |TAMS 0x0000000099700000| PB 0x0000000099700000| Untracked 
| 408|0x0000000099800000, 0x0000000099800000, 0x0000000099900000|  0%| F|  |TAMS 0x0000000099800000| PB 0x0000000099800000| Untracked 
| 409|0x0000000099900000, 0x0000000099900000, 0x0000000099a00000|  0%| F|  |TAMS 0x0000000099900000| PB 0x0000000099900000| Untracked 
| 410|0x0000000099a00000, 0x0000000099a00000, 0x0000000099b00000|  0%| F|  |TAMS 0x0000000099a00000| PB 0x0000000099a00000| Untracked 
| 411|0x0000000099b00000, 0x0000000099b00000, 0x0000000099c00000|  0%| F|  |TAMS 0x0000000099b00000| PB 0x0000000099b00000| Untracked 
| 412|0x0000000099c00000, 0x0000000099c00000, 0x0000000099d00000|  0%| F|  |TAMS 0x0000000099c00000| PB 0x0000000099c00000| Untracked 
| 413|0x0000000099d00000, 0x0000000099d00000, 0x0000000099e00000|  0%| F|  |TAMS 0x0000000099d00000| PB 0x0000000099d00000| Untracked 
| 414|0x0000000099e00000, 0x0000000099e00000, 0x0000000099f00000|  0%| F|  |TAMS 0x0000000099e00000| PB 0x0000000099e00000| Untracked 
| 415|0x0000000099f00000, 0x0000000099f00000, 0x000000009a000000|  0%| F|  |TAMS 0x0000000099f00000| PB 0x0000000099f00000| Untracked 
| 416|0x000000009a000000, 0x000000009a000000, 0x000000009a100000|  0%| F|  |TAMS 0x000000009a000000| PB 0x000000009a000000| Untracked 
| 417|0x000000009a100000, 0x000000009a100000, 0x000000009a200000|  0%| F|  |TAMS 0x000000009a100000| PB 0x000000009a100000| Untracked 
| 418|0x000000009a200000, 0x000000009a200000, 0x000000009a300000|  0%| F|  |TAMS 0x000000009a200000| PB 0x000000009a200000| Untracked 
| 419|0x000000009a300000, 0x000000009a300000, 0x000000009a400000|  0%| F|  |TAMS 0x000000009a300000| PB 0x000000009a300000| Untracked 
| 420|0x000000009a400000, 0x000000009a400000, 0x000000009a500000|  0%| F|  |TAMS 0x000000009a400000| PB 0x000000009a400000| Untracked 
| 421|0x000000009a500000, 0x000000009a500000, 0x000000009a600000|  0%| F|  |TAMS 0x000000009a500000| PB 0x000000009a500000| Untracked 
| 422|0x000000009a600000, 0x000000009a600000, 0x000000009a700000|  0%| F|  |TAMS 0x000000009a600000| PB 0x000000009a600000| Untracked 
| 423|0x000000009a700000, 0x000000009a700000, 0x000000009a800000|  0%| F|  |TAMS 0x000000009a700000| PB 0x000000009a700000| Untracked 
| 424|0x000000009a800000, 0x000000009a800000, 0x000000009a900000|  0%| F|  |TAMS 0x000000009a800000| PB 0x000000009a800000| Untracked 
| 425|0x000000009a900000, 0x000000009a900000, 0x000000009aa00000|  0%| F|  |TAMS 0x000000009a900000| PB 0x000000009a900000| Untracked 
| 426|0x000000009aa00000, 0x000000009aa00000, 0x000000009ab00000|  0%| F|  |TAMS 0x000000009aa00000| PB 0x000000009aa00000| Untracked 
| 427|0x000000009ab00000, 0x000000009ab00000, 0x000000009ac00000|  0%| F|  |TAMS 0x000000009ab00000| PB 0x000000009ab00000| Untracked 
| 428|0x000000009ac00000, 0x000000009ac00000, 0x000000009ad00000|  0%| F|  |TAMS 0x000000009ac00000| PB 0x000000009ac00000| Untracked 
| 429|0x000000009ad00000, 0x000000009ad00000, 0x000000009ae00000|  0%| F|  |TAMS 0x000000009ad00000| PB 0x000000009ad00000| Untracked 
| 430|0x000000009ae00000, 0x000000009ae00000, 0x000000009af00000|  0%| F|  |TAMS 0x000000009ae00000| PB 0x000000009ae00000| Untracked 
| 431|0x000000009af00000, 0x000000009af00000, 0x000000009b000000|  0%| F|  |TAMS 0x000000009af00000| PB 0x000000009af00000| Untracked 
| 432|0x000000009b000000, 0x000000009b000000, 0x000000009b100000|  0%| F|  |TAMS 0x000000009b000000| PB 0x000000009b000000| Untracked 
| 433|0x000000009b100000, 0x000000009b100000, 0x000000009b200000|  0%| F|  |TAMS 0x000000009b100000| PB 0x000000009b100000| Untracked 
| 434|0x000000009b200000, 0x000000009b200000, 0x000000009b300000|  0%| F|  |TAMS 0x000000009b200000| PB 0x000000009b200000| Untracked 
| 435|0x000000009b300000, 0x000000009b300000, 0x000000009b400000|  0%| F|  |TAMS 0x000000009b300000| PB 0x000000009b300000| Untracked 
| 436|0x000000009b400000, 0x000000009b400000, 0x000000009b500000|  0%| F|  |TAMS 0x000000009b400000| PB 0x000000009b400000| Untracked 
| 437|0x000000009b500000, 0x000000009b500000, 0x000000009b600000|  0%| F|  |TAMS 0x000000009b500000| PB 0x000000009b500000| Untracked 
| 438|0x000000009b600000, 0x000000009b600000, 0x000000009b700000|  0%| F|  |TAMS 0x000000009b600000| PB 0x000000009b600000| Untracked 
| 439|0x000000009b700000, 0x000000009b700000, 0x000000009b800000|  0%| F|  |TAMS 0x000000009b700000| PB 0x000000009b700000| Untracked 
| 440|0x000000009b800000, 0x000000009b800000, 0x000000009b900000|  0%| F|  |TAMS 0x000000009b800000| PB 0x000000009b800000| Untracked 
| 441|0x000000009b900000, 0x000000009b900000, 0x000000009ba00000|  0%| F|  |TAMS 0x000000009b900000| PB 0x000000009b900000| Untracked 
| 442|0x000000009ba00000, 0x000000009ba00000, 0x000000009bb00000|  0%| F|  |TAMS 0x000000009ba00000| PB 0x000000009ba00000| Untracked 
| 443|0x000000009bb00000, 0x000000009bb00000, 0x000000009bc00000|  0%| F|  |TAMS 0x000000009bb00000| PB 0x000000009bb00000| Untracked 
| 444|0x000000009bc00000, 0x000000009bc00000, 0x000000009bd00000|  0%| F|  |TAMS 0x000000009bc00000| PB 0x000000009bc00000| Untracked 
| 445|0x000000009bd00000, 0x000000009bd00000, 0x000000009be00000|  0%| F|  |TAMS 0x000000009bd00000| PB 0x000000009bd00000| Untracked 
| 446|0x000000009be00000, 0x000000009be00000, 0x000000009bf00000|  0%| F|  |TAMS 0x000000009be00000| PB 0x000000009be00000| Untracked 
| 447|0x000000009bf00000, 0x000000009bf00000, 0x000000009c000000|  0%| F|  |TAMS 0x000000009bf00000| PB 0x000000009bf00000| Untracked 
| 448|0x000000009c000000, 0x000000009c000000, 0x000000009c100000|  0%| F|  |TAMS 0x000000009c000000| PB 0x000000009c000000| Untracked 
| 449|0x000000009c100000, 0x000000009c100000, 0x000000009c200000|  0%| F|  |TAMS 0x000000009c100000| PB 0x000000009c100000| Untracked 
| 450|0x000000009c200000, 0x000000009c200000, 0x000000009c300000|  0%| F|  |TAMS 0x000000009c200000| PB 0x000000009c200000| Untracked 
| 451|0x000000009c300000, 0x000000009c300000, 0x000000009c400000|  0%| F|  |TAMS 0x000000009c300000| PB 0x000000009c300000| Untracked 
| 452|0x000000009c400000, 0x000000009c400000, 0x000000009c500000|  0%| F|  |TAMS 0x000000009c400000| PB 0x000000009c400000| Untracked 
| 453|0x000000009c500000, 0x000000009c500000, 0x000000009c600000|  0%| F|  |TAMS 0x000000009c500000| PB 0x000000009c500000| Untracked 
| 454|0x000000009c600000, 0x000000009c600000, 0x000000009c700000|  0%| F|  |TAMS 0x000000009c600000| PB 0x000000009c600000| Untracked 
| 455|0x000000009c700000, 0x000000009c700000, 0x000000009c800000|  0%| F|  |TAMS 0x000000009c700000| PB 0x000000009c700000| Untracked 
| 456|0x000000009c800000, 0x000000009c800000, 0x000000009c900000|  0%| F|  |TAMS 0x000000009c800000| PB 0x000000009c800000| Untracked 
| 457|0x000000009c900000, 0x000000009c900000, 0x000000009ca00000|  0%| F|  |TAMS 0x000000009c900000| PB 0x000000009c900000| Untracked 
| 458|0x000000009ca00000, 0x000000009ca00000, 0x000000009cb00000|  0%| F|  |TAMS 0x000000009ca00000| PB 0x000000009ca00000| Untracked 
| 459|0x000000009cb00000, 0x000000009cb00000, 0x000000009cc00000|  0%| F|  |TAMS 0x000000009cb00000| PB 0x000000009cb00000| Untracked 
| 460|0x000000009cc00000, 0x000000009cc00000, 0x000000009cd00000|  0%| F|  |TAMS 0x000000009cc00000| PB 0x000000009cc00000| Untracked 
| 461|0x000000009cd00000, 0x000000009cd00000, 0x000000009ce00000|  0%| F|  |TAMS 0x000000009cd00000| PB 0x000000009cd00000| Untracked 
| 462|0x000000009ce00000, 0x000000009ce00000, 0x000000009cf00000|  0%| F|  |TAMS 0x000000009ce00000| PB 0x000000009ce00000| Untracked 
| 463|0x000000009cf00000, 0x000000009cf00000, 0x000000009d000000|  0%| F|  |TAMS 0x000000009cf00000| PB 0x000000009cf00000| Untracked 
| 464|0x000000009d000000, 0x000000009d000000, 0x000000009d100000|  0%| F|  |TAMS 0x000000009d000000| PB 0x000000009d000000| Untracked 
| 465|0x000000009d100000, 0x000000009d100000, 0x000000009d200000|  0%| F|  |TAMS 0x000000009d100000| PB 0x000000009d100000| Untracked 
| 466|0x000000009d200000, 0x000000009d200000, 0x000000009d300000|  0%| F|  |TAMS 0x000000009d200000| PB 0x000000009d200000| Untracked 
| 467|0x000000009d300000, 0x000000009d300000, 0x000000009d400000|  0%| F|  |TAMS 0x000000009d300000| PB 0x000000009d300000| Untracked 
| 468|0x000000009d400000, 0x000000009d400000, 0x000000009d500000|  0%| F|  |TAMS 0x000000009d400000| PB 0x000000009d400000| Untracked 
| 469|0x000000009d500000, 0x000000009d500000, 0x000000009d600000|  0%| F|  |TAMS 0x000000009d500000| PB 0x000000009d500000| Untracked 
| 470|0x000000009d600000, 0x000000009d600000, 0x000000009d700000|  0%| F|  |TAMS 0x000000009d600000| PB 0x000000009d600000| Untracked 
| 471|0x000000009d700000, 0x000000009d700000, 0x000000009d800000|  0%| F|  |TAMS 0x000000009d700000| PB 0x000000009d700000| Untracked 
| 472|0x000000009d800000, 0x000000009d800000, 0x000000009d900000|  0%| F|  |TAMS 0x000000009d800000| PB 0x000000009d800000| Untracked 
| 473|0x000000009d900000, 0x000000009d900000, 0x000000009da00000|  0%| F|  |TAMS 0x000000009d900000| PB 0x000000009d900000| Untracked 
| 474|0x000000009da00000, 0x000000009da00000, 0x000000009db00000|  0%| F|  |TAMS 0x000000009da00000| PB 0x000000009da00000| Untracked 
| 475|0x000000009db00000, 0x000000009db00000, 0x000000009dc00000|  0%| F|  |TAMS 0x000000009db00000| PB 0x000000009db00000| Untracked 
| 476|0x000000009dc00000, 0x000000009dc00000, 0x000000009dd00000|  0%| F|  |TAMS 0x000000009dc00000| PB 0x000000009dc00000| Untracked 
| 477|0x000000009dd00000, 0x000000009dd00000, 0x000000009de00000|  0%| F|  |TAMS 0x000000009dd00000| PB 0x000000009dd00000| Untracked 
| 478|0x000000009de00000, 0x000000009de00000, 0x000000009df00000|  0%| F|  |TAMS 0x000000009de00000| PB 0x000000009de00000| Untracked 
| 479|0x000000009df00000, 0x000000009df00000, 0x000000009e000000|  0%| F|  |TAMS 0x000000009df00000| PB 0x000000009df00000| Untracked 
| 480|0x000000009e000000, 0x000000009e000000, 0x000000009e100000|  0%| F|  |TAMS 0x000000009e000000| PB 0x000000009e000000| Untracked 
| 481|0x000000009e100000, 0x000000009e100000, 0x000000009e200000|  0%| F|  |TAMS 0x000000009e100000| PB 0x000000009e100000| Untracked 
| 482|0x000000009e200000, 0x000000009e200000, 0x000000009e300000|  0%| F|  |TAMS 0x000000009e200000| PB 0x000000009e200000| Untracked 
| 483|0x000000009e300000, 0x000000009e300000, 0x000000009e400000|  0%| F|  |TAMS 0x000000009e300000| PB 0x000000009e300000| Untracked 
| 484|0x000000009e400000, 0x000000009e400000, 0x000000009e500000|  0%| F|  |TAMS 0x000000009e400000| PB 0x000000009e400000| Untracked 
| 485|0x000000009e500000, 0x000000009e500000, 0x000000009e600000|  0%| F|  |TAMS 0x000000009e500000| PB 0x000000009e500000| Untracked 
| 486|0x000000009e600000, 0x000000009e600000, 0x000000009e700000|  0%| F|  |TAMS 0x000000009e600000| PB 0x000000009e600000| Untracked 
| 487|0x000000009e700000, 0x000000009e700000, 0x000000009e800000|  0%| F|  |TAMS 0x000000009e700000| PB 0x000000009e700000| Untracked 
| 488|0x000000009e800000, 0x000000009e800000, 0x000000009e900000|  0%| F|  |TAMS 0x000000009e800000| PB 0x000000009e800000| Untracked 
| 489|0x000000009e900000, 0x000000009e900000, 0x000000009ea00000|  0%| F|  |TAMS 0x000000009e900000| PB 0x000000009e900000| Untracked 
| 490|0x000000009ea00000, 0x000000009ea00000, 0x000000009eb00000|  0%| F|  |TAMS 0x000000009ea00000| PB 0x000000009ea00000| Untracked 
| 491|0x000000009eb00000, 0x000000009eb00000, 0x000000009ec00000|  0%| F|  |TAMS 0x000000009eb00000| PB 0x000000009eb00000| Untracked 
| 492|0x000000009ec00000, 0x000000009ec00000, 0x000000009ed00000|  0%| F|  |TAMS 0x000000009ec00000| PB 0x000000009ec00000| Untracked 
| 493|0x000000009ed00000, 0x000000009ed00000, 0x000000009ee00000|  0%| F|  |TAMS 0x000000009ed00000| PB 0x000000009ed00000| Untracked 
| 494|0x000000009ee00000, 0x000000009ee00000, 0x000000009ef00000|  0%| F|  |TAMS 0x000000009ee00000| PB 0x000000009ee00000| Untracked 
| 495|0x000000009ef00000, 0x000000009ef58f28, 0x000000009f000000| 34%| E|  |TAMS 0x000000009ef00000| PB 0x000000009ef00000| Complete 
| 496|0x000000009f000000, 0x000000009f100000, 0x000000009f100000|100%| E|CS|TAMS 0x000000009f000000| PB 0x000000009f000000| Complete 
| 497|0x000000009f100000, 0x000000009f200000, 0x000000009f200000|100%| E|  |TAMS 0x000000009f100000| PB 0x000000009f100000| Complete 
| 498|0x000000009f200000, 0x000000009f300000, 0x000000009f300000|100%| E|CS|TAMS 0x000000009f200000| PB 0x000000009f200000| Complete 
| 499|0x000000009f300000, 0x000000009f400000, 0x000000009f400000|100%| E|CS|TAMS 0x000000009f300000| PB 0x000000009f300000| Complete 
| 500|0x000000009f400000, 0x000000009f500000, 0x000000009f500000|100%| E|CS|TAMS 0x000000009f400000| PB 0x000000009f400000| Complete 
| 501|0x000000009f500000, 0x000000009f600000, 0x000000009f600000|100%| E|CS|TAMS 0x000000009f500000| PB 0x000000009f500000| Complete 
| 502|0x000000009f600000, 0x000000009f700000, 0x000000009f700000|100%| E|CS|TAMS 0x000000009f600000| PB 0x000000009f600000| Complete 
| 503|0x000000009f700000, 0x000000009f800000, 0x000000009f800000|100%| E|CS|TAMS 0x000000009f700000| PB 0x000000009f700000| Complete 
| 504|0x000000009f800000, 0x000000009f900000, 0x000000009f900000|100%| E|CS|TAMS 0x000000009f800000| PB 0x000000009f800000| Complete 
| 505|0x000000009f900000, 0x000000009fa00000, 0x000000009fa00000|100%| E|CS|TAMS 0x000000009f900000| PB 0x000000009f900000| Complete 
| 506|0x000000009fa00000, 0x000000009fb00000, 0x000000009fb00000|100%| E|CS|TAMS 0x000000009fa00000| PB 0x000000009fa00000| Complete 
| 507|0x000000009fb00000, 0x000000009fc00000, 0x000000009fc00000|100%| E|CS|TAMS 0x000000009fb00000| PB 0x000000009fb00000| Complete 
| 508|0x000000009fc00000, 0x000000009fd00000, 0x000000009fd00000|100%| E|CS|TAMS 0x000000009fc00000| PB 0x000000009fc00000| Complete 
| 509|0x000000009fd00000, 0x000000009fe00000, 0x000000009fe00000|100%| E|CS|TAMS 0x000000009fd00000| PB 0x000000009fd00000| Complete 
| 510|0x000000009fe00000, 0x000000009ff00000, 0x000000009ff00000|100%| E|CS|TAMS 0x000000009fe00000| PB 0x000000009fe00000| Complete 
| 511|0x000000009ff00000, 0x00000000a0000000, 0x00000000a0000000|100%| E|CS|TAMS 0x000000009ff00000| PB 0x000000009ff00000| Complete 
| 512|0x00000000a0000000, 0x00000000a0100000, 0x00000000a0100000|100%| E|CS|TAMS 0x00000000a0000000| PB 0x00000000a0000000| Complete 
| 513|0x00000000a0100000, 0x00000000a0200000, 0x00000000a0200000|100%| E|CS|TAMS 0x00000000a0100000| PB 0x00000000a0100000| Complete 
| 514|0x00000000a0200000, 0x00000000a0300000, 0x00000000a0300000|100%| E|CS|TAMS 0x00000000a0200000| PB 0x00000000a0200000| Complete 
| 515|0x00000000a0300000, 0x00000000a0400000, 0x00000000a0400000|100%| E|CS|TAMS 0x00000000a0300000| PB 0x00000000a0300000| Complete 
| 516|0x00000000a0400000, 0x00000000a0500000, 0x00000000a0500000|100%| E|CS|TAMS 0x00000000a0400000| PB 0x00000000a0400000| Complete 
| 517|0x00000000a0500000, 0x00000000a0600000, 0x00000000a0600000|100%| E|CS|TAMS 0x00000000a0500000| PB 0x00000000a0500000| Complete 
| 518|0x00000000a0600000, 0x00000000a0700000, 0x00000000a0700000|100%| E|CS|TAMS 0x00000000a0600000| PB 0x00000000a0600000| Complete 
| 519|0x00000000a0700000, 0x00000000a0800000, 0x00000000a0800000|100%| E|CS|TAMS 0x00000000a0700000| PB 0x00000000a0700000| Complete 
| 520|0x00000000a0800000, 0x00000000a0900000, 0x00000000a0900000|100%| E|CS|TAMS 0x00000000a0800000| PB 0x00000000a0800000| Complete 
| 521|0x00000000a0900000, 0x00000000a0a00000, 0x00000000a0a00000|100%| E|CS|TAMS 0x00000000a0900000| PB 0x00000000a0900000| Complete 
| 522|0x00000000a0a00000, 0x00000000a0b00000, 0x00000000a0b00000|100%| E|CS|TAMS 0x00000000a0a00000| PB 0x00000000a0a00000| Complete 
| 523|0x00000000a0b00000, 0x00000000a0c00000, 0x00000000a0c00000|100%| E|CS|TAMS 0x00000000a0b00000| PB 0x00000000a0b00000| Complete 
| 524|0x00000000a0c00000, 0x00000000a0d00000, 0x00000000a0d00000|100%| E|CS|TAMS 0x00000000a0c00000| PB 0x00000000a0c00000| Complete 
| 525|0x00000000a0d00000, 0x00000000a0e00000, 0x00000000a0e00000|100%| E|CS|TAMS 0x00000000a0d00000| PB 0x00000000a0d00000| Complete 
| 526|0x00000000a0e00000, 0x00000000a0f00000, 0x00000000a0f00000|100%| E|CS|TAMS 0x00000000a0e00000| PB 0x00000000a0e00000| Complete 
| 527|0x00000000a0f00000, 0x00000000a1000000, 0x00000000a1000000|100%| E|CS|TAMS 0x00000000a0f00000| PB 0x00000000a0f00000| Complete 
| 528|0x00000000a1000000, 0x00000000a1100000, 0x00000000a1100000|100%| E|CS|TAMS 0x00000000a1000000| PB 0x00000000a1000000| Complete 
| 529|0x00000000a1100000, 0x00000000a1200000, 0x00000000a1200000|100%| E|CS|TAMS 0x00000000a1100000| PB 0x00000000a1100000| Complete 
| 530|0x00000000a1200000, 0x00000000a1300000, 0x00000000a1300000|100%| E|CS|TAMS 0x00000000a1200000| PB 0x00000000a1200000| Complete 
| 531|0x00000000a1300000, 0x00000000a1400000, 0x00000000a1400000|100%| E|CS|TAMS 0x00000000a1300000| PB 0x00000000a1300000| Complete 
| 532|0x00000000a1400000, 0x00000000a1500000, 0x00000000a1500000|100%| E|CS|TAMS 0x00000000a1400000| PB 0x00000000a1400000| Complete 
| 533|0x00000000a1500000, 0x00000000a1600000, 0x00000000a1600000|100%| E|CS|TAMS 0x00000000a1500000| PB 0x00000000a1500000| Complete 
| 534|0x00000000a1600000, 0x00000000a1700000, 0x00000000a1700000|100%| E|CS|TAMS 0x00000000a1600000| PB 0x00000000a1600000| Complete 
| 535|0x00000000a1700000, 0x00000000a1800000, 0x00000000a1800000|100%| E|CS|TAMS 0x00000000a1700000| PB 0x00000000a1700000| Complete 
| 536|0x00000000a1800000, 0x00000000a1900000, 0x00000000a1900000|100%| E|CS|TAMS 0x00000000a1800000| PB 0x00000000a1800000| Complete 
| 537|0x00000000a1900000, 0x00000000a1a00000, 0x00000000a1a00000|100%| E|CS|TAMS 0x00000000a1900000| PB 0x00000000a1900000| Complete 
| 538|0x00000000a1a00000, 0x00000000a1b00000, 0x00000000a1b00000|100%| E|CS|TAMS 0x00000000a1a00000| PB 0x00000000a1a00000| Complete 
| 539|0x00000000a1b00000, 0x00000000a1c00000, 0x00000000a1c00000|100%| E|CS|TAMS 0x00000000a1b00000| PB 0x00000000a1b00000| Complete 
| 540|0x00000000a1c00000, 0x00000000a1d00000, 0x00000000a1d00000|100%| E|CS|TAMS 0x00000000a1c00000| PB 0x00000000a1c00000| Complete 
| 541|0x00000000a1d00000, 0x00000000a1e00000, 0x00000000a1e00000|100%| E|CS|TAMS 0x00000000a1d00000| PB 0x00000000a1d00000| Complete 
| 542|0x00000000a1e00000, 0x00000000a1f00000, 0x00000000a1f00000|100%| E|CS|TAMS 0x00000000a1e00000| PB 0x00000000a1e00000| Complete 
| 543|0x00000000a1f00000, 0x00000000a2000000, 0x00000000a2000000|100%| E|CS|TAMS 0x00000000a1f00000| PB 0x00000000a1f00000| Complete 
| 544|0x00000000a2000000, 0x00000000a2100000, 0x00000000a2100000|100%| E|CS|TAMS 0x00000000a2000000| PB 0x00000000a2000000| Complete 
| 545|0x00000000a2100000, 0x00000000a2200000, 0x00000000a2200000|100%| E|CS|TAMS 0x00000000a2100000| PB 0x00000000a2100000| Complete 
|2026|0x00000000fea00000, 0x00000000feb00000, 0x00000000feb00000|100%| O|  |TAMS 0x00000000fea00000| PB 0x00000000fea00000| Untracked 
|2027|0x00000000feb00000, 0x00000000fec00000, 0x00000000fec00000|100%| E|CS|TAMS 0x00000000feb00000| PB 0x00000000feb00000| Complete 
|2028|0x00000000fec00000, 0x00000000fed00000, 0x00000000fed00000|100%| O|  |TAMS 0x00000000fec00000| PB 0x00000000fec00000| Untracked 
|2029|0x00000000fed00000, 0x00000000fee00000, 0x00000000fee00000|100%| O|  |TAMS 0x00000000fed00000| PB 0x00000000fed00000| Untracked 
|2030|0x00000000fee00000, 0x00000000fef00000, 0x00000000fef00000|100%| E|CS|TAMS 0x00000000fee00000| PB 0x00000000fee00000| Complete 
|2031|0x00000000fef00000, 0x00000000ff000000, 0x00000000ff000000|100%| O|  |TAMS 0x00000000fef00000| PB 0x00000000fef00000| Untracked 
|2032|0x00000000ff000000, 0x00000000ff100000, 0x00000000ff100000|100%| O|  |TAMS 0x00000000ff000000| PB 0x00000000ff000000| Untracked 
|2033|0x00000000ff100000, 0x00000000ff200000, 0x00000000ff200000|100%| O|  |TAMS 0x00000000ff100000| PB 0x00000000ff100000| Untracked 
|2034|0x00000000ff200000, 0x00000000ff300000, 0x00000000ff300000|100%| O|  |TAMS 0x00000000ff200000| PB 0x00000000ff200000| Untracked 
|2035|0x00000000ff300000, 0x00000000ff400000, 0x00000000ff400000|100%| O|  |TAMS 0x00000000ff300000| PB 0x00000000ff300000| Untracked 
|2036|0x00000000ff400000, 0x00000000ff500000, 0x00000000ff500000|100%| O|  |TAMS 0x00000000ff400000| PB 0x00000000ff400000| Untracked 
|2037|0x00000000ff500000, 0x00000000ff600000, 0x00000000ff600000|100%| E|CS|TAMS 0x00000000ff500000| PB 0x00000000ff500000| Complete 
|2038|0x00000000ff600000, 0x00000000ff700000, 0x00000000ff700000|100%| O|  |TAMS 0x00000000ff600000| PB 0x00000000ff600000| Untracked 
|2039|0x00000000ff700000, 0x00000000ff800000, 0x00000000ff800000|100%| E|CS|TAMS 0x00000000ff700000| PB 0x00000000ff700000| Complete 
|2040|0x00000000ff800000, 0x00000000ff900000, 0x00000000ff900000|100%| O|  |TAMS 0x00000000ff800000| PB 0x00000000ff800000| Untracked 
|2041|0x00000000ff900000, 0x00000000ffa00000, 0x00000000ffa00000|100%| O|  |TAMS 0x00000000ff900000| PB 0x00000000ff900000| Untracked 
|2042|0x00000000ffa00000, 0x00000000ffb00000, 0x00000000ffb00000|100%| O|  |TAMS 0x00000000ffa00000| PB 0x00000000ffa00000| Untracked 
|2043|0x00000000ffb00000, 0x00000000ffc00000, 0x00000000ffc00000|100%| O|  |TAMS 0x00000000ffb00000| PB 0x00000000ffb00000| Untracked 
|2044|0x00000000ffc00000, 0x00000000ffd00000, 0x00000000ffd00000|100%| E|CS|TAMS 0x00000000ffc00000| PB 0x00000000ffc00000| Complete 
|2045|0x00000000ffd00000, 0x00000000ffe00000, 0x00000000ffe00000|100%| O|  |TAMS 0x00000000ffd00000| PB 0x00000000ffd00000| Untracked 
|2046|0x00000000ffe00000, 0x00000000fff00000, 0x00000000fff00000|100%| O|  |TAMS 0x00000000ffe00000| PB 0x00000000ffe00000| Untracked 
|2047|0x00000000fff00000, 0x0000000100000000, 0x0000000100000000|100%| O|  |TAMS 0x00000000fff00000| PB 0x00000000fff00000| Untracked 

Card table byte_map: [0x0000020817410000,0x0000020817810000] _byte_map_base: 0x0000020817010000

Marking Bits: (CMBitMap*) 0x0000020804681aa0
 Bits: [0x0000020817810000, 0x0000020819810000)

Polling page: 0x0000020802460000

Metaspace:

Usage:
  Non-class:    113.76 MB used.
      Class:     18.78 MB used.
       Both:    132.54 MB used.

Virtual space:
  Non-class space:      128.00 MB reserved,     114.81 MB ( 90%) committed,  2 nodes.
      Class space:        1.00 GB reserved,      19.81 MB (  2%) committed,  1 nodes.
             Both:        1.12 GB reserved,     134.62 MB ( 12%) committed. 

Chunk freelists:
   Non-Class:  12.48 MB
       Class:  12.16 MB
        Both:  24.64 MB

MaxMetaspaceSize: unlimited
CompressedClassSpaceSize: 1.00 GB
Initial GC threshold: 21.00 MB
Current GC threshold: 216.56 MB
CDS: off
 - commit_granule_bytes: 65536.
 - commit_granule_words: 8192.
 - virtual_space_node_default_size: 8388608.
 - enlarge_chunks_in_place: 1.
 - use_allocation_guard: 0.


Internal statistics:

num_allocs_failed_limit: 9.
num_arena_births: 4172.
num_arena_deaths: 12.
num_vsnodes_births: 3.
num_vsnodes_deaths: 0.
num_space_committed: 2153.
num_space_uncommitted: 0.
num_chunks_returned_to_freelist: 27.
num_chunks_taken_from_freelist: 9795.
num_chunk_merges: 15.
num_chunk_splits: 6510.
num_chunks_enlarged: 4239.
num_inconsistent_stats: 0.

CodeHeap 'non-profiled nmethods': size=119168Kb used=10420Kb max_used=11147Kb free=108747Kb
 bounds [0x000002080f330000, 0x000002080fe30000, 0x0000020816790000]
CodeHeap 'profiled nmethods': size=119104Kb used=28677Kb max_used=28677Kb free=90426Kb
 bounds [0x0000020807790000, 0x00000208093a0000, 0x000002080ebe0000]
CodeHeap 'non-nmethods': size=7488Kb used=4674Kb max_used=4752Kb free=2813Kb
 bounds [0x000002080ebe0000, 0x000002080f090000, 0x000002080f330000]
CodeCache: size=245760Kb, used=43771Kb, max_used=44576Kb, free=201986Kb
 total_blobs=16245, nmethods=15228, adapters=917, full_count=0
Compilation: enabled, stopped_count=0, restarted_count=0

Compilation events (20 events):
Event: 13.062 Thread 0x000002081caa77c0 18356       3       com.android.tools.r8.internal.Ko::n2 (5 bytes)
Event: 13.062 Thread 0x000002081caa8690 18360       3       com.android.tools.r8.internal.vM::o (14 bytes)
Event: 13.063 Thread 0x000002081caa77c0 nmethod 18356 0x000002080824df10 code [0x000002080824e0c0, 0x000002080824e2b0]
Event: 13.063 Thread 0x000002081caa8690 nmethod 18360 0x000002080824db90 code [0x000002080824dd20, 0x000002080824de80]
Event: 13.063 Thread 0x000002081caa77c0 18361       3       com.android.tools.r8.internal.Of::a (36 bytes)
Event: 13.063 Thread 0x000002081caa8690 18349       3       com.android.tools.r8.internal.f20::a0 (25 bytes)
Event: 13.063 Thread 0x000002081caa77c0 nmethod 18361 0x000002080824d710 code [0x000002080824d8c0, 0x000002080824da30]
Event: 13.063 Thread 0x000002081caa77c0 18363       3       com.android.tools.r8.internal.vM$b$$Lambda/0x000000010135a778::apply (8 bytes)
Event: 13.063 Thread 0x000002081caa8690 nmethod 18349 0x000002080824d290 code [0x000002080824d440, 0x000002080824d630]
Event: 13.063 Thread 0x000002081c9482e0 nmethod 18350 0x0000020808816290 code [0x00000208088164c0, 0x0000020808816ce8]
Event: 13.063 Thread 0x000002081caa77c0 nmethod 18363 0x0000020808815d10 code [0x0000020808815ec0, 0x0000020808816170]
Event: 13.063 Thread 0x000002081c9482e0 18365       3       com.android.tools.r8.internal.q20::a (144 bytes)
Event: 13.063 Thread 0x000002081caa77c0 18364       3       com.android.tools.r8.graph.s2::A0 (11 bytes)
Event: 13.063 Thread 0x000002081caa8690 18368       3       com.android.tools.r8.internal.bS::a (174 bytes)
Event: 13.063 Thread 0x0000020821bd0db0 nmethod 18353 0x0000020808814e90 code [0x0000020808815100, 0x00000208088159b0]
Event: 13.063 Thread 0x0000020821bd0db0 18369       3       com.android.tools.r8.internal.bS::a (109 bytes)
Event: 13.063 Thread 0x0000020822f663b0 nmethod 18322 0x000002080f6d3790 code [0x000002080f6d39c0, 0x000002080f6d41d0]
Event: 13.063 Thread 0x000002081caa77c0 nmethod 18364 0x0000020808814a10 code [0x0000020808814bc0, 0x0000020808814d40]
Event: 13.063 Thread 0x000002082127f0e0 18379       4       com.android.tools.r8.internal.d9::e (2 bytes)
Event: 13.458 Thread 0x000002082ecef550 18388   !   4       java.util.concurrent.locks.LockSupport::parkNanos (56 bytes)

GC Heap History (20 events):
Event: 9.912 GC heap before
{Heap before GC invocations=40 (full 0):
 garbage-first heap   total 220160K, used 200059K [0x0000000080000000, 0x0000000100000000)
  region size 1024K, 73 young (74752K), 7 survivors (7168K)
 Metaspace       used 115763K, committed 117760K, reserved 1179648K
  class space    used 16066K, committed 17024K, reserved 1048576K
}
Event: 9.918 GC heap after
{Heap after GC invocations=41 (full 0):
 garbage-first heap   total 264192K, used 133186K [0x0000000080000000, 0x0000000100000000)
  region size 1024K, 8 young (8192K), 8 survivors (8192K)
 Metaspace       used 115763K, committed 117760K, reserved 1179648K
  class space    used 16066K, committed 17024K, reserved 1048576K
}
Event: 10.305 GC heap before
{Heap before GC invocations=41 (full 0):
 garbage-first heap   total 264192K, used 236610K [0x0000000080000000, 0x0000000100000000)
  region size 1024K, 110 young (112640K), 8 survivors (8192K)
 Metaspace       used 115904K, committed 117952K, reserved 1179648K
  class space    used 16083K, committed 17088K, reserved 1048576K
}
Event: 10.309 GC heap after
{Heap after GC invocations=42 (full 0):
 garbage-first heap   total 264192K, used 136027K [0x0000000080000000, 0x0000000100000000)
  region size 1024K, 10 young (10240K), 10 survivors (10240K)
 Metaspace       used 115904K, committed 117952K, reserved 1179648K
  class space    used 16083K, committed 17088K, reserved 1048576K
}
Event: 10.792 GC heap before
{Heap before GC invocations=43 (full 0):
 garbage-first heap   total 264192K, used 241499K [0x0000000080000000, 0x0000000100000000)
  region size 1024K, 114 young (116736K), 10 survivors (10240K)
 Metaspace       used 116320K, committed 118272K, reserved 1179648K
  class space    used 16140K, committed 17088K, reserved 1048576K
}
Event: 10.797 GC heap after
{Heap after GC invocations=44 (full 0):
 garbage-first heap   total 264192K, used 138626K [0x0000000080000000, 0x0000000100000000)
  region size 1024K, 10 young (10240K), 10 survivors (10240K)
 Metaspace       used 116320K, committed 118272K, reserved 1179648K
  class space    used 16140K, committed 17088K, reserved 1048576K
}
Event: 11.502 GC heap before
{Heap before GC invocations=44 (full 0):
 garbage-first heap   total 264192K, used 242050K [0x0000000080000000, 0x0000000100000000)
  region size 1024K, 112 young (114688K), 10 survivors (10240K)
 Metaspace       used 120140K, committed 122240K, reserved 1179648K
  class space    used 16617K, committed 17664K, reserved 1048576K
}
Event: 11.508 GC heap after
{Heap after GC invocations=45 (full 0):
 garbage-first heap   total 264192K, used 142093K [0x0000000080000000, 0x0000000100000000)
  region size 1024K, 13 young (13312K), 13 survivors (13312K)
 Metaspace       used 120140K, committed 122240K, reserved 1179648K
  class space    used 16617K, committed 17664K, reserved 1048576K
}
Event: 11.715 GC heap before
{Heap before GC invocations=45 (full 0):
 garbage-first heap   total 264192K, used 241421K [0x0000000080000000, 0x0000000100000000)
  region size 1024K, 111 young (113664K), 13 survivors (13312K)
 Metaspace       used 121524K, committed 123648K, reserved 1179648K
  class space    used 16845K, committed 17856K, reserved 1048576K
}
Event: 11.722 GC heap after
{Heap after GC invocations=46 (full 0):
 garbage-first heap   total 266240K, used 151788K [0x0000000080000000, 0x0000000100000000)
  region size 1024K, 14 young (14336K), 14 survivors (14336K)
 Metaspace       used 121524K, committed 123648K, reserved 1179648K
  class space    used 16845K, committed 17856K, reserved 1048576K
}
Event: 12.108 GC heap before
{Heap before GC invocations=47 (full 0):
 garbage-first heap   total 266240K, used 239852K [0x0000000080000000, 0x0000000100000000)
  region size 1024K, 101 young (103424K), 14 survivors (14336K)
 Metaspace       used 126463K, committed 128512K, reserved 1179648K
  class space    used 17598K, committed 18624K, reserved 1048576K
}
Event: 12.119 GC heap after
{Heap after GC invocations=48 (full 0):
 garbage-first heap   total 270336K, used 165979K [0x0000000080000000, 0x0000000100000000)
  region size 1024K, 13 young (13312K), 13 survivors (13312K)
 Metaspace       used 126463K, committed 128512K, reserved 1179648K
  class space    used 17598K, committed 18624K, reserved 1048576K
}
Event: 12.341 GC heap before
{Heap before GC invocations=48 (full 0):
 garbage-first heap   total 270336K, used 242779K [0x0000000080000000, 0x0000000100000000)
  region size 1024K, 89 young (91136K), 13 survivors (13312K)
 Metaspace       used 128943K, committed 131072K, reserved 1179648K
  class space    used 18046K, committed 19136K, reserved 1048576K
}
Event: 12.355 GC heap after
{Heap after GC invocations=49 (full 0):
 garbage-first heap   total 272384K, used 177326K [0x0000000080000000, 0x0000000100000000)
  region size 1024K, 12 young (12288K), 12 survivors (12288K)
 Metaspace       used 128943K, committed 131072K, reserved 1179648K
  class space    used 18046K, committed 19136K, reserved 1048576K
}
Event: 12.511 GC heap before
{Heap before GC invocations=49 (full 0):
 garbage-first heap   total 272384K, used 245934K [0x0000000080000000, 0x0000000100000000)
  region size 1024K, 79 young (80896K), 12 survivors (12288K)
 Metaspace       used 129549K, committed 131648K, reserved 1179648K
  class space    used 18121K, committed 19200K, reserved 1048576K
}
Event: 12.524 GC heap after
{Heap after GC invocations=50 (full 0):
 garbage-first heap   total 272384K, used 189422K [0x0000000080000000, 0x0000000100000000)
  region size 1024K, 10 young (10240K), 10 survivors (10240K)
 Metaspace       used 129549K, committed 131648K, reserved 1179648K
  class space    used 18121K, committed 19200K, reserved 1048576K
}
Event: 12.713 GC heap before
{Heap before GC invocations=51 (full 0):
 garbage-first heap   total 316416K, used 247790K [0x0000000080000000, 0x0000000100000000)
  region size 1024K, 68 young (69632K), 10 survivors (10240K)
 Metaspace       used 131760K, committed 133888K, reserved 1179648K
  class space    used 18517K, committed 19584K, reserved 1048576K
}
Event: 12.723 GC heap after
{Heap after GC invocations=52 (full 0):
 garbage-first heap   total 316416K, used 199425K [0x0000000080000000, 0x0000000100000000)
  region size 1024K, 9 young (9216K), 9 survivors (9216K)
 Metaspace       used 131760K, committed 133888K, reserved 1179648K
  class space    used 18517K, committed 19584K, reserved 1048576K
}
Event: 12.822 GC heap before
{Heap before GC invocations=52 (full 0):
 garbage-first heap   total 316416K, used 283393K [0x0000000080000000, 0x0000000100000000)
  region size 1024K, 92 young (94208K), 9 survivors (9216K)
 Metaspace       used 132577K, committed 134656K, reserved 1179648K
  class space    used 18672K, committed 19712K, reserved 1048576K
}
Event: 12.836 GC heap after
{Heap after GC invocations=53 (full 0):
 garbage-first heap   total 581632K, used 210894K [0x0000000080000000, 0x0000000100000000)
  region size 1024K, 12 young (12288K), 12 survivors (12288K)
 Metaspace       used 132577K, committed 134656K, reserved 1179648K
  class space    used 18672K, committed 19712K, reserved 1048576K
}

Dll operation events (3 events):
Event: 0.007 Loaded shared library C:\Program Files\Android\Android Studio\jbr\bin\java.dll
Event: 0.010 Loaded shared library C:\Program Files\Android\Android Studio\jbr\bin\zip.dll
Event: 0.304 Loaded shared library C:\Program Files\Android\Android Studio\jbr\bin\verify.dll

Deoptimization events (20 events):
Event: 13.049 Thread 0x000002082f12d9a0 DEOPT PACKING pc=0x000002080f3b1fe8 sp=0x000000fe792fa580
Event: 13.049 Thread 0x000002082f130e20 DEOPT UNPACKING pc=0x000002080ec37aa2 sp=0x000000fe791fa318 mode 2
Event: 13.049 Thread 0x000002082f12d9a0 DEOPT UNPACKING pc=0x000002080ec37aa2 sp=0x000000fe792fa4e8 mode 2
Event: 13.049 Thread 0x000002082f130e20 Uncommon trap: trap_request=0xffffffc6 fr.pc=0x000002080f3b1fe8 relative=0x0000000000000a68
Event: 13.049 Thread 0x000002082f12d9a0 Uncommon trap: trap_request=0xffffffc6 fr.pc=0x000002080f3b1fe8 relative=0x0000000000000a68
Event: 13.049 Thread 0x000002082f130e20 Uncommon trap: reason=bimorphic_or_optimized_type_check action=maybe_recompile pc=0x000002080f3b1fe8 method=java.util.function.Predicate.lambda$or$2(Ljava/util/function/Predicate;Ljava/lang/Object;)Z @ 2 c2
Event: 13.049 Thread 0x000002082f12d9a0 Uncommon trap: reason=bimorphic_or_optimized_type_check action=maybe_recompile pc=0x000002080f3b1fe8 method=java.util.function.Predicate.lambda$or$2(Ljava/util/function/Predicate;Ljava/lang/Object;)Z @ 2 c2
Event: 13.049 Thread 0x000002082f130e20 DEOPT PACKING pc=0x000002080f3b1fe8 sp=0x000000fe791fa3b0
Event: 13.049 Thread 0x000002082f12d9a0 DEOPT PACKING pc=0x000002080f3b1fe8 sp=0x000000fe792fa580
Event: 13.049 Thread 0x000002082f130e20 DEOPT UNPACKING pc=0x000002080ec37aa2 sp=0x000000fe791fa318 mode 2
Event: 13.049 Thread 0x000002082f12d9a0 DEOPT UNPACKING pc=0x000002080ec37aa2 sp=0x000000fe792fa4e8 mode 2
Event: 13.049 Thread 0x000002082f12d9a0 Uncommon trap: trap_request=0xffffffde fr.pc=0x000002080f416810 relative=0x0000000000000070
Event: 13.049 Thread 0x000002082f12d9a0 Uncommon trap: reason=class_check action=maybe_recompile pc=0x000002080f416810 method=com.android.tools.r8.internal.MM.test(Ljava/lang/Object;)Z @ 2 c2
Event: 13.049 Thread 0x000002082f12d9a0 DEOPT PACKING pc=0x000002080f416810 sp=0x000000fe792fa8c0
Event: 13.049 Thread 0x000002082f12d9a0 DEOPT UNPACKING pc=0x000002080ec37aa2 sp=0x000000fe792fa858 mode 2
Event: 13.054 Thread 0x000002082f1314b0 Uncommon trap: trap_request=0xffffffc6 fr.pc=0x000002080fd49fbc relative=0x000000000000081c
Event: 13.054 Thread 0x000002082f1314b0 Uncommon trap: reason=bimorphic_or_optimized_type_check action=maybe_recompile pc=0x000002080fd49fbc method=com.android.tools.r8.internal.Sh.hashCode()I @ 25 c2
Event: 13.054 Thread 0x000002082f1314b0 DEOPT PACKING pc=0x000002080fd49fbc sp=0x000000fe795fa960
Event: 13.054 Thread 0x000002082f1314b0 DEOPT UNPACKING pc=0x000002080ec37aa2 sp=0x000000fe795fa8f8 mode 2
Event: 13.063 Thread 0x000002082f1314b0 Uncommon trap: trap_request=0xffffffc6 fr.pc=0x000002080fd49fbc relative=0x000000000000081c

Classes loaded (20 events):
Event: 11.637 Loading class java/util/zip/ZipFile$ZipEntryIterator
Event: 11.637 Loading class java/util/zip/ZipFile$ZipEntryIterator done
Event: 11.681 Loading class java/util/zip/ZipInputStream
Event: 11.681 Loading class java/util/zip/ZipInputStream done
Event: 11.757 Loading class java/io/UTFDataFormatException
Event: 11.757 Loading class java/io/UTFDataFormatException done
Event: 11.862 Loading class java/util/concurrent/RejectedExecutionException
Event: 11.862 Loading class java/util/concurrent/RejectedExecutionException done
Event: 11.969 Loading class java/lang/reflect/GenericSignatureFormatError
Event: 11.969 Loading class java/lang/reflect/GenericSignatureFormatError done
Event: 12.974 Loading class java/util/SortedSet$1
Event: 12.975 Loading class java/util/SortedSet$1 done
Event: 12.983 Loading class java/util/stream/SliceOps
Event: 12.984 Loading class java/util/stream/SliceOps done
Event: 12.984 Loading class java/util/stream/SliceOps$1
Event: 12.984 Loading class java/util/stream/SliceOps$1 done
Event: 12.990 Loading class java/util/stream/SliceOps$1$1
Event: 12.990 Loading class java/util/stream/SliceOps$1$1 done
Event: 13.003 Loading class java/util/IdentityHashMap$ValueIterator
Event: 13.003 Loading class java/util/IdentityHashMap$ValueIterator done

Classes unloaded (6 events):
Event: 10.351 Thread 0x000002081c8c4510 Unloading class 0x000000010108a800 'java/lang/invoke/LambdaForm$DMH+0x000000010108a800'
Event: 12.631 Thread 0x000002081c8c4510 Unloading class 0x0000000101210400 'java/lang/invoke/LambdaForm$DMH+0x0000000101210400'
Event: 12.631 Thread 0x000002081c8c4510 Unloading class 0x0000000101210000 'java/lang/invoke/LambdaForm$DMH+0x0000000101210000'
Event: 12.631 Thread 0x000002081c8c4510 Unloading class 0x0000000101211000 'java/lang/invoke/LambdaForm$DMH+0x0000000101211000'
Event: 12.631 Thread 0x000002081c8c4510 Unloading class 0x0000000101211400 'java/lang/invoke/LambdaForm$DMH+0x0000000101211400'
Event: 12.631 Thread 0x000002081c8c4510 Unloading class 0x0000000101210800 'java/lang/invoke/LambdaForm$DMH+0x0000000101210800'

Classes redefined (0 events):
No events

Internal exceptions (20 events):
Event: 13.046 Thread 0x000002082f12d9a0 Exception <a 'sun/nio/fs/WindowsException'{0x000000009f4cbaf0}> (0x000000009f4cbaf0) 
thrown [s\src\hotspot\share\prims\jni.cpp, line 537]
Event: 13.047 Thread 0x000002082f129e90 Exception <a 'sun/nio/fs/WindowsException'{0x000000009f4fb618}> (0x000000009f4fb618) 
thrown [s\src\hotspot\share\prims\jni.cpp, line 537]
Event: 13.047 Thread 0x000002082ee6a170 Exception <a 'sun/nio/fs/WindowsException'{0x000000009f318c50}> (0x000000009f318c50) 
thrown [s\src\hotspot\share\prims\jni.cpp, line 537]
Event: 13.048 Thread 0x000002082ee68730 Exception <a 'sun/nio/fs/WindowsException'{0x000000009f678958}> (0x000000009f678958) 
thrown [s\src\hotspot\share\prims\jni.cpp, line 537]
Event: 13.048 Thread 0x000002082f12d9a0 Exception <a 'sun/nio/fs/WindowsException'{0x000000009f4d8610}> (0x000000009f4d8610) 
thrown [s\src\hotspot\share\prims\jni.cpp, line 537]
Event: 13.048 Thread 0x000002082f134fc0 Exception <a 'sun/nio/fs/WindowsException'{0x000000009f49c798}> (0x000000009f49c798) 
thrown [s\src\hotspot\share\prims\jni.cpp, line 537]
Event: 13.048 Thread 0x000002082f129e90 Exception <a 'sun/nio/fs/WindowsException'{0x000000009f3564e0}> (0x000000009f3564e0) 
thrown [s\src\hotspot\share\prims\jni.cpp, line 537]
Event: 13.048 Thread 0x000002082ee69450 Exception <a 'sun/nio/fs/WindowsException'{0x000000009f7c68d8}> (0x000000009f7c68d8) 
thrown [s\src\hotspot\share\prims\jni.cpp, line 537]
Event: 13.049 Thread 0x000002082ee6a170 Exception <a 'sun/nio/fs/WindowsException'{0x000000009f39c860}> (0x000000009f39c860) 
thrown [s\src\hotspot\share\prims\jni.cpp, line 537]
Event: 13.049 Thread 0x000002082ee69450 Exception <a 'sun/nio/fs/WindowsException'{0x000000009f3af4c0}> (0x000000009f3af4c0) 
thrown [s\src\hotspot\share\prims\jni.cpp, line 537]
Event: 13.049 Thread 0x000002082f134fc0 Exception <a 'sun/nio/fs/WindowsException'{0x000000009f372990}> (0x000000009f372990) 
thrown [s\src\hotspot\share\prims\jni.cpp, line 537]
Event: 13.050 Thread 0x000002082ee68730 Exception <a 'sun/nio/fs/WindowsException'{0x000000009f6816f0}> (0x000000009f6816f0) 
thrown [s\src\hotspot\share\prims\jni.cpp, line 537]
Event: 13.050 Thread 0x000002082ee69450 Exception <a 'sun/nio/fs/WindowsException'{0x000000009f3bcff8}> (0x000000009f3bcff8) 
thrown [s\src\hotspot\share\prims\jni.cpp, line 537]
Event: 13.051 Thread 0x000002082ee69450 Exception <a 'sun/nio/fs/WindowsException'{0x000000009f3c6948}> (0x000000009f3c6948) 
thrown [s\src\hotspot\share\prims\jni.cpp, line 537]
Event: 13.051 Thread 0x000002082f129e90 Exception <a 'sun/nio/fs/WindowsException'{0x000000009f3fb088}> (0x000000009f3fb088) 
thrown [s\src\hotspot\share\prims\jni.cpp, line 537]
Event: 13.051 Thread 0x000002082ee68730 Exception <a 'sun/nio/fs/WindowsException'{0x000000009f68ab98}> (0x000000009f68ab98) 
thrown [s\src\hotspot\share\prims\jni.cpp, line 537]
Event: 13.052 Thread 0x000002082f1314b0 Exception <a 'sun/nio/fs/WindowsException'{0x000000009f208110}> (0x000000009f208110) 
thrown [s\src\hotspot\share\prims\jni.cpp, line 537]
Event: 13.052 Thread 0x000002082ee68730 Exception <a 'sun/nio/fs/WindowsException'{0x000000009f6943a0}> (0x000000009f6943a0) 
thrown [s\src\hotspot\share\prims\jni.cpp, line 537]
Event: 13.055 Thread 0x000002082ee69450 Exception <a 'sun/nio/fs/WindowsException'{0x000000009f3cfe18}> (0x000000009f3cfe18) 
thrown [s\src\hotspot\share\prims\jni.cpp, line 537]
Event: 13.063 Thread 0x000002082ee66cf0 Exception <a 'sun/nio/fs/WindowsException'{0x000000009f9ec518}> (0x000000009f9ec518) 
thrown [s\src\hotspot\share\prims\jni.cpp, line 537]

ZGC Phase Switch (0 events):
No events

VM Operations (20 events):
Event: 12.776 Executing VM operation: HandshakeAllThreads (Deoptimize) done
Event: 12.795 Executing VM operation: HandshakeAllThreads (Deoptimize)
Event: 12.796 Executing VM operation: HandshakeAllThreads (Deoptimize) done
Event: 12.822 Executing VM operation: G1CollectForAllocation (G1 Evacuation Pause)
Event: 12.836 Executing VM operation: G1CollectForAllocation (G1 Evacuation Pause) done
Event: 12.844 Executing VM operation: HandshakeAllThreads (Deoptimize)
Event: 12.844 Executing VM operation: HandshakeAllThreads (Deoptimize) done
Event: 12.876 Executing VM operation: HandshakeAllThreads (Deoptimize)
Event: 12.876 Executing VM operation: HandshakeAllThreads (Deoptimize) done
Event: 12.981 Executing VM operation: HandshakeAllThreads (Deoptimize)
Event: 12.982 Executing VM operation: HandshakeAllThreads (Deoptimize) done
Event: 12.989 Executing VM operation: HandshakeAllThreads (Deoptimize)
Event: 12.989 Executing VM operation: HandshakeAllThreads (Deoptimize) done
Event: 13.045 Executing VM operation: HandshakeAllThreads (Deoptimize)
Event: 13.046 Executing VM operation: HandshakeAllThreads (Deoptimize) done
Event: 13.054 Executing VM operation: HandshakeAllThreads (Deoptimize)
Event: 13.055 Executing VM operation: HandshakeAllThreads (Deoptimize) done
Event: 13.056 Executing VM operation: ICBufferFull
Event: 13.062 Executing VM operation: ICBufferFull done
Event: 13.062 Executing VM operation: HandshakeAllThreads (Deoptimize)

Memory protections (0 events):
No events

Nmethod flushes (20 events):
Event: 12.640 Thread 0x000002081c8c4510 flushing  nmethod 0x00000208078af010
Event: 12.640 Thread 0x000002081c8c4510 flushing  nmethod 0x0000020807a7ba10
Event: 12.640 Thread 0x000002081c8c4510 flushing  nmethod 0x0000020807a7c710
Event: 12.640 Thread 0x000002081c8c4510 flushing  nmethod 0x0000020807a7cf90
Event: 12.640 Thread 0x000002081c8c4510 flushing  nmethod 0x0000020807af8510
Event: 12.640 Thread 0x000002081c8c4510 flushing  nmethod 0x0000020807afab10
Event: 12.640 Thread 0x000002081c8c4510 flushing  nmethod 0x0000020807c4ca10
Event: 12.640 Thread 0x000002081c8c4510 flushing  nmethod 0x0000020807dfb710
Event: 12.640 Thread 0x000002081c8c4510 flushing  nmethod 0x0000020807dfce90
Event: 12.640 Thread 0x000002081c8c4510 flushing  nmethod 0x000002080847f990
Event: 12.640 Thread 0x000002081c8c4510 flushing  nmethod 0x0000020808507290
Event: 12.640 Thread 0x000002081c8c4510 flushing  nmethod 0x0000020808508810
Event: 12.640 Thread 0x000002081c8c4510 flushing  nmethod 0x000002080855cb10
Event: 12.640 Thread 0x000002081c8c4510 flushing  nmethod 0x000002080855d890
Event: 12.640 Thread 0x000002081c8c4510 flushing  nmethod 0x0000020808563c90
Event: 12.640 Thread 0x000002081c8c4510 flushing  nmethod 0x0000020808aa7a10
Event: 12.640 Thread 0x000002081c8c4510 flushing  nmethod 0x0000020808ab1010
Event: 12.640 Thread 0x000002081c8c4510 flushing  nmethod 0x0000020808b28f90
Event: 12.640 Thread 0x000002081c8c4510 flushing  nmethod 0x0000020808f2a210
Event: 12.640 Thread 0x000002081c8c4510 flushing  nmethod 0x0000020809170190

Events (20 events):
Event: 9.945 Thread 0x000002082edd1b40 Thread added: 0x0000020827c16bc0
Event: 10.002 Thread 0x000002082edd1b40 Thread added: 0x0000020827c17250
Event: 10.020 Thread 0x000002082edd1b40 Thread added: 0x000002082f127730
Event: 10.021 Thread 0x000002082edd1b40 Thread added: 0x000002082e1d09b0
Event: 10.021 Thread 0x000002082edd1b40 Thread added: 0x000002082e1d16d0
Event: 10.021 Thread 0x000002082edd1b40 Thread added: 0x000002082e1d0320
Event: 10.022 Thread 0x000002082edd1b40 Thread added: 0x000002082e1d1040
Event: 10.022 Thread 0x000002082edd1b40 Thread added: 0x000002082e1cef70
Event: 10.022 Thread 0x000002082edd1b40 Thread added: 0x000002082e1cf600
Event: 11.373 Thread 0x000002082edd2ef0 Thread added: 0x000002082e1cfc90
Event: 11.414 Thread 0x0000020822f663b0 Thread added: 0x000002082ecef550
Event: 11.414 Thread 0x0000020822f663b0 Thread added: 0x000002082f8bc010
Event: 11.480 Thread 0x000002082e1cfc90 Thread added: 0x000002082e1d44c0
Event: 11.487 Thread 0x0000020821bd0db0 Thread added: 0x00000208296db0a0
Event: 11.487 Thread 0x000002082e1cfc90 Thread added: 0x000002082e1d51e0
Event: 11.490 Loaded shared library C:\Program Files\Android\Android Studio\jbr\bin\rmi.dll
Event: 11.491 Thread 0x000002082e1cfc90 Thread added: 0x000002082e1d5870
Event: 11.561 Thread 0x000002082e1cfc90 Thread added: 0x000002082e1d5f00
Event: 11.561 Thread 0x000002082e1cfc90 Thread added: 0x000002082e1d6c20
Event: 11.589 Thread 0x000002082e1d5f00 Thread added: 0x000002082e1d3e30


Dynamic libraries:
0x00007ff72bef0000 - 0x00007ff72befa000 	C:\Program Files\Android\Android Studio\jbr\bin\java.exe
0x00007ffa0d240000 - 0x00007ffa0d4a7000 	C:\WINDOWS\SYSTEM32\ntdll.dll
0x00007ffa0bc80000 - 0x00007ffa0bd49000 	C:\WINDOWS\System32\KERNEL32.DLL
0x00007ffa0a8f0000 - 0x00007ffa0ace1000 	C:\WINDOWS\System32\KERNELBASE.dll
0x00007ffa0acf0000 - 0x00007ffa0ae3b000 	C:\WINDOWS\System32\ucrtbase.dll
0x00007ff9e8a20000 - 0x00007ff9e8a38000 	C:\Program Files\Android\Android Studio\jbr\bin\jli.dll
0x00007ffa06e20000 - 0x00007ffa06e3b000 	C:\Program Files\Android\Android Studio\jbr\bin\VCRUNTIME140.dll
0x00007ffa0ca50000 - 0x00007ffa0cc15000 	C:\WINDOWS\System32\USER32.dll
0x00007ffa0aef0000 - 0x00007ffa0af17000 	C:\WINDOWS\System32\win32u.dll
0x00007ff9f0810000 - 0x00007ff9f0aa3000 	C:\WINDOWS\WinSxS\amd64_microsoft.windows.common-controls_6595b64144ccf1df_6.0.26100.8037_none_3e092faae333b53b\COMCTL32.dll
0x00007ffa0b4c0000 - 0x00007ffa0b4eb000 	C:\WINDOWS\System32\GDI32.dll
0x00007ffa0c220000 - 0x00007ffa0c2c9000 	C:\WINDOWS\System32\msvcrt.dll
0x00007ffa09f50000 - 0x00007ffa0a07b000 	C:\WINDOWS\System32\gdi32full.dll
0x00007ffa0ae40000 - 0x00007ffa0aee3000 	C:\WINDOWS\System32\msvcp_win.dll
0x00007ffa0bd50000 - 0x00007ffa0bd81000 	C:\WINDOWS\System32\IMM32.DLL
0x00007ffa06e10000 - 0x00007ffa06e1c000 	C:\Program Files\Android\Android Studio\jbr\bin\vcruntime140_1.dll
0x00007ff96c190000 - 0x00007ff96c21d000 	C:\Program Files\Android\Android Studio\jbr\bin\msvcp140.dll
0x00007ff95ac20000 - 0x00007ff95b8b6000 	C:\Program Files\Android\Android Studio\jbr\bin\server\jvm.dll
0x00007ffa0afe0000 - 0x00007ffa0b09b000 	C:\WINDOWS\System32\ADVAPI32.dll
0x00007ffa0cc20000 - 0x00007ffa0ccc7000 	C:\WINDOWS\System32\sechost.dll
0x00007ffa0b300000 - 0x00007ffa0b418000 	C:\WINDOWS\System32\RPCRT4.dll
0x00007ffa0cd50000 - 0x00007ffa0cdc4000 	C:\WINDOWS\System32\WS2_32.dll
0x00007ffa09410000 - 0x00007ffa0946e000 	C:\WINDOWS\SYSTEM32\POWRPROF.dll
0x00007ffa00320000 - 0x00007ffa0032b000 	C:\WINDOWS\SYSTEM32\VERSION.dll
0x00007ff9fd010000 - 0x00007ff9fd045000 	C:\WINDOWS\SYSTEM32\WINMM.dll
0x00007ffa093f0000 - 0x00007ffa09404000 	C:\WINDOWS\SYSTEM32\UMPDC.dll
0x00007ffa08870000 - 0x00007ffa0888b000 	C:\WINDOWS\SYSTEM32\kernel.appcore.dll
0x00007ffa03d60000 - 0x00007ffa03d6a000 	C:\Program Files\Android\Android Studio\jbr\bin\jimage.dll
0x00007ffa07940000 - 0x00007ffa07b82000 	C:\WINDOWS\SYSTEM32\DBGHELP.DLL
0x00007ffa0b570000 - 0x00007ffa0b8f2000 	C:\WINDOWS\System32\combase.dll
0x00007ffa0b910000 - 0x00007ffa0b9e7000 	C:\WINDOWS\System32\OLEAUT32.dll
0x00007ff9fbd20000 - 0x00007ff9fbd5b000 	C:\WINDOWS\SYSTEM32\dbgcore.DLL
0x00007ffa09e10000 - 0x00007ffa09eb5000 	C:\WINDOWS\System32\bcryptPrimitives.dll
0x00007ffa04d20000 - 0x00007ffa04d2e000 	C:\Program Files\Android\Android Studio\jbr\bin\instrument.dll
0x00007ff9fa2b0000 - 0x00007ff9fa2d0000 	C:\Program Files\Android\Android Studio\jbr\bin\java.dll
0x00007ff9fa290000 - 0x00007ff9fa2a8000 	C:\Program Files\Android\Android Studio\jbr\bin\zip.dll
0x00007ffa0c2e0000 - 0x00007ffa0ca3f000 	C:\WINDOWS\System32\SHELL32.dll
0x00007ffa09b20000 - 0x00007ffa09c8a000 	C:\WINDOWS\System32\wintypes.dll
0x00007ffa0a080000 - 0x00007ffa0a8e4000 	C:\WINDOWS\System32\windows.storage.dll
0x00007ffa0ba80000 - 0x00007ffa0bb77000 	C:\WINDOWS\System32\SHCORE.dll
0x00007ffa0b4f0000 - 0x00007ffa0b557000 	C:\WINDOWS\System32\shlwapi.dll
0x00007ffa09a40000 - 0x00007ffa09a69000 	C:\WINDOWS\SYSTEM32\profapi.dll
0x00007ffa021e0000 - 0x00007ffa021f0000 	C:\Program Files\Android\Android Studio\jbr\bin\net.dll
0x00007ffa03270000 - 0x00007ffa03397000 	C:\WINDOWS\SYSTEM32\WINHTTP.dll
0x00007ffa08dc0000 - 0x00007ffa08e2b000 	C:\WINDOWS\system32\mswsock.dll
0x00007ff9fa1b0000 - 0x00007ff9fa1c6000 	C:\Program Files\Android\Android Studio\jbr\bin\nio.dll
0x00007ffa02110000 - 0x00007ffa02120000 	C:\Program Files\Android\Android Studio\jbr\bin\verify.dll
0x00007ff9ec0e0000 - 0x00007ff9ec107000 	C:\Users\sabda\.gradle\native\c067742578af261105cb4f569cf0c3c89f3d7b1fecec35dd04571415982c5e48\windows-amd64\native-platform.dll
0x00007ff9d9e80000 - 0x00007ff9d9fc4000 	C:\Users\sabda\.gradle\native\38dada09dfb8b06ba9b0570ebf7e218e3eb74d4ef43ca46872605cf95ebc2f47\windows-amd64\native-platform-file-events.dll
0x00007ff9f9fc0000 - 0x00007ff9f9fc9000 	C:\Program Files\Android\Android Studio\jbr\bin\management.dll
0x00007ff9f9fb0000 - 0x00007ff9f9fbb000 	C:\Program Files\Android\Android Studio\jbr\bin\management_ext.dll
0x00007ffa0b420000 - 0x00007ffa0b428000 	C:\WINDOWS\System32\PSAPI.DLL
0x00007ffa091c0000 - 0x00007ffa091db000 	C:\WINDOWS\SYSTEM32\CRYPTSP.dll
0x00007ffa087d0000 - 0x00007ffa08809000 	C:\WINDOWS\system32\rsaenh.dll
0x00007ffa08e70000 - 0x00007ffa08ea2000 	C:\WINDOWS\SYSTEM32\USERENV.dll
0x00007ffa09a10000 - 0x00007ffa09a3a000 	C:\WINDOWS\SYSTEM32\bcrypt.dll
0x00007ffa09020000 - 0x00007ffa0902c000 	C:\WINDOWS\SYSTEM32\CRYPTBASE.dll
0x00007ffa08260000 - 0x00007ffa08293000 	C:\WINDOWS\SYSTEM32\IPHLPAPI.DLL
0x00007ffa0b900000 - 0x00007ffa0b90a000 	C:\WINDOWS\System32\NSI.dll
0x00007ff9fa1a0000 - 0x00007ff9fa1a9000 	C:\Program Files\Android\Android Studio\jbr\bin\extnet.dll
0x00007ff9d3c40000 - 0x00007ff9d3c48000 	C:\WINDOWS\system32\wshunix.dll
0x00007ff9c7230000 - 0x00007ff9c7248000 	C:\WINDOWS\system32\napinsp.dll
0x00007ffa082a0000 - 0x00007ffa083ca000 	C:\WINDOWS\SYSTEM32\DNSAPI.dll
0x00007ff9c4370000 - 0x00007ff9c4382000 	C:\WINDOWS\System32\winrnr.dll
0x00007ff9c4340000 - 0x00007ff9c4362000 	C:\WINDOWS\system32\nlansp_c.dll
0x00007ff9d6de0000 - 0x00007ff9d6df6000 	C:\WINDOWS\system32\wshbth.dll
0x00007ffa00790000 - 0x00007ffa0079b000 	C:\Windows\System32\rasadhlp.dll
0x00007ffa01c00000 - 0x00007ffa01c86000 	C:\WINDOWS\System32\fwpuclnt.dll
0x00007ffa04c40000 - 0x00007ffa04c47000 	C:\Program Files\Android\Android Studio\jbr\bin\rmi.dll

JVMTI agents:
C:\Users\sabda\.gradle\wrapper\dists\gradle-8.7-bin\bhs2wmbdwecv87pi65oeuq5iu\gradle-8.7\lib\agents\gradle-instrumentation-agent-8.7.jar path:C:\Program Files\Android\Android Studio\jbr\bin\instrument.dll, loaded, initialized, instrumentlib options:none

dbghelp: loaded successfully - version: 4.0.5 - missing functions: none
symbol engine: initialized successfully - sym options: 0x614 - pdb path: .;C:\Program Files\Android\Android Studio\jbr\bin;C:\WINDOWS\SYSTEM32;C:\WINDOWS\WinSxS\amd64_microsoft.windows.common-controls_6595b64144ccf1df_6.0.26100.8037_none_3e092faae333b53b;C:\Program Files\Android\Android Studio\jbr\bin\server;C:\Users\sabda\.gradle\native\c067742578af261105cb4f569cf0c3c89f3d7b1fecec35dd04571415982c5e48\windows-amd64;C:\Users\sabda\.gradle\native\38dada09dfb8b06ba9b0570ebf7e218e3eb74d4ef43ca46872605cf95ebc2f47\windows-amd64

VM Arguments:
jvm_args: --add-opens=java.base/java.util=ALL-UNNAMED --add-opens=java.base/java.lang=ALL-UNNAMED --add-opens=java.base/java.lang.invoke=ALL-UNNAMED --add-opens=java.prefs/java.util.prefs=ALL-UNNAMED --add-opens=java.base/java.nio.charset=ALL-UNNAMED --add-opens=java.base/java.net=ALL-UNNAMED --add-opens=java.base/java.util.concurrent.atomic=ALL-UNNAMED -Xmx2048m -Dfile.encoding=UTF-8 -Duser.country=US -Duser.language=en -Duser.variant -javaagent:C:\Users\sabda\.gradle\wrapper\dists\gradle-8.7-bin\bhs2wmbdwecv87pi65oeuq5iu\gradle-8.7\lib\agents\gradle-instrumentation-agent-8.7.jar 
java_command: org.gradle.launcher.daemon.bootstrap.GradleDaemon 8.7
java_class_path (initial): C:\Users\sabda\.gradle\wrapper\dists\gradle-8.7-bin\bhs2wmbdwecv87pi65oeuq5iu\gradle-8.7\lib\gradle-launcher-8.7.jar
Launcher Type: SUN_STANDARD

[Global flags]
     intx CICompilerCount                          = 12                                        {product} {ergonomic}
     uint ConcGCThreads                            = 3                                         {product} {ergonomic}
     uint G1ConcRefinementThreads                  = 13                                        {product} {ergonomic}
   size_t G1HeapRegionSize                         = 1048576                                   {product} {ergonomic}
    uintx GCDrainStackTargetSize                   = 64                                        {product} {ergonomic}
   size_t InitialHeapSize                          = 266338304                                 {product} {ergonomic}
   size_t MarkStackSize                            = 4194304                                   {product} {ergonomic}
   size_t MaxHeapSize                              = 2147483648                                {product} {command line}
   size_t MaxNewSize                               = 1287651328                                {product} {ergonomic}
   size_t MinHeapDeltaBytes                        = 1048576                                   {product} {ergonomic}
   size_t MinHeapSize                              = 8388608                                   {product} {ergonomic}
    uintx NonNMethodCodeHeapSize                   = 7602480                                {pd product} {ergonomic}
    uintx NonProfiledCodeHeapSize                  = 122027880                              {pd product} {ergonomic}
    uintx ProfiledCodeHeapSize                     = 122027880                              {pd product} {ergonomic}
    uintx ReservedCodeCacheSize                    = 251658240                              {pd product} {ergonomic}
     bool SegmentedCodeCache                       = true                                      {product} {ergonomic}
   size_t SoftMaxHeapSize                          = 2147483648                             {manageable} {ergonomic}
     bool UseCompressedOops                        = true                           {product lp64_product} {ergonomic}
     bool UseG1GC                                  = true                                      {product} {ergonomic}
     bool UseLargePagesIndividualAllocation        = false                                  {pd product} {ergonomic}

Logging:
Log output configuration:
 #0: stdout all=warning uptime,level,tags foldmultilines=false
 #1: stderr all=off uptime,level,tags foldmultilines=false

Release file:
JAVA_VERSION="21.0.9" 
MODULES="java.base java.compiler java.datatransfer java.xml java.prefs java.desktop java.instrument java.logging java.management java.security.sasl java.naming java.rmi java.management.rmi java.net.http java.scripting java.security.jgss java.transaction.xa java.sql java.sql.rowset java.xml.crypto java.se java.smartcardio jdk.accessibility jdk.internal.jvmstat jdk.attach jdk.charsets jdk.internal.opt jdk.zipfs jdk.compiler jdk.crypto.ec jdk.crypto.cryptoki jdk.dynalink jdk.hotspot.agent jdk.httpserver jdk.internal.ed jdk.internal.le jdk.internal.vm.ci jdk.jartool jdk.javadoc jdk.jcmd jdk.jdeps jdk.jdwp.agent jdk.jdi jdk.jfr jdk.jlink jdk.jsobject jdk.localedata jdk.management jdk.management.agent jdk.management.jfr jdk.naming.dns jdk.naming.rmi jdk.net jdk.sctp jdk.security.auth jdk.security.jgss jdk.unsupported jdk.unsupported.desktop jdk.xml.dom" 
IMPLEMENTOR="JetBrains s.r.o." 
JAVA_RUNTIME_VERSION="21.0.9+-14787801-b1163.94" 
LIBC="default" 
OS_ARCH="x86_64" 
OS_NAME="Windows" 
SOURCE=".:git:0c757ddc9f2f" 

Environment Variables:
JAVA_HOME=C:\Program Files\Java\jdk-19
PATH=C:\Program Files\Common Files\Oracle\Java\javapath;C:\Windows\system32;C:\Windows;C:\Windows\System32\Wbem;C:\Windows\System32\WindowsPowerShell\v1.0\;C:\Windows\System32\OpenSSH\;C:\Program Files (x86)\Microsoft SQL Server\160\Tools\Binn\;C:\Program Files\Microsoft SQL Server\160\Tools\Binn\;C:\Program Files\Microsoft SQL Server\Client SDK\ODBC\170\Tools\Binn\;C:\Program Files\Microsoft SQL Server\160\DTS\Binn\;C:\Program Files (x86)\NVIDIA Corporation\PhysX\Common;C:\Users\sabda\AppData\Local\Android\Sdk\tools\bin;C:\flutter\bin;C:\dart-sdk\bin;C:\Program Files\nodejs\;C:\Program Files\Git\cmd;C:\Program Files\dotnet\;C:\WINDOWS\system32;C:\WINDOWS;C:\WINDOWS\System32\Wbem;C:\WINDOWS\System32\WindowsPowerShell\v1.0\;C:\WINDOWS\System32\OpenSSH\;C:\Program Files\NVIDIA Corporation\NVIDIA App\NvDLISR;C:\Users\sabda\AppData\Local\Programs\Python\Python312\Scripts\;C:\Users\sabda\AppData\Local\Programs\Python\Python312\;C:\Users\sabda\AppData\Local\Microsoft\WindowsApps;C:\Program Files\Azure Data Studio\bin;C:\dart-sdk\bin;C:\flutter\bin;C:\Program Files\Java\jdk-19\bin;C:\Users\sabda\AppData\Roaming\npm;
USERNAME=sabda
OS=Windows_NT
PROCESSOR_IDENTIFIER=Intel64 Family 6 Model 141 Stepping 1, GenuineIntel
TMP=C:\Users\sabda\AppData\Local\Temp
TEMP=C:\Users\sabda\AppData\Local\Temp




Periodic native trim disabled

JNI global refs:
JNI global refs: 42, weak refs: 27

JNI global refs memory usage: 835, weak refs: 833

Process memory usage:
Resident Set Size: 790580K (4% of 16538936K total physical memory with 1565600K free physical memory)

OOME stack traces (most recent first):
Classloader memory used:
Loader org.gradle.internal.classloader.VisitableURLClassLoader$InstrumentingVisitableURLClassLoader: 47498K
Loader org.gradle.internal.classloader.VisitableURLClassLoader                         : 44559K
Loader bootstrap                                                                       : 30506K
Loader org.gradle.initialization.MixInLegacyTypesClassLoader                           : 11678K
Loader jdk.internal.loader.ClassLoaders$PlatformClassLoader                            : 521K
Loader jdk.internal.reflect.DelegatingClassLoader                                      : 443K
Loader jdk.internal.loader.ClassLoaders$AppClassLoader                                 : 230K
Loader org.gradle.internal.classloader.VisitableURLClassLoader                         : 139K
Loader org.gradle.groovy.scripts.internal.DefaultScriptCompilationHandler$ScriptClassLoader: 138K
Loader org.codehaus.groovy.runtime.callsite.CallSiteClassLoader                        : 27504B
Loader sun.reflect.misc.MethodUtil                                                     : 2984B

Classes loaded by more than one classloader:
Class Program                                                                         : loaded 5 times (x 72B)
Class com.google.common.base.Equivalence$Identity                                     : loaded 2 times (x 82B)
Class com.google.common.collect.RegularImmutableMap$KeySet                            : loaded 2 times (x 150B)
Class org.gradle.internal.classloader.FilteringClassLoader                            : loaded 2 times (x 105B)
Class [Lcom.google.common.base.AbstractIterator$State;                                : loaded 2 times (x 69B)
Class com.google.common.base.CharMatcher$IsEither                                     : loaded 2 times (x 111B)
Class org.gradle.internal.classloader.ClassLoaderHierarchy                            : loaded 2 times (x 70B)
Class com.google.common.collect.ImmutableEnumSet                                      : loaded 2 times (x 146B)
Class com.google.common.util.concurrent.ExecutionError                                : loaded 2 times (x 82B)
Class com.google.common.collect.ImmutableList$1                                       : loaded 2 times (x 97B)
Class org.gradle.api.internal.classpath.ManifestUtil                                  : loaded 2 times (x 71B)
Class com.google.common.io.ByteArrayDataOutput                                        : loaded 2 times (x 70B)
Class com.google.common.collect.RegularImmutableMap                                   : loaded 2 times (x 121B)
Class com.google.common.collect.ImmutableMap$MapViewOfValuesAsSingletonSets           : loaded 2 times (x 125B)
Class [Lorg.objectweb.asm.Symbol;                                                     : loaded 2 times (x 69B)
Class org.objectweb.asm.ClassVisitor                                                  : loaded 2 times (x 87B)
Class com.google.common.collect.UnmodifiableListIterator                              : loaded 2 times (x 95B)
Class org.objectweb.asm.MethodTooLargeException                                       : loaded 2 times (x 83B)
Class com.google.common.base.Platform$JdkPatternCompiler                              : loaded 2 times (x 75B)
Class [Lcom.google.common.cache.CacheBuilder$OneWeigher;                              : loaded 2 times (x 69B)
Class com.google.common.base.Suppliers                                                : loaded 2 times (x 71B)
Class org.gradle.internal.classloader.DefaultClassLoaderFactory                       : loaded 2 times (x 82B)
Class com.google.common.base.CharMatcher$None                                         : loaded 2 times (x 112B)
Class org.gradle.internal.classloader.ClassLoaderVisitor                              : loaded 2 times (x 76B)
Class [Lcom.google.common.collect.ImmutableMapEntry;                                  : loaded 2 times (x 69B)
Class org.gradle.api.internal.classpath.EffectiveClassPath                            : loaded 2 times (x 90B)
Class org.apache.commons.io.output.StringBuilderWriter                                : loaded 2 times (x 100B)
Class com.google.common.collect.ImmutableEnumMap                                      : loaded 2 times (x 125B)
Class com.google.common.collect.ListMultimap                                          : loaded 2 times (x 70B)
Class com.google.common.collect.Sets$1                                                : loaded 2 times (x 139B)
Class org.objectweb.asm.AnnotationVisitor                                             : loaded 2 times (x 77B)
Class com.google.common.base.Splitter                                                 : loaded 2 times (x 72B)
Class org.gradle.api.internal.DefaultClassPathProvider                                : loaded 2 times (x 76B)
Class com.google.common.collect.Sets$2                                                : loaded 2 times (x 139B)
Class [Lorg.gradle.api.internal.ClassPathProvider;                                    : loaded 2 times (x 69B)
Class org.gradle.api.internal.ClassPathProvider                                       : loaded 2 times (x 70B)
Class [Lorg.objectweb.asm.AnnotationVisitor;                                          : loaded 2 times (x 69B)
Class com.google.common.collect.Sets$3                                                : loaded 2 times (x 139B)
Class com.google.common.util.concurrent.AbstractFuture$SafeAtomicHelper               : loaded 2 times (x 79B)
Class com.google.common.cache.LocalCache$LocalLoadingCache                            : loaded 2 times (x 134B)
Class com.google.common.base.AbstractIterator$State                                   : loaded 2 times (x 79B)
Class org.gradle.internal.service.UnknownServiceException                             : loaded 2 times (x 83B)
Class com.google.common.io.ByteArrayDataInput                                         : loaded 2 times (x 70B)
Class com.google.common.collect.Sets$4                                                : loaded 2 times (x 139B)
Class org.objectweb.asm.ModuleVisitor                                                 : loaded 2 times (x 80B)
Class com.google.common.cache.LocalCache$Strength$1                                   : loaded 2 times (x 81B)
Class com.google.common.util.concurrent.SettableFuture                                : loaded 2 times (x 114B)
Class com.google.common.cache.LocalCache$Strength$2                                   : loaded 2 times (x 81B)
Class com.google.common.io.ByteStreams                                                : loaded 2 times (x 71B)
Class com.google.common.cache.LocalCache$Strength$3                                   : loaded 2 times (x 81B)
Class com.google.common.collect.MapDifference                                         : loaded 2 times (x 70B)
Class com.google.common.base.Splitter$1                                               : loaded 2 times (x 77B)
Class org.objectweb.asm.FieldWriter                                                   : loaded 2 times (x 77B)
Class com.google.common.cache.CacheBuilder$NullListener                               : loaded 2 times (x 82B)
Class org.gradle.internal.classpath.TransformedClassPath                              : loaded 2 times (x 96B)
Class com.google.common.cache.CacheLoader$FunctionToCacheLoader                       : loaded 2 times (x 75B)
Class com.google.common.collect.Iterators$ArrayItr                                    : loaded 2 times (x 97B)
Class com.google.common.collect.ImmutableCollection$Builder                           : loaded 2 times (x 76B)
Class org.apache.commons.io.output.ByteArrayOutputStream                              : loaded 2 times (x 92B)
Class com.google.common.base.Joiner                                                   : loaded 2 times (x 79B)
Class com.google.common.base.MoreObjects                                              : loaded 2 times (x 71B)
Class [Lorg.objectweb.asm.Type;                                                       : loaded 2 times (x 69B)
Class com.google.common.collect.Platform                                              : loaded 2 times (x 71B)
Class com.google.common.collect.UnmodifiableIterator                                  : loaded 2 times (x 80B)
Class org.gradle.internal.service.ServiceLocator                                      : loaded 2 times (x 70B)
Class com.google.common.base.Ascii                                                    : loaded 2 times (x 71B)
Class com.google.common.collect.SingletonImmutableBiMap                               : loaded 2 times (x 143B)
Class com.google.common.cache.LocalCache$1                                            : loaded 2 times (x 89B)
Class com.google.common.collect.AbstractMapEntry                                      : loaded 2 times (x 81B)
Class com.google.common.collect.Sets$ImprovedAbstractSet                              : loaded 2 times (x 135B)
Class com.google.common.collect.ImmutableList$Builder                                 : loaded 2 times (x 77B)
Class com.google.common.cache.LocalCache$2                                            : loaded 2 times (x 142B)
Class com.google.common.collect.AbstractMultimap                                      : loaded 2 times (x 123B)
Class com.google.common.util.concurrent.AbstractFuture$UnsafeAtomicHelper$1           : loaded 2 times (x 76B)
Class com.google.common.collect.RegularImmutableAsList                                : loaded 2 times (x 216B)
Class com.google.common.util.concurrent.AbstractFuture$Trusted                        : loaded 2 times (x 70B)
Class com.google.common.collect.Iterators                                             : loaded 2 times (x 71B)
Class com.google.common.base.CharMatcher$RangesMatcher                                : loaded 2 times (x 112B)
Class com.google.common.util.concurrent.UncheckedExecutionException                   : loaded 2 times (x 82B)
Class com.google.common.collect.Lists$StringAsImmutableList                           : loaded 2 times (x 207B)
Class com.google.common.base.CharMatcher$JavaLetterOrDigit                            : loaded 2 times (x 111B)
Class org.gradle.internal.InternalTransformer                                         : loaded 2 times (x 70B)
Class com.google.common.collect.AbstractMapBasedMultimap$KeySet$1                     : loaded 2 times (x 82B)
Class org.objectweb.asm.ClassWriter                                                   : loaded 2 times (x 104B)
Class com.google.common.cache.CacheLoader$UnsupportedLoadingOperationException        : loaded 2 times (x 82B)
Class com.google.common.base.CharMatcher$And                                          : loaded 2 times (x 112B)
Class org.gradle.internal.classloader.ClasspathUtil$1                                 : loaded 2 times (x 76B)
Class com.google.common.base.Objects                                                  : loaded 2 times (x 71B)
Class org.objectweb.asm.FieldVisitor                                                  : loaded 2 times (x 76B)
Class com.google.common.collect.IndexedImmutableSet                                   : loaded 2 times (x 150B)
Class com.google.common.collect.ImmutableMap$1                                        : loaded 2 times (x 81B)
Class com.google.common.collect.BiMap                                                 : loaded 2 times (x 70B)
Class org.gradle.api.internal.classpath.DefaultModuleRegistry$DefaultModule           : loaded 2 times (x 86B)
Class com.google.common.primitives.Ints                                               : loaded 2 times (x 71B)
Class com.google.common.collect.AbstractIterator                                      : loaded 2 times (x 82B)
Class com.google.common.math.MathPreconditions                                        : loaded 2 times (x 71B)
Class com.google.common.collect.Multiset                                              : loaded 2 times (x 70B)
Class com.google.common.collect.ArrayListMultimapGwtSerializationDependencies         : loaded 2 times (x 172B)
Class com.google.common.collect.ObjectArrays                                          : loaded 2 times (x 71B)
Class com.google.common.collect.AbstractIndexedListIterator                           : loaded 2 times (x 96B)
Class com.google.common.collect.ImmutableMapEntrySet                                  : loaded 2 times (x 151B)
Class ijJvmDebugger1_bmlv8glastz3jc2e9hjri4zve                                        : loaded 2 times (x 179B)
Class org.gradle.api.internal.classpath.Module                                        : loaded 2 times (x 70B)
Class com.google.common.cache.Weigher                                                 : loaded 2 times (x 70B)
Class org.gradle.api.internal.classpath.UnknownModuleException                        : loaded 2 times (x 82B)
Class org.gradle.cache.GlobalCache                                                    : loaded 2 times (x 70B)
Class com.google.common.base.Stopwatch                                                : loaded 2 times (x 72B)
Class com.google.common.cache.LocalCache$Strength                                     : loaded 2 times (x 81B)
Class com.google.common.cache.Cache                                                   : loaded 2 times (x 70B)
Class com.google.common.util.concurrent.AbstractFuture$Cancellation                   : loaded 2 times (x 72B)
Class com.google.common.collect.ImmutableMap$Builder                                  : loaded 2 times (x 82B)
Class com.google.common.base.NullnessCasts                                            : loaded 2 times (x 71B)
Class com.google.common.cache.RemovalListener                                         : loaded 2 times (x 70B)
Class org.gradle.api.internal.DefaultClassPathRegistry                                : loaded 2 times (x 76B)
Class com.google.common.primitives.IntsMethodsForWeb                                  : loaded 2 times (x 71B)
Class com.google.common.collect.Multimap                                              : loaded 2 times (x 70B)
Class org.gradle.api.internal.ClassPathRegistry                                       : loaded 2 times (x 70B)
Class org.gradle.internal.classpath.DefaultClassPath$ImmutableUniqueList              : loaded 2 times (x 199B)
Class com.google.common.base.ExtraObjectsMethodsForWeb                                : loaded 2 times (x 71B)
Class org.apache.commons.io.IOUtils                                                   : loaded 2 times (x 71B)
Class com.google.common.base.PairwiseEquivalence                                      : loaded 2 times (x 83B)
Class com.google.common.cache.CacheBuilder                                            : loaded 2 times (x 72B)
Class com.google.common.collect.SingletonImmutableList                                : loaded 2 times (x 207B)
Class Settings_gradle$1                                                               : loaded 2 times (x 74B)
Class org.gradle.internal.classpath.ClassPath                                         : loaded 2 times (x 70B)
Class org.gradle.api.UncheckedIOException                                             : loaded 2 times (x 82B)
Class com.google.common.collect.ImmutableList$ReverseImmutableList                    : loaded 2 times (x 208B)
Class com.google.common.base.JdkPattern                                               : loaded 2 times (x 75B)
Class org.objectweb.asm.SymbolTable$Entry                                             : loaded 2 times (x 74B)
Class com.google.common.util.concurrent.AbstractFuture$AtomicHelper                   : loaded 2 times (x 78B)
Class org.objectweb.asm.Edge                                                          : loaded 2 times (x 72B)
Class com.google.common.base.Suppliers$SupplierOfInstance                             : loaded 2 times (x 79B)
Class com.google.common.collect.Iterators$1                                           : loaded 2 times (x 81B)
Class com.google.common.cache.LocalCache$ComputingValueReference                      : loaded 2 times (x 96B)
Class com.google.common.collect.SingletonImmutableSet                                 : loaded 2 times (x 146B)
Class com.google.common.collect.ImmutableMap$IteratorBasedImmutableMap                : loaded 2 times (x 125B)
Class com.google.common.cache.LocalCache$Segment                                      : loaded 2 times (x 154B)
Class [Lorg.objectweb.asm.SymbolTable$Entry;                                          : loaded 2 times (x 69B)
Class com.google.common.cache.CacheLoader                                             : loaded 2 times (x 74B)
Class com.google.common.collect.Iterators$4                                           : loaded 2 times (x 82B)
Class com.google.common.collect.ImmutableBiMap                                        : loaded 2 times (x 143B)
Class com.google.common.collect.AbstractListMultimap                                  : loaded 2 times (x 172B)
Class org.gradle.internal.installation.GradleInstallation$1                           : loaded 2 times (x 75B)
Class org.gradle.api.internal.classpath.ModuleRegistry                                : loaded 2 times (x 70B)
Class com.google.common.util.concurrent.internal.InternalFutureFailureAccess          : loaded 2 times (x 72B)
Class com.google.common.collect.Iterators$5                                           : loaded 2 times (x 82B)
Class com.google.common.collect.ImmutableSet$JdkBackedSetBuilderImpl                  : loaded 2 times (x 76B)
Class com.google.common.base.Splitter$SplittingIterator                               : loaded 2 times (x 84B)
Class com.google.common.io.Closer$SuppressingSuppressor                               : loaded 2 times (x 75B)
Class com.google.common.util.concurrent.AbstractFuture$UnsafeAtomicHelper             : loaded 2 times (x 78B)
Class com.google.common.cache.LocalCache$LocalManualCache$1                           : loaded 2 times (x 75B)
Class com.google.common.base.CharMatcher$ForPredicate                                 : loaded 2 times (x 112B)
Class ijKotlinCoroutineJvmDebugInit1_ddtzo1ukqgvpdrr0499uuaqin$_run_closure1$_closure2: loaded 2 times (x 139B)
Class com.google.common.collect.ImmutableCollection                                   : loaded 2 times (x 125B)
Class com.google.common.base.CharMatcher$AnyOf                                        : loaded 2 times (x 112B)
Class org.gradle.api.internal.classpath.DefaultModuleRegistry                         : loaded 2 times (x 86B)
Class com.google.common.util.concurrent.ListenableFuture                              : loaded 2 times (x 70B)
Class com.google.common.cache.ReferenceEntry                                          : loaded 2 times (x 70B)
Class com.google.common.collect.ImmutableSet$CachingAsList                            : loaded 2 times (x 147B)
Class com.google.common.base.Converter                                                : loaded 2 times (x 90B)
Class com.google.common.collect.Lists                                                 : loaded 2 times (x 71B)
Class com.google.common.base.CharMatcher$Any                                          : loaded 2 times (x 112B)
Class com.google.common.util.concurrent.AbstractFuture                                : loaded 2 times (x 106B)
Class com.google.common.base.FunctionalEquivalence                                    : loaded 2 times (x 83B)
Class com.google.common.collect.Iterators$9                                           : loaded 2 times (x 81B)
Class com.google.common.collect.AbstractMapBasedMultimap                              : loaded 2 times (x 139B)
Class com.google.common.collect.ImmutableAsList                                       : loaded 2 times (x 209B)
Class org.objectweb.asm.RecordComponentVisitor                                        : loaded 2 times (x 77B)
Class com.google.common.cache.CacheLoader$SupplierToCacheLoader                       : loaded 2 times (x 75B)
Class ijJvmDebugger1_bmlv8glastz3jc2e9hjri4zve$_run_closure1$_closure2                : loaded 2 times (x 140B)
Class com.google.common.collect.Maps$EntryTransformer                                 : loaded 2 times (x 70B)
Class org.gradle.internal.service.ServiceLookupException                              : loaded 2 times (x 82B)
Class [Lcom.google.common.cache.LocalCache$EntryFactory;                              : loaded 2 times (x 69B)
Class com.google.common.base.CharMatcher$JavaLetter                                   : loaded 2 times (x 111B)
Class org.gradle.internal.classloader.ClassLoaderFactory                              : loaded 2 times (x 70B)
Class com.google.common.cache.LocalCache$LocalManualCache                             : loaded 2 times (x 99B)
Class com.google.common.base.CharMatcher$IsNot                                        : loaded 2 times (x 111B)
Class com.google.common.base.CommonPattern                                            : loaded 2 times (x 74B)
Class org.gradle.internal.service.CachingServiceLocator                               : loaded 2 times (x 82B)
Class com.google.common.collect.AbstractMapBasedMultimap$KeySet                       : loaded 2 times (x 137B)
Class com.google.common.math.IntMath                                                  : loaded 2 times (x 71B)
Class com.google.common.collect.Iterators$10                                          : loaded 2 times (x 81B)
Class com.google.common.collect.ImmutableMapEntry                                     : loaded 2 times (x 85B)
Class com.google.common.base.CharMatcher$JavaDigit                                    : loaded 2 times (x 111B)
Class com.google.common.base.Equivalence                                              : loaded 2 times (x 82B)
Class com.google.common.collect.ImmutableMapEntry$NonTerminalImmutableMapEntry        : loaded 2 times (x 85B)
Class com.google.common.base.Function                                                 : loaded 2 times (x 70B)
Class ijJvmDebugger1_bmlv8glastz3jc2e9hjri4zve$_run_closure1                          : loaded 2 times (x 139B)
Class com.google.common.collect.IndexedImmutableSet$1                                 : loaded 2 times (x 212B)
Class com.google.common.cache.CacheBuilder$OneWeigher                                 : loaded 2 times (x 82B)
Class com.google.common.collect.RegularImmutableList                                  : loaded 2 times (x 212B)
Class com.google.common.collect.ImmutableBiMapFauxverideShim                          : loaded 2 times (x 120B)
Class org.gradle.internal.classloader.ClasspathUtil                                   : loaded 2 times (x 71B)
Class com.google.common.base.Charsets                                                 : loaded 2 times (x 71B)
Class com.google.common.util.concurrent.Uninterruptibles                              : loaded 2 times (x 71B)
Class com.google.common.collect.Maps                                                  : loaded 2 times (x 71B)
Class com.google.common.base.CharMatcher$JavaUpperCase                                : loaded 2 times (x 111B)
Class org.gradle.api.specs.Spec                                                       : loaded 2 times (x 70B)
Class [Lcom.google.common.collect.ImmutableEntry;                                     : loaded 2 times (x 69B)
Class com.google.common.cache.LocalCache$LoadingValueReference                        : loaded 2 times (x 96B)
Class Build_gradle$1                                                                  : loaded 2 times (x 75B)
Class com.google.common.base.Platform                                                 : loaded 2 times (x 71B)
Class Build_gradle$2                                                                  : loaded 2 times (x 78B)
Class [Lorg.objectweb.asm.AnnotationWriter;                                           : loaded 2 times (x 69B)
Class com.google.common.primitives.Ints$IntConverter                                  : loaded 2 times (x 90B)
Class com.google.common.collect.Maps$8                                                : loaded 2 times (x 82B)
Class com.google.common.collect.Sets$SetView                                          : loaded 2 times (x 138B)
Class com.google.common.cache.LocalCache$StrongValueReference                         : loaded 2 times (x 90B)
Class com.google.common.util.concurrent.AbstractFuture$SynchronizedHelper             : loaded 2 times (x 78B)
Class com.google.common.base.CharMatcher$Invisible                                    : loaded 2 times (x 112B)
Class org.objectweb.asm.Type                                                          : loaded 2 times (x 72B)
Class org.gradle.internal.classloader.VisitableURLClassLoader$InstrumentingVisitableURLClassLoader: loaded 2 times (x 123B)
Class org.objectweb.asm.ByteVector                                                    : loaded 2 times (x 78B)
Class [Lcom.google.common.cache.CacheBuilder$NullListener;                            : loaded 2 times (x 69B)
Class com.google.common.math.IntMath$1                                                : loaded 2 times (x 71B)
Class org.gradle.internal.classloader.VisitableURLClassLoader$Spec                    : loaded 2 times (x 74B)
Class org.gradle.internal.classpath.DefaultClassPath                                  : loaded 2 times (x 90B)
Class org.objectweb.asm.Symbol                                                        : loaded 2 times (x 73B)
Class com.google.common.base.AbstractIterator                                         : loaded 2 times (x 80B)
Class com.google.common.io.Closer                                                     : loaded 2 times (x 78B)
Class com.google.common.collect.RegularImmutableMap$Values                            : loaded 2 times (x 207B)
Class com.google.common.collect.ImmutableSet                                          : loaded 2 times (x 145B)
Class com.google.common.base.CharMatcher$BitSetMatcher                                : loaded 2 times (x 112B)
Class com.google.common.base.CharMatcher$Ascii                                        : loaded 2 times (x 112B)
Class org.gradle.internal.classloader.ClassLoaderSpec                                 : loaded 2 times (x 71B)
Class org.objectweb.asm.AnnotationWriter                                              : loaded 2 times (x 78B)
Class com.google.common.cache.CacheStats                                              : loaded 2 times (x 71B)
Class com.google.common.io.Closer$Suppressor                                          : loaded 2 times (x 70B)
Class org.objectweb.asm.RecordComponentWriter                                         : loaded 2 times (x 78B)
Class com.google.common.util.concurrent.AbstractFuture$Listener                       : loaded 2 times (x 72B)
Class com.google.common.base.CharMatcher$Or                                           : loaded 2 times (x 112B)
Class Settings_gradle$1$1                                                             : loaded 2 times (x 74B)
Class org.objectweb.asm.Attribute                                                     : loaded 2 times (x 77B)
Class com.google.common.base.Supplier                                                 : loaded 2 times (x 70B)
Class org.gradle.internal.classloader.VisitableURLClassLoader                         : loaded 2 times (x 117B)
Class com.google.common.util.concurrent.AbstractFuture$Waiter                         : loaded 2 times (x 72B)
Class Settings_gradle                                                                 : loaded 2 times (x 128B)
Class org.gradle.internal.Cast                                                        : loaded 2 times (x 71B)
Class org.gradle.api.Action                                                           : loaded 2 times (x 70B)
Class com.google.common.collect.Sets                                                  : loaded 2 times (x 71B)
Class org.objectweb.asm.Handler                                                       : loaded 2 times (x 72B)
Class com.google.common.base.Strings                                                  : loaded 2 times (x 71B)
Class com.google.common.base.Ticker                                                   : loaded 2 times (x 72B)
Class com.google.common.base.CharMatcher$FastMatcher                                  : loaded 2 times (x 111B)
Class org.gradle.internal.agents.InstrumentingClassLoader                             : loaded 2 times (x 70B)
Class [Lcom.google.common.cache.LocalCache$Segment;                                   : loaded 2 times (x 69B)
Class [Lcom.google.common.cache.LocalCache$Strength;                                  : loaded 2 times (x 69B)
Class com.google.common.cache.CacheBuilder$1                                          : loaded 2 times (x 85B)
Class com.google.common.collect.ImmutableMap                                          : loaded 2 times (x 120B)
Class com.google.common.base.Predicate                                                : loaded 2 times (x 70B)
Class org.gradle.internal.classpath.DefaultClassPath$ImmutableUniqueList$Builder      : loaded 2 times (x 75B)
Class com.google.common.cache.LocalCache                                              : loaded 2 times (x 187B)
Class com.google.common.cache.CacheBuilder$2                                          : loaded 2 times (x 79B)
Class com.google.common.base.CharMatcher$NegatedFastMatcher                           : loaded 2 times (x 113B)
Class com.google.common.cache.CacheBuilder$3                                          : loaded 2 times (x 72B)
Class [Lcom.google.common.collect.AbstractMapEntry;                                   : loaded 2 times (x 69B)
Class com.google.common.collect.ImmutableEntry                                        : loaded 2 times (x 82B)
Class com.google.common.collect.ArrayListMultimap                                     : loaded 2 times (x 172B)
Class com.google.common.base.AbstractIterator$1                                       : loaded 2 times (x 71B)
Class com.google.common.base.CharMatcher$Digit                                        : loaded 2 times (x 112B)
Class org.gradle.api.GradleException                                                  : loaded 2 times (x 82B)
Class com.google.common.base.Suppliers$MemoizingSupplier                              : loaded 2 times (x 79B)
Class com.google.common.collect.CollectPreconditions                                  : loaded 2 times (x 71B)
Class com.google.common.base.CharMatcher$JavaIsoControl                               : loaded 2 times (x 112B)
Class com.google.common.collect.SortedMapDifference                                   : loaded 2 times (x 70B)
Class com.google.common.base.CharMatcher$JavaLowerCase                                : loaded 2 times (x 111B)
Class ijKotlinCoroutineJvmDebugInit1_ddtzo1ukqgvpdrr0499uuaqin                        : loaded 2 times (x 179B)
Class Build_gradle$1$1                                                                : loaded 2 times (x 78B)
Class com.google.common.cache.LocalCache$EntryFactory                                 : loaded 2 times (x 83B)
Class com.google.common.cache.LocalCache$AbstractReferenceEntry                       : loaded 2 times (x 107B)
Class com.google.common.base.Splitter$1$1                                             : loaded 2 times (x 86B)
Class com.google.common.base.CharMatcher$Whitespace                                   : loaded 2 times (x 112B)
Class org.gradle.internal.IoActions                                                   : loaded 2 times (x 71B)
Class org.objectweb.asm.SymbolTable                                                   : loaded 2 times (x 72B)
Class com.google.common.cache.CacheLoader$InvalidCacheLoadException                   : loaded 2 times (x 82B)
Class com.google.common.collect.ImmutableSet$RegularSetBuilderImpl                    : loaded 2 times (x 77B)
Class com.google.common.base.CharMatcher$SingleWidth                                  : loaded 2 times (x 112B)
Class org.gradle.internal.classloader.SystemClassLoaderSpec                           : loaded 2 times (x 71B)
Class com.google.common.cache.LocalCache$StrongEntry                                  : loaded 2 times (x 108B)
Class com.google.common.util.concurrent.AbstractFuture$TrustedFuture                  : loaded 2 times (x 114B)
Class com.google.common.cache.LoadingCache                                            : loaded 2 times (x 70B)
Class com.google.common.io.ByteStreams$LimitedInputStream                             : loaded 2 times (x 92B)
Class com.google.common.base.Suppliers$NonSerializableMemoizingSupplier               : loaded 2 times (x 79B)
Class org.objectweb.asm.MethodWriter                                                  : loaded 2 times (x 105B)
Class [Lcom.google.common.cache.Weigher;                                              : loaded 2 times (x 69B)
Class com.google.common.collect.RegularImmutableMap$BucketOverflowException           : loaded 2 times (x 82B)
Class com.google.common.collect.RegularImmutableBiMap                                 : loaded 2 times (x 148B)
Class com.google.common.cache.LocalCache$ValueReference                               : loaded 2 times (x 70B)
Class com.google.common.base.CharMatcher$Negated                                      : loaded 2 times (x 113B)
Class com.google.common.base.CharMatcher$Is                                           : loaded 2 times (x 111B)
Class com.google.common.util.concurrent.AbstractFuture$Failure                        : loaded 2 times (x 72B)
Class com.google.common.base.PatternCompiler                                          : loaded 2 times (x 70B)
Class com.google.common.base.Equivalence$Equals                                       : loaded 2 times (x 82B)
Class com.google.common.collect.Hashing                                               : loaded 2 times (x 71B)
Class com.google.common.base.Preconditions                                            : loaded 2 times (x 71B)
Class com.google.common.base.Joiner$1                                                 : loaded 2 times (x 80B)
Class org.objectweb.asm.Label                                                         : loaded 2 times (x 73B)
Class org.objectweb.asm.CurrentFrame                                                  : loaded 2 times (x 73B)
Class org.objectweb.asm.ClassTooLargeException                                        : loaded 2 times (x 83B)
Class com.google.common.collect.PeekingIterator                                       : loaded 2 times (x 70B)
Class com.google.common.base.CharMatcher                                              : loaded 2 times (x 111B)
Class com.google.common.collect.Maps$IteratorBasedAbstractMap                         : loaded 2 times (x 125B)
Class com.google.common.base.Joiner$2                                                 : loaded 2 times (x 79B)
Class org.objectweb.asm.Frame                                                         : loaded 2 times (x 73B)
Class org.objectweb.asm.MethodVisitor                                                 : loaded 2 times (x 104B)
Class com.google.common.cache.LocalCache$EntryFactory$1                               : loaded 2 times (x 83B)
Class [Lcom.google.common.cache.RemovalListener;                                      : loaded 2 times (x 69B)
Class com.google.common.base.CharMatcher$1                                            : loaded 2 times (x 113B)
Class com.google.common.base.CharMatcher$NamedFastMatcher                             : loaded 2 times (x 112B)
Class com.google.common.cache.LocalCache$EntryFactory$2                               : loaded 2 times (x 83B)
Class org.objectweb.asm.ModuleWriter                                                  : loaded 2 times (x 81B)
Class com.google.common.cache.LocalCache$EntryFactory$3                               : loaded 2 times (x 83B)
Class com.google.common.base.Ticker$1                                                 : loaded 2 times (x 72B)
Class com.google.common.collect.ImmutableMapEntrySet$RegularEntrySet                  : loaded 2 times (x 151B)
Class com.google.common.collect.Maps$BiMapConverter                                   : loaded 2 times (x 90B)
Class com.google.common.cache.LocalCache$EntryFactory$4                               : loaded 2 times (x 83B)
Class com.google.common.collect.ImmutableSet$Builder                                  : loaded 2 times (x 85B)
Class com.google.common.base.CharMatcher$InRange                                      : loaded 2 times (x 111B)
Class ijKotlinCoroutineJvmDebugInit1_ddtzo1ukqgvpdrr0499uuaqin$_run_closure1          : loaded 2 times (x 139B)
Class com.google.common.io.ByteStreams$1                                              : loaded 2 times (x 85B)
Class com.google.common.cache.LocalCache$EntryFactory$5                               : loaded 2 times (x 83B)
Class Build_gradle                                                                    : loaded 2 times (x 130B)
Class com.google.common.cache.LocalCache$EntryFactory$6                               : loaded 2 times (x 83B)
Class org.gradle.internal.installation.CurrentGradleInstallationLocator               : loaded 2 times (x 71B)
Class com.google.common.collect.Maps$KeySet                                           : loaded 2 times (x 137B)
Class com.google.common.cache.LocalCache$EntryFactory$7                               : loaded 2 times (x 83B)
Class com.google.common.collect.ImmutableSet$EmptySetBuilderImpl                      : loaded 2 times (x 76B)
Class com.google.common.collect.ImmutableList                                         : loaded 2 times (x 206B)
Class org.gradle.internal.service.DefaultServiceLocator                               : loaded 2 times (x 83B)
Class com.google.common.cache.LocalCache$EntryFactory$8                               : loaded 2 times (x 83B)
Class com.google.common.collect.ImmutableSet$SetBuilderImpl                           : loaded 2 times (x 76B)
Class org.gradle.internal.installation.CurrentGradleInstallation                      : loaded 2 times (x 73B)
Class com.google.common.cache.CacheLoader$1                                           : loaded 2 times (x 75B)
Class com.google.common.collect.ForwardingObject                                      : loaded 2 times (x 72B)
Class com.google.common.collect.ImmutableList$SubList                                 : loaded 2 times (x 208B)
Class org.gradle.util.internal.GUtil                                                  : loaded 2 times (x 71B)
Class com.google.common.util.concurrent.AbstractFuture$SetFuture                      : loaded 2 times (x 75B)
Class com.google.common.cache.AbstractCache$StatsCounter                              : loaded 2 times (x 70B)
Class com.google.common.collect.Iterators$MergingIterator                             : loaded 2 times (x 81B)
Class com.google.common.collect.RegularImmutableSet                                   : loaded 2 times (x 148B)
Class org.gradle.internal.installation.GradleInstallation                             : loaded 2 times (x 75B)
Class com.google.common.collect.Iterables                                             : loaded 2 times (x 71B)
Class com.google.common.base.Splitter$Strategy                                        : loaded 2 times (x 70B)

---------------  S Y S T E M  ---------------

OS:
 Windows 11 , 64 bit Build 26100 (10.0.26100.7920)
OS uptime: 1 days 0:59 hours
Hyper-V role detected

CPU: total 16 (initial active 16) (8 cores per cpu, 2 threads per core) family 6 model 141 stepping 1 microcode 0x50, cx8, cmov, fxsr, ht, mmx, 3dnowpref, sse, sse2, sse3, ssse3, sse4.1, sse4.2, popcnt, lzcnt, tsc, tscinvbit, avx, avx2, aes, erms, clmul, bmi1, bmi2, adx, avx512f, avx512dq, avx512cd, avx512bw, avx512vl, sha, fma, vzeroupper, avx512_vpopcntdq, avx512_vpclmulqdq, avx512_vaes, avx512_vnni, clflush, clflushopt, clwb, avx512_vbmi2, avx512_vbmi, hv, rdtscp, rdpid, fsrm, gfni, avx512_bitalg, f16c, cet_ibt, cet_ss, avx512_ifma
Processor Information for the first 16 processors :
  Max Mhz: 2304, Current Mhz: 2304, Mhz Limit: 2304

Memory: 4k page, system-wide physical 16151M (2002M free)
TotalPageFile size 20247M (AvailPageFile size 584M)
current process WorkingSet (physical memory assigned to process): 808M, peak: 808M
current process commit charge ("private bytes"): 1043M, peak: 1043M

vm_info: OpenJDK 64-Bit Server VM (21.0.9+-14787801-b1163.94) for windows-amd64 JRE (21.0.9+-14787801-b1163.94), built on 2026-01-27T21:15:44Z by "builder" with MS VC++ 16.10 / 16.11 (VS2019)

END.
