#
# There is insufficient memory for the Java Runtime Environment to continue.
# Native memory allocation (mmap) failed to map 627048448 bytes. Error detail: G1 virtual space
# Possible reasons:
#   The system is out of physical RAM or swap space
#   This process is running with CompressedOops enabled, and the Java Heap may be blocking the growth of the native heap
# Possible solutions:
#   Reduce memory load on the system
#   Increase physical memory or swap space
#   Check if swap backing store is full
#   Decrease Java heap size (-Xmx/-Xms)
#   Decrease number of Java threads
#   Decrease Java thread stack sizes (-Xss)
#   Set larger code cache with -XX:ReservedCodeCacheSize=
#   JVM is running with Unscaled Compressed Oops mode in which the Java heap is
#     placed in the first 4GB address space. The Java Heap base address is the
#     maximum limit for the native heap growth. Please use -XX:HeapBaseMinAddress
#     to set the Java Heap base and to place the Java Heap above 4GB virtual address.
# This output file may be truncated or incomplete.
#
#  Out of Memory Error (os_windows.cpp:3925), pid=19480, tid=8288
#
# JRE version: OpenJDK Runtime Environment (21.0.9) (build 21.0.9+-14787801-b1163.94)
# Java VM: OpenJDK 64-Bit Server VM (21.0.9+-14787801-b1163.94, mixed mode, tiered, compressed oops, compressed class ptrs, g1 gc, windows-amd64)
# No core dump will be written. Minidumps are not enabled by default on client versions of Windows
#

---------------  S U M M A R Y ------------

Command Line: --add-opens=java.base/java.util=ALL-UNNAMED --add-opens=java.base/java.lang=ALL-UNNAMED --add-opens=java.base/java.lang.invoke=ALL-UNNAMED --add-opens=java.prefs/java.util.prefs=ALL-UNNAMED --add-opens=java.base/java.nio.charset=ALL-UNNAMED --add-opens=java.base/java.net=ALL-UNNAMED --add-opens=java.base/java.util.concurrent.atomic=ALL-UNNAMED -Xmx2048m -Dfile.encoding=UTF-8 -Duser.country=US -Duser.language=en -Duser.variant -javaagent:C:\Users\sabda\.gradle\wrapper\dists\gradle-8.7-bin\bhs2wmbdwecv87pi65oeuq5iu\gradle-8.7\lib\agents\gradle-instrumentation-agent-8.7.jar org.gradle.launcher.daemon.bootstrap.GradleDaemon 8.7

Host: 11th Gen Intel(R) Core(TM) i7-11800H @ 2.30GHz, 16 cores, 15G,  Windows 11 , 64 bit Build 26100 (10.0.26100.7920)
Time: Sat Mar 28 11:16:05 2026 Egypt Standard Time elapsed time: 67.496586 seconds (0d 0h 1m 7s)

---------------  T H R E A D  ---------------

Current thread (0x0000026d65a8eb40):  VMThread "VM Thread"          [id=8288, stack(0x0000009d16200000,0x0000009d16300000) (1024K)]

Stack: [0x0000009d16200000,0x0000009d16300000]
Native frames: (J=compiled Java code, j=interpreted, Vv=VM code, C=native code)
V  [jvm.dll+0x6d6c99]
V  [jvm.dll+0x866b83]
V  [jvm.dll+0x8691ae]
V  [jvm.dll+0x869893]
V  [jvm.dll+0x280776]
V  [jvm.dll+0x6d3555]
V  [jvm.dll+0x6c6bea]
V  [jvm.dll+0x3587fb]
V  [jvm.dll+0x360476]
V  [jvm.dll+0x3b2646]
V  [jvm.dll+0x3b2918]
V  [jvm.dll+0x32af0c]
V  [jvm.dll+0x32af97]
V  [jvm.dll+0x370e7c]
V  [jvm.dll+0x36f62e]
V  [jvm.dll+0x32a661]
V  [jvm.dll+0x36ed30]
V  [jvm.dll+0x86f618]
V  [jvm.dll+0x870994]
V  [jvm.dll+0x870ed0]
V  [jvm.dll+0x871163]
V  [jvm.dll+0x80f118]
V  [jvm.dll+0x6d54ed]
C  [ucrtbase.dll+0x37b0]
C  [KERNEL32.DLL+0x2e8d7]
C  [ntdll.dll+0x8c48c]

VM_Operation (0x0000009d21bf9f20): G1CollectForAllocation, mode: safepoint, requested by thread 0x0000026d6f54f8b0


---------------  P R O C E S S  ---------------

Threads class SMR info:
_java_thread_list=0x0000026d6dad6430, length=244, elements={
0x0000026d4d7f9020, 0x0000026d65b978f0, 0x0000026d65b9d840, 0x0000026d65b9ee10,
0x0000026d65bd1910, 0x0000026d65bd2370, 0x0000026d65bdade0, 0x0000026d65bdb840,
0x0000026d65bdc5d0, 0x0000026d65be1580, 0x0000026d6a0829b0, 0x0000026d6cf13760,
0x0000026d6b2d8680, 0x0000026d6b0e5d90, 0x0000026d6b333220, 0x0000026d6b333890,
0x0000026d6b32a210, 0x0000026d6d03b6b0, 0x0000026d6d03e4a0, 0x0000026d6d03ca60,
0x0000026d6d03de10, 0x0000026d6d03d0f0, 0x0000026d6d03d780, 0x0000026d6d03c3d0,
0x0000026d6d3b9e00, 0x0000026d6d3b90e0, 0x0000026d6d3ba490, 0x0000026d6d3b9770,
0x0000026d6d3bcbf0, 0x0000026d6d3bd280, 0x0000026d6d3bd910, 0x0000026d6d3bdfa0,
0x0000026d6d3becc0, 0x0000026d6d3bf350, 0x0000026d6d3bbed0, 0x0000026d6d3bf9e0,
0x0000026d6d3c0070, 0x0000026d6d3c0700, 0x0000026d6d46a530, 0x0000026d6d46b8e0,
0x0000026d6d468460, 0x0000026d6d468af0, 0x0000026d6d46bf70, 0x0000026d6d46b250,
0x0000026d6d46c600, 0x0000026d6d469810, 0x0000026d6d469ea0, 0x0000026d6d469180,
0x0000026d6d46e6d0, 0x0000026d6e291e50, 0x0000026d6e2924e0, 0x0000026d6e290aa0,
0x0000026d6e291130, 0x0000026d6e2917c0, 0x0000026d6e28f6f0, 0x0000026d6e28f060,
0x0000026d6e28fd80, 0x0000026d6e292b70, 0x0000026d6e293200, 0x0000026d6e293890,
0x0000026d6e290410, 0x0000026d6e293f20, 0x0000026d6e2945b0, 0x0000026d6e294c40,
0x0000026d6e2952d0, 0x0000026d6e295960, 0x0000026d6e295ff0, 0x0000026d6e296680,
0x0000026d6db5cd60, 0x0000026d6db5b9b0, 0x0000026d6db5d3f0, 0x0000026d6db5da80,
0x0000026d6db5c6d0, 0x0000026d6db5e110, 0x0000026d6db5e7a0, 0x0000026d6db5f4c0,
0x0000026d6db5c040, 0x0000026d6db5fb50, 0x0000026d6db61590, 0x0000026d6db601e0,
0x0000026d713dc860, 0x0000026d6a466790, 0x0000026d6f5505d0, 0x0000026d6f554e00,
0x0000026d6f555b20, 0x0000026d6f5561b0, 0x0000026d6f556840, 0x0000026d6f5540e0,
0x0000026d6f554770, 0x0000026d6c5665f0, 0x0000026d6c566c80, 0x0000026d6c567310,
0x0000026d6c5658d0, 0x0000026d6c564520, 0x0000026d6c564bb0, 0x0000026d6c565240,
0x0000026d6c5686c0, 0x0000026d6c568d50, 0x0000026d6c5679a0, 0x0000026d6c568030,
0x0000026d6c5693e0, 0x0000026d6c569a70, 0x0000026d6c56a100, 0x0000026d6c56a790,
0x0000026d6c56bb40, 0x0000026d6c56ae20, 0x0000026d6c56b4b0, 0x0000026d723f8990,
0x0000026d723f8300, 0x0000026d723f9020, 0x0000026d723f96b0, 0x0000026d723f7c70,
0x0000026d723f75e0, 0x0000026d723fa3d0, 0x0000026d723f9d40, 0x0000026d723f6f50,
0x0000026d7109fbb0, 0x0000026d710a2310, 0x0000026d710a29a0, 0x0000026d710a36c0,
0x0000026d710a3d50, 0x0000026d710a08d0, 0x0000026d710a43e0, 0x0000026d710a4a70,
0x0000026d710a15f0, 0x0000026d710a64b0, 0x0000026d710a5100, 0x0000026d710a5790,
0x0000026d710a5e20, 0x0000026d723faa60, 0x0000026d723fe570, 0x0000026d723fc4a0,
0x0000026d723fb0f0, 0x0000026d723fcb30, 0x0000026d723fd1c0, 0x0000026d723fd850,
0x0000026d723fec00, 0x0000026d723fb780, 0x0000026d723fbe10, 0x0000026d724019f0,
0x0000026d723ff920, 0x0000026d72402da0, 0x0000026d72402080, 0x0000026d72401360,
0x0000026d72400640, 0x0000026d72403430, 0x0000026d723fffb0, 0x0000026d72402710,
0x0000026d72403ac0, 0x0000026d72404150, 0x0000026d72400cd0, 0x0000026d724047e0,
0x0000026d72404e70, 0x0000026d72405b90, 0x0000026d72406220, 0x0000026d6f550c60,
0x0000026d6f54f220, 0x0000026d6f552010, 0x0000026d6f5526a0, 0x0000026d6f552d30,
0x0000026d6f5512f0, 0x0000026d6f551980, 0x0000026d6f54f8b0, 0x0000026d6f5533c0,
0x0000026d6f54ff40, 0x0000026d6f553a50, 0x0000026d6a469c10, 0x0000026d6a46a2a0,
0x0000026d6a46b650, 0x0000026d6a46a930, 0x0000026d6a4681d0, 0x0000026d6a46bce0,
0x0000026d6db61c20, 0x0000026d6db622b0, 0x0000026d6db62940, 0x0000026d713dc1d0,
0x0000026d6c5bf960, 0x0000026d6c5be5b0, 0x0000026d6c5bd890, 0x0000026d6c5bec40,
0x0000026d6c5bf2d0, 0x0000026d6c5bdf20, 0x0000026d6c5bfff0, 0x0000026d738a5170,
0x0000026d738a5800, 0x0000026d738a2a10, 0x0000026d738a8c80, 0x0000026d738a7240,
0x0000026d738a7f60, 0x0000026d738a6bb0, 0x0000026d738a85f0, 0x0000026d738a9310,
0x0000026d738a78d0, 0x0000026d738a6520, 0x0000026d738ace20, 0x0000026d738aa6c0,
0x0000026d738ab3e0, 0x0000026d738ac100, 0x0000026d738a2380, 0x0000026d738a1660,
0x0000026d738a02b0, 0x0000026d738a0940, 0x0000026d738a3730, 0x0000026d738a30a0,
0x0000026d738a3dc0, 0x0000026d738a0fd0, 0x0000026d738a1cf0, 0x0000026d738aba70,
0x0000026d738a99a0, 0x0000026d738ac790, 0x0000026d738aa030, 0x0000026d738aad50,
0x0000026d738adb40, 0x0000026d738ae1d0, 0x0000026d738ae860, 0x0000026d738aeef0,
0x0000026d738af580, 0x0000026d6c5bcb70, 0x0000026d6c5c0680, 0x0000026d6c5bd200,
0x0000026d6c5c4190, 0x0000026d6c5c3470, 0x0000026d6c5c13a0, 0x0000026d6c5c1a30,
0x0000026d6c5c2de0, 0x0000026d6c5c2750, 0x0000026d738a5e90, 0x0000026d738a4450,
0x0000026d6c948760, 0x0000026d6ed99320, 0x0000026d6ed96a40, 0x0000026d6ed9b530,
0x0000026d6ed98580, 0x0000026d6ed9c9a0, 0x0000026d74a5e480, 0x0000026d74a5d010,
0x0000026d74a5eb50, 0x0000026d7350da20, 0x0000026d71e24f00, 0x0000026d71e262b0,
0x0000026d71e234c0, 0x0000026d71e25590, 0x0000026d71e25c20, 0x0000026d71e22e30
}

Java Threads: ( => current thread )
  0x0000026d4d7f9020 JavaThread "main"                              [_thread_blocked, id=20556, stack(0x0000009d15b00000,0x0000009d15c00000) (1024K)]
  0x0000026d65b978f0 JavaThread "Common-Cleaner"             daemon [_thread_blocked, id=30100, stack(0x0000009d16300000,0x0000009d16400000) (1024K)]
  0x0000026d65b9d840 JavaThread "Reference Handler"          daemon [_thread_blocked, id=26492, stack(0x0000009d16400000,0x0000009d16500000) (1024K)]
  0x0000026d65b9ee10 JavaThread "Finalizer"                  daemon [_thread_blocked, id=6204, stack(0x0000009d16500000,0x0000009d16600000) (1024K)]
  0x0000026d65bd1910 JavaThread "Signal Dispatcher"          daemon [_thread_blocked, id=26632, stack(0x0000009d16600000,0x0000009d16700000) (1024K)]
  0x0000026d65bd2370 JavaThread "Attach Listener"            daemon [_thread_blocked, id=4560, stack(0x0000009d16700000,0x0000009d16800000) (1024K)]
  0x0000026d65bdade0 JavaThread "Service Thread"             daemon [_thread_blocked, id=23764, stack(0x0000009d16800000,0x0000009d16900000) (1024K)]
  0x0000026d65bdb840 JavaThread "Monitor Deflation Thread"   daemon [_thread_blocked, id=15868, stack(0x0000009d16900000,0x0000009d16a00000) (1024K)]
  0x0000026d65bdc5d0 JavaThread "C2 CompilerThread0"         daemon [_thread_blocked, id=12024, stack(0x0000009d16a00000,0x0000009d16b00000) (1024K)]
  0x0000026d65be1580 JavaThread "C1 CompilerThread0"         daemon [_thread_blocked, id=29748, stack(0x0000009d16b00000,0x0000009d16c00000) (1024K)]
  0x0000026d6a0829b0 JavaThread "Notification Thread"        daemon [_thread_blocked, id=23392, stack(0x0000009d16e00000,0x0000009d16f00000) (1024K)]
  0x0000026d6cf13760 JavaThread "Daemon health stats"               [_thread_blocked, id=20640, stack(0x0000009d17800000,0x0000009d17900000) (1024K)]
  0x0000026d6b2d8680 JavaThread "Incoming local TCP Connector on port 55092"        [_thread_in_native, id=28108, stack(0x0000009d17c00000,0x0000009d17d00000) (1024K)]
  0x0000026d6b0e5d90 JavaThread "Daemon periodic checks"            [_thread_blocked, id=1540, stack(0x0000009d17d00000,0x0000009d17e00000) (1024K)]
  0x0000026d6b333220 JavaThread "Daemon"                            [_thread_blocked, id=19944, stack(0x0000009d17e00000,0x0000009d17f00000) (1024K)]
  0x0000026d6b333890 JavaThread "Handler for socket connection from /127.0.0.1:55092 to /127.0.0.1:55095"        [_thread_in_native, id=5300, stack(0x0000009d17f00000,0x0000009d18000000) (1024K)]
  0x0000026d6b32a210 JavaThread "Cancel handler"                    [_thread_blocked, id=27872, stack(0x0000009d18000000,0x0000009d18100000) (1024K)]
  0x0000026d6d03b6b0 JavaThread "Daemon worker"                     [_thread_blocked, id=29300, stack(0x0000009d18100000,0x0000009d18200000) (1024K)]
  0x0000026d6d03e4a0 JavaThread "Asynchronous log dispatcher for DefaultDaemonConnection: socket connection from /127.0.0.1:55092 to /127.0.0.1:55095"        [_thread_blocked, id=6280, stack(0x0000009d18200000,0x0000009d18300000) (1024K)]
  0x0000026d6d03ca60 JavaThread "Daemon client event forwarder"        [_thread_blocked, id=248, stack(0x0000009d18400000,0x0000009d18500000) (1024K)]
  0x0000026d6d03de10 JavaThread "Cache worker for journal cache (C:\Users\sabda\.gradle\caches\journal-1)"        [_thread_blocked, id=16192, stack(0x0000009d18b00000,0x0000009d18c00000) (1024K)]
  0x0000026d6d03d0f0 JavaThread "File lock request listener"        [_thread_in_native, id=25432, stack(0x0000009d18c00000,0x0000009d18d00000) (1024K)]
  0x0000026d6d03d780 JavaThread "Cache worker for file hash cache (C:\Users\sabda\.gradle\caches\8.7\fileHashes)"        [_thread_blocked, id=15248, stack(0x0000009d18d00000,0x0000009d18e00000) (1024K)]
  0x0000026d6d03c3d0 JavaThread "Cache worker for file hash cache (C:\Users\sabda\AndroidStudioProjects\HospitalApp\.gradle\8.7\fileHashes)"        [_thread_blocked, id=5968, stack(0x0000009d18e00000,0x0000009d18f00000) (1024K)]
  0x0000026d6d3b9e00 JavaThread "File watcher server"        daemon [_thread_blocked, id=24880, stack(0x0000009d18f00000,0x0000009d19000000) (1024K)]
  0x0000026d6d3b90e0 JavaThread "File watcher consumer"      daemon [_thread_blocked, id=23036, stack(0x0000009d19000000,0x0000009d19100000) (1024K)]
  0x0000026d6d3ba490 JavaThread "Cache worker for checksums cache (C:\Users\sabda\AndroidStudioProjects\HospitalApp\.gradle\8.7\checksums)"        [_thread_blocked, id=8664, stack(0x0000009d19100000,0x0000009d19200000) (1024K)]
  0x0000026d6d3b9770 JavaThread "Cache worker for cache directory md-supplier (C:\Users\sabda\.gradle\caches\8.7\md-supplier)"        [_thread_blocked, id=27424, stack(0x0000009d19200000,0x0000009d19300000) (1024K)]
  0x0000026d6d3bcbf0 JavaThread "Cache worker for cache directory md-rule (C:\Users\sabda\.gradle\caches\8.7\md-rule)"        [_thread_blocked, id=24136, stack(0x0000009d19300000,0x0000009d19400000) (1024K)]
  0x0000026d6d3bd280 JavaThread "Cache worker for file content cache (C:\Users\sabda\.gradle\caches\8.7\fileContent)"        [_thread_blocked, id=21968, stack(0x0000009d19400000,0x0000009d19500000) (1024K)]
  0x0000026d6d3bd910 JavaThread "jar transforms"                    [_thread_blocked, id=21652, stack(0x0000009d19500000,0x0000009d19600000) (1024K)]
  0x0000026d6d3bdfa0 JavaThread "jar transforms Thread 2"           [_thread_blocked, id=2628, stack(0x0000009d19600000,0x0000009d19700000) (1024K)]
  0x0000026d6d3becc0 JavaThread "jar transforms Thread 3"           [_thread_blocked, id=30004, stack(0x0000009d19800000,0x0000009d19900000) (1024K)]
  0x0000026d6d3bf350 JavaThread "Unconstrained build operations"        [_thread_blocked, id=27924, stack(0x0000009d19900000,0x0000009d19a00000) (1024K)]
  0x0000026d6d3bbed0 JavaThread "Unconstrained build operations Thread 2"        [_thread_blocked, id=27192, stack(0x0000009d19a00000,0x0000009d19b00000) (1024K)]
  0x0000026d6d3bf9e0 JavaThread "Unconstrained build operations Thread 3"        [_thread_blocked, id=2804, stack(0x0000009d19b00000,0x0000009d19c00000) (1024K)]
  0x0000026d6d3c0070 JavaThread "Unconstrained build operations Thread 4"        [_thread_blocked, id=25108, stack(0x0000009d19c00000,0x0000009d19d00000) (1024K)]
  0x0000026d6d3c0700 JavaThread "Unconstrained build operations Thread 5"        [_thread_blocked, id=20256, stack(0x0000009d19d00000,0x0000009d19e00000) (1024K)]
  0x0000026d6d46a530 JavaThread "Unconstrained build operations Thread 6"        [_thread_blocked, id=18184, stack(0x0000009d19e00000,0x0000009d19f00000) (1024K)]
  0x0000026d6d46b8e0 JavaThread "Unconstrained build operations Thread 7"        [_thread_blocked, id=15464, stack(0x0000009d19f00000,0x0000009d1a000000) (1024K)]
  0x0000026d6d468460 JavaThread "Unconstrained build operations Thread 8"        [_thread_blocked, id=20164, stack(0x0000009d1a000000,0x0000009d1a100000) (1024K)]
  0x0000026d6d468af0 JavaThread "Unconstrained build operations Thread 9"        [_thread_blocked, id=21780, stack(0x0000009d1a100000,0x0000009d1a200000) (1024K)]
  0x0000026d6d46bf70 JavaThread "Unconstrained build operations Thread 10"        [_thread_blocked, id=23516, stack(0x0000009d1a200000,0x0000009d1a300000) (1024K)]
  0x0000026d6d46b250 JavaThread "jar transforms Thread 4"           [_thread_blocked, id=17212, stack(0x0000009d1a300000,0x0000009d1a400000) (1024K)]
  0x0000026d6d46c600 JavaThread "jar transforms Thread 5"           [_thread_blocked, id=19112, stack(0x0000009d1a400000,0x0000009d1a500000) (1024K)]
  0x0000026d6d469810 JavaThread "jar transforms Thread 6"           [_thread_blocked, id=28352, stack(0x0000009d1a500000,0x0000009d1a600000) (1024K)]
  0x0000026d6d469ea0 JavaThread "jar transforms Thread 7"           [_thread_blocked, id=24116, stack(0x0000009d1a600000,0x0000009d1a700000) (1024K)]
  0x0000026d6d469180 JavaThread "jar transforms Thread 8"           [_thread_blocked, id=28492, stack(0x0000009d1a700000,0x0000009d1a800000) (1024K)]
  0x0000026d6d46e6d0 JavaThread "Cache worker for Build Output Cleanup Cache (C:\Users\sabda\AndroidStudioProjects\HospitalApp\.gradle\buildOutputCleanup)"        [_thread_blocked, id=6360, stack(0x0000009d1a800000,0x0000009d1a900000) (1024K)]
  0x0000026d6e291e50 JavaThread "Unconstrained build operations Thread 11"        [_thread_blocked, id=29024, stack(0x0000009d17100000,0x0000009d17200000) (1024K)]
  0x0000026d6e2924e0 JavaThread "Unconstrained build operations Thread 12"        [_thread_blocked, id=1472, stack(0x0000009d19700000,0x0000009d19800000) (1024K)]
  0x0000026d6e290aa0 JavaThread "Unconstrained build operations Thread 13"        [_thread_blocked, id=6496, stack(0x0000009d1aa00000,0x0000009d1ab00000) (1024K)]
  0x0000026d6e291130 JavaThread "Unconstrained build operations Thread 14"        [_thread_blocked, id=11208, stack(0x0000009d1ab00000,0x0000009d1ac00000) (1024K)]
  0x0000026d6e2917c0 JavaThread "Unconstrained build operations Thread 15"        [_thread_blocked, id=3532, stack(0x0000009d1ac00000,0x0000009d1ad00000) (1024K)]
  0x0000026d6e28f6f0 JavaThread "Unconstrained build operations Thread 16"        [_thread_blocked, id=10452, stack(0x0000009d1ad00000,0x0000009d1ae00000) (1024K)]
  0x0000026d6e28f060 JavaThread "Unconstrained build operations Thread 17"        [_thread_blocked, id=2352, stack(0x0000009d1ae00000,0x0000009d1af00000) (1024K)]
  0x0000026d6e28fd80 JavaThread "Unconstrained build operations Thread 18"        [_thread_blocked, id=18104, stack(0x0000009d1af00000,0x0000009d1b000000) (1024K)]
  0x0000026d6e292b70 JavaThread "Unconstrained build operations Thread 19"        [_thread_blocked, id=17796, stack(0x0000009d1b000000,0x0000009d1b100000) (1024K)]
  0x0000026d6e293200 JavaThread "Unconstrained build operations Thread 20"        [_thread_blocked, id=6240, stack(0x0000009d1b100000,0x0000009d1b200000) (1024K)]
  0x0000026d6e293890 JavaThread "Unconstrained build operations Thread 21"        [_thread_blocked, id=13952, stack(0x0000009d1b200000,0x0000009d1b300000) (1024K)]
  0x0000026d6e290410 JavaThread "Unconstrained build operations Thread 22"        [_thread_blocked, id=29984, stack(0x0000009d1b300000,0x0000009d1b400000) (1024K)]
  0x0000026d6e293f20 JavaThread "Unconstrained build operations Thread 23"        [_thread_blocked, id=10664, stack(0x0000009d1b400000,0x0000009d1b500000) (1024K)]
  0x0000026d6e2945b0 JavaThread "Unconstrained build operations Thread 24"        [_thread_blocked, id=22784, stack(0x0000009d1b500000,0x0000009d1b600000) (1024K)]
  0x0000026d6e294c40 JavaThread "Unconstrained build operations Thread 25"        [_thread_blocked, id=28736, stack(0x0000009d1b600000,0x0000009d1b700000) (1024K)]
  0x0000026d6e2952d0 JavaThread "Unconstrained build operations Thread 26"        [_thread_blocked, id=16324, stack(0x0000009d1b700000,0x0000009d1b800000) (1024K)]
  0x0000026d6e295960 JavaThread "Unconstrained build operations Thread 27"        [_thread_blocked, id=28716, stack(0x0000009d1b800000,0x0000009d1b900000) (1024K)]
  0x0000026d6e295ff0 JavaThread "Unconstrained build operations Thread 28"        [_thread_blocked, id=12168, stack(0x0000009d1b900000,0x0000009d1ba00000) (1024K)]
  0x0000026d6e296680 JavaThread "Unconstrained build operations Thread 29"        [_thread_blocked, id=24020, stack(0x0000009d1ba00000,0x0000009d1bb00000) (1024K)]
  0x0000026d6db5cd60 JavaThread "Unconstrained build operations Thread 30"        [_thread_blocked, id=29804, stack(0x0000009d1bb00000,0x0000009d1bc00000) (1024K)]
  0x0000026d6db5b9b0 JavaThread "Unconstrained build operations Thread 31"        [_thread_blocked, id=26008, stack(0x0000009d1bc00000,0x0000009d1bd00000) (1024K)]
  0x0000026d6db5d3f0 JavaThread "Unconstrained build operations Thread 32"        [_thread_blocked, id=29184, stack(0x0000009d1bd00000,0x0000009d1be00000) (1024K)]
  0x0000026d6db5da80 JavaThread "Unconstrained build operations Thread 33"        [_thread_blocked, id=5900, stack(0x0000009d1be00000,0x0000009d1bf00000) (1024K)]
  0x0000026d6db5c6d0 JavaThread "Unconstrained build operations Thread 34"        [_thread_blocked, id=15892, stack(0x0000009d1bf00000,0x0000009d1c000000) (1024K)]
  0x0000026d6db5e110 JavaThread "Unconstrained build operations Thread 35"        [_thread_blocked, id=19384, stack(0x0000009d1c000000,0x0000009d1c100000) (1024K)]
  0x0000026d6db5e7a0 JavaThread "Unconstrained build operations Thread 36"        [_thread_blocked, id=27068, stack(0x0000009d1c100000,0x0000009d1c200000) (1024K)]
  0x0000026d6db5f4c0 JavaThread "Unconstrained build operations Thread 37"        [_thread_blocked, id=12544, stack(0x0000009d1c200000,0x0000009d1c300000) (1024K)]
  0x0000026d6db5c040 JavaThread "Unconstrained build operations Thread 38"        [_thread_blocked, id=22736, stack(0x0000009d1c300000,0x0000009d1c400000) (1024K)]
  0x0000026d6db5fb50 JavaThread "Unconstrained build operations Thread 39"        [_thread_blocked, id=23180, stack(0x0000009d1c400000,0x0000009d1c500000) (1024K)]
  0x0000026d6db61590 JavaThread "Unconstrained build operations Thread 40"        [_thread_blocked, id=25136, stack(0x0000009d1c500000,0x0000009d1c600000) (1024K)]
  0x0000026d6db601e0 JavaThread "build event listener"              [_thread_blocked, id=28456, stack(0x0000009d17000000,0x0000009d17100000) (1024K)]
  0x0000026d713dc860 JavaThread "Memory manager"                    [_thread_blocked, id=5112, stack(0x0000009d1c600000,0x0000009d1c700000) (1024K)]
  0x0000026d6a466790 JavaThread "build event listener"              [_thread_blocked, id=4224, stack(0x0000009d1ca00000,0x0000009d1cb00000) (1024K)]
  0x0000026d6f5505d0 JavaThread "pool-3-thread-1"                   [_thread_blocked, id=21988, stack(0x0000009d1cb00000,0x0000009d1cc00000) (1024K)]
  0x0000026d6f554e00 JavaThread "build event listener"              [_thread_blocked, id=3408, stack(0x0000009d1cc00000,0x0000009d1cd00000) (1024K)]
  0x0000026d6f555b20 JavaThread "included builds"                   [_thread_blocked, id=24028, stack(0x0000009d1cd00000,0x0000009d1ce00000) (1024K)]
  0x0000026d6f5561b0 JavaThread "Execution worker"                  [_thread_blocked, id=9680, stack(0x0000009d1ce00000,0x0000009d1cf00000) (1024K)]
  0x0000026d6f556840 JavaThread "Execution worker Thread 2"         [_thread_blocked, id=9880, stack(0x0000009d1cf00000,0x0000009d1d000000) (1024K)]
  0x0000026d6f5540e0 JavaThread "Execution worker Thread 3"         [_thread_blocked, id=14012, stack(0x0000009d1d000000,0x0000009d1d100000) (1024K)]
  0x0000026d6f554770 JavaThread "Execution worker Thread 4"         [_thread_blocked, id=27164, stack(0x0000009d1d100000,0x0000009d1d200000) (1024K)]
  0x0000026d6c5665f0 JavaThread "Execution worker Thread 5"         [_thread_blocked, id=12700, stack(0x0000009d1d200000,0x0000009d1d300000) (1024K)]
  0x0000026d6c566c80 JavaThread "Execution worker Thread 6"         [_thread_blocked, id=27380, stack(0x0000009d1d300000,0x0000009d1d400000) (1024K)]
  0x0000026d6c567310 JavaThread "Execution worker Thread 7"         [_thread_blocked, id=22276, stack(0x0000009d1d400000,0x0000009d1d500000) (1024K)]
  0x0000026d6c5658d0 JavaThread "Execution worker Thread 8"         [_thread_blocked, id=9776, stack(0x0000009d1d500000,0x0000009d1d600000) (1024K)]
  0x0000026d6c564520 JavaThread "Execution worker Thread 9"         [_thread_blocked, id=28772, stack(0x0000009d1d600000,0x0000009d1d700000) (1024K)]
  0x0000026d6c564bb0 JavaThread "Execution worker Thread 10"        [_thread_blocked, id=28312, stack(0x0000009d1d700000,0x0000009d1d800000) (1024K)]
  0x0000026d6c565240 JavaThread "Execution worker Thread 11"        [_thread_blocked, id=3144, stack(0x0000009d1d800000,0x0000009d1d900000) (1024K)]
  0x0000026d6c5686c0 JavaThread "Execution worker Thread 12"        [_thread_blocked, id=4148, stack(0x0000009d1d900000,0x0000009d1da00000) (1024K)]
  0x0000026d6c568d50 JavaThread "Execution worker Thread 13"        [_thread_blocked, id=23324, stack(0x0000009d1da00000,0x0000009d1db00000) (1024K)]
  0x0000026d6c5679a0 JavaThread "Execution worker Thread 14"        [_thread_blocked, id=19792, stack(0x0000009d1db00000,0x0000009d1dc00000) (1024K)]
  0x0000026d6c568030 JavaThread "Execution worker Thread 15"        [_thread_blocked, id=28428, stack(0x0000009d1dc00000,0x0000009d1dd00000) (1024K)]
  0x0000026d6c5693e0 JavaThread "Cache worker for execution history cache (C:\Users\sabda\AndroidStudioProjects\HospitalApp\.gradle\8.7\executionHistory)"        [_thread_blocked, id=10492, stack(0x0000009d1dd00000,0x0000009d1de00000) (1024K)]
  0x0000026d6c569a70 JavaThread "Unconstrained build operations Thread 41"        [_thread_blocked, id=29828, stack(0x0000009d1de00000,0x0000009d1df00000) (1024K)]
  0x0000026d6c56a100 JavaThread "Unconstrained build operations Thread 42"        [_thread_blocked, id=12236, stack(0x0000009d1df00000,0x0000009d1e000000) (1024K)]
  0x0000026d6c56a790 JavaThread "Unconstrained build operations Thread 43"        [_thread_blocked, id=19052, stack(0x0000009d1e000000,0x0000009d1e100000) (1024K)]
  0x0000026d6c56bb40 JavaThread "Unconstrained build operations Thread 44"        [_thread_blocked, id=23532, stack(0x0000009d1e100000,0x0000009d1e200000) (1024K)]
  0x0000026d6c56ae20 JavaThread "Unconstrained build operations Thread 45"        [_thread_blocked, id=7896, stack(0x0000009d1e200000,0x0000009d1e300000) (1024K)]
  0x0000026d6c56b4b0 JavaThread "Unconstrained build operations Thread 46"        [_thread_blocked, id=5156, stack(0x0000009d1e300000,0x0000009d1e400000) (1024K)]
  0x0000026d723f8990 JavaThread "Unconstrained build operations Thread 47"        [_thread_blocked, id=30532, stack(0x0000009d1e400000,0x0000009d1e500000) (1024K)]
  0x0000026d723f8300 JavaThread "Unconstrained build operations Thread 48"        [_thread_blocked, id=29752, stack(0x0000009d1e500000,0x0000009d1e600000) (1024K)]
  0x0000026d723f9020 JavaThread "Unconstrained build operations Thread 49"        [_thread_blocked, id=2008, stack(0x0000009d1e600000,0x0000009d1e700000) (1024K)]
  0x0000026d723f96b0 JavaThread "Unconstrained build operations Thread 50"        [_thread_blocked, id=26280, stack(0x0000009d1e700000,0x0000009d1e800000) (1024K)]
  0x0000026d723f7c70 JavaThread "Unconstrained build operations Thread 51"        [_thread_blocked, id=21296, stack(0x0000009d1e800000,0x0000009d1e900000) (1024K)]
  0x0000026d723f75e0 JavaThread "Unconstrained build operations Thread 52"        [_thread_blocked, id=28916, stack(0x0000009d1e900000,0x0000009d1ea00000) (1024K)]
  0x0000026d723fa3d0 JavaThread "Unconstrained build operations Thread 53"        [_thread_blocked, id=28004, stack(0x0000009d1ea00000,0x0000009d1eb00000) (1024K)]
  0x0000026d723f9d40 JavaThread "Unconstrained build operations Thread 54"        [_thread_blocked, id=9936, stack(0x0000009d1eb00000,0x0000009d1ec00000) (1024K)]
  0x0000026d723f6f50 JavaThread "Unconstrained build operations Thread 55"        [_thread_blocked, id=27544, stack(0x0000009d1ec00000,0x0000009d1ed00000) (1024K)]
  0x0000026d7109fbb0 JavaThread "Unconstrained build operations Thread 56"        [_thread_blocked, id=18676, stack(0x0000009d1ed00000,0x0000009d1ee00000) (1024K)]
  0x0000026d710a2310 JavaThread "Unconstrained build operations Thread 57"        [_thread_blocked, id=1320, stack(0x0000009d1ee00000,0x0000009d1ef00000) (1024K)]
  0x0000026d710a29a0 JavaThread "Unconstrained build operations Thread 58"        [_thread_blocked, id=28808, stack(0x0000009d1ef00000,0x0000009d1f000000) (1024K)]
  0x0000026d710a36c0 JavaThread "Unconstrained build operations Thread 59"        [_thread_blocked, id=11532, stack(0x0000009d1f000000,0x0000009d1f100000) (1024K)]
  0x0000026d710a3d50 JavaThread "Unconstrained build operations Thread 60"        [_thread_blocked, id=23996, stack(0x0000009d1f100000,0x0000009d1f200000) (1024K)]
  0x0000026d710a08d0 JavaThread "Unconstrained build operations Thread 61"        [_thread_blocked, id=7148, stack(0x0000009d1f200000,0x0000009d1f300000) (1024K)]
  0x0000026d710a43e0 JavaThread "Unconstrained build operations Thread 62"        [_thread_blocked, id=6780, stack(0x0000009d1f300000,0x0000009d1f400000) (1024K)]
  0x0000026d710a4a70 JavaThread "Unconstrained build operations Thread 63"        [_thread_blocked, id=6464, stack(0x0000009d1f400000,0x0000009d1f500000) (1024K)]
  0x0000026d710a15f0 JavaThread "Unconstrained build operations Thread 64"        [_thread_blocked, id=13020, stack(0x0000009d1f500000,0x0000009d1f600000) (1024K)]
  0x0000026d710a64b0 JavaThread "Unconstrained build operations Thread 65"        [_thread_blocked, id=30144, stack(0x0000009d1f600000,0x0000009d1f700000) (1024K)]
  0x0000026d710a5100 JavaThread "Unconstrained build operations Thread 66"        [_thread_blocked, id=3456, stack(0x0000009d1f700000,0x0000009d1f800000) (1024K)]
  0x0000026d710a5790 JavaThread "Unconstrained build operations Thread 67"        [_thread_blocked, id=25176, stack(0x0000009d1f800000,0x0000009d1f900000) (1024K)]
  0x0000026d710a5e20 JavaThread "Unconstrained build operations Thread 68"        [_thread_blocked, id=3292, stack(0x0000009d1f900000,0x0000009d1fa00000) (1024K)]
  0x0000026d723faa60 JavaThread "Unconstrained build operations Thread 69"        [_thread_blocked, id=29740, stack(0x0000009d1fa00000,0x0000009d1fb00000) (1024K)]
  0x0000026d723fe570 JavaThread "Unconstrained build operations Thread 70"        [_thread_blocked, id=2664, stack(0x0000009d1fb00000,0x0000009d1fc00000) (1024K)]
  0x0000026d723fc4a0 JavaThread "Unconstrained build operations Thread 71"        [_thread_blocked, id=15832, stack(0x0000009d1fc00000,0x0000009d1fd00000) (1024K)]
  0x0000026d723fb0f0 JavaThread "Unconstrained build operations Thread 72"        [_thread_blocked, id=28884, stack(0x0000009d1fd00000,0x0000009d1fe00000) (1024K)]
  0x0000026d723fcb30 JavaThread "Unconstrained build operations Thread 73"        [_thread_blocked, id=18344, stack(0x0000009d1fe00000,0x0000009d1ff00000) (1024K)]
  0x0000026d723fd1c0 JavaThread "Unconstrained build operations Thread 74"        [_thread_blocked, id=15012, stack(0x0000009d1ff00000,0x0000009d20000000) (1024K)]
  0x0000026d723fd850 JavaThread "Unconstrained build operations Thread 75"        [_thread_blocked, id=5356, stack(0x0000009d20000000,0x0000009d20100000) (1024K)]
  0x0000026d723fec00 JavaThread "Unconstrained build operations Thread 76"        [_thread_blocked, id=2828, stack(0x0000009d20100000,0x0000009d20200000) (1024K)]
  0x0000026d723fb780 JavaThread "Unconstrained build operations Thread 77"        [_thread_blocked, id=14088, stack(0x0000009d20200000,0x0000009d20300000) (1024K)]
  0x0000026d723fbe10 JavaThread "Unconstrained build operations Thread 78"        [_thread_blocked, id=30556, stack(0x0000009d20300000,0x0000009d20400000) (1024K)]
  0x0000026d724019f0 JavaThread "Unconstrained build operations Thread 79"        [_thread_blocked, id=13340, stack(0x0000009d20400000,0x0000009d20500000) (1024K)]
  0x0000026d723ff920 JavaThread "Unconstrained build operations Thread 80"        [_thread_blocked, id=29176, stack(0x0000009d20500000,0x0000009d20600000) (1024K)]
  0x0000026d72402da0 JavaThread "Unconstrained build operations Thread 81"        [_thread_blocked, id=24516, stack(0x0000009d20600000,0x0000009d20700000) (1024K)]
  0x0000026d72402080 JavaThread "Unconstrained build operations Thread 82"        [_thread_blocked, id=2672, stack(0x0000009d20700000,0x0000009d20800000) (1024K)]
  0x0000026d72401360 JavaThread "Unconstrained build operations Thread 83"        [_thread_blocked, id=6336, stack(0x0000009d20800000,0x0000009d20900000) (1024K)]
  0x0000026d72400640 JavaThread "Unconstrained build operations Thread 84"        [_thread_blocked, id=30536, stack(0x0000009d20900000,0x0000009d20a00000) (1024K)]
  0x0000026d72403430 JavaThread "Unconstrained build operations Thread 85"        [_thread_blocked, id=1576, stack(0x0000009d20a00000,0x0000009d20b00000) (1024K)]
  0x0000026d723fffb0 JavaThread "Unconstrained build operations Thread 86"        [_thread_blocked, id=16984, stack(0x0000009d20b00000,0x0000009d20c00000) (1024K)]
  0x0000026d72402710 JavaThread "Unconstrained build operations Thread 87"        [_thread_blocked, id=23072, stack(0x0000009d20c00000,0x0000009d20d00000) (1024K)]
  0x0000026d72403ac0 JavaThread "Unconstrained build operations Thread 88"        [_thread_blocked, id=17216, stack(0x0000009d20d00000,0x0000009d20e00000) (1024K)]
  0x0000026d72404150 JavaThread "Unconstrained build operations Thread 89"        [_thread_blocked, id=25688, stack(0x0000009d20e00000,0x0000009d20f00000) (1024K)]
  0x0000026d72400cd0 JavaThread "Unconstrained build operations Thread 90"        [_thread_blocked, id=16308, stack(0x0000009d20f00000,0x0000009d21000000) (1024K)]
  0x0000026d724047e0 JavaThread "Unconstrained build operations Thread 91"        [_thread_blocked, id=17624, stack(0x0000009d21000000,0x0000009d21100000) (1024K)]
  0x0000026d72404e70 JavaThread "Unconstrained build operations Thread 92"        [_thread_blocked, id=24232, stack(0x0000009d21100000,0x0000009d21200000) (1024K)]
  0x0000026d72405b90 JavaThread "Unconstrained build operations Thread 93"        [_thread_blocked, id=9140, stack(0x0000009d21200000,0x0000009d21300000) (1024K)]
  0x0000026d72406220 JavaThread "Unconstrained build operations Thread 94"        [_thread_blocked, id=23704, stack(0x0000009d21300000,0x0000009d21400000) (1024K)]
  0x0000026d6f550c60 JavaThread "Unconstrained build operations Thread 95"        [_thread_blocked, id=13152, stack(0x0000009d21400000,0x0000009d21500000) (1024K)]
  0x0000026d6f54f220 JavaThread "Unconstrained build operations Thread 96"        [_thread_blocked, id=12116, stack(0x0000009d21500000,0x0000009d21600000) (1024K)]
  0x0000026d6f552010 JavaThread "Unconstrained build operations Thread 97"        [_thread_blocked, id=488, stack(0x0000009d21600000,0x0000009d21700000) (1024K)]
  0x0000026d6f5526a0 JavaThread "Unconstrained build operations Thread 98"        [_thread_blocked, id=13732, stack(0x0000009d21700000,0x0000009d21800000) (1024K)]
  0x0000026d6f552d30 JavaThread "Unconstrained build operations Thread 99"        [_thread_blocked, id=7900, stack(0x0000009d21800000,0x0000009d21900000) (1024K)]
  0x0000026d6f5512f0 JavaThread "Unconstrained build operations Thread 100"        [_thread_blocked, id=30280, stack(0x0000009d21900000,0x0000009d21a00000) (1024K)]
  0x0000026d6f551980 JavaThread "Unconstrained build operations Thread 101"        [_thread_blocked, id=24788, stack(0x0000009d21a00000,0x0000009d21b00000) (1024K)]
  0x0000026d6f54f8b0 JavaThread "Unconstrained build operations Thread 102"        [_thread_blocked, id=19984, stack(0x0000009d21b00000,0x0000009d21c00000) (1024K)]
  0x0000026d6f5533c0 JavaThread "Unconstrained build operations Thread 103"        [_thread_blocked, id=4636, stack(0x0000009d21c00000,0x0000009d21d00000) (1024K)]
  0x0000026d6f54ff40 JavaThread "Unconstrained build operations Thread 104"        [_thread_blocked, id=11168, stack(0x0000009d21d00000,0x0000009d21e00000) (1024K)]
  0x0000026d6f553a50 JavaThread "Unconstrained build operations Thread 105"        [_thread_blocked, id=15348, stack(0x0000009d21e00000,0x0000009d21f00000) (1024K)]
  0x0000026d6a469c10 JavaThread "Unconstrained build operations Thread 106"        [_thread_blocked, id=12988, stack(0x0000009d21f00000,0x0000009d22000000) (1024K)]
  0x0000026d6a46a2a0 JavaThread "Unconstrained build operations Thread 107"        [_thread_blocked, id=24980, stack(0x0000009d22000000,0x0000009d22100000) (1024K)]
  0x0000026d6a46b650 JavaThread "Unconstrained build operations Thread 108"        [_thread_blocked, id=6356, stack(0x0000009d22100000,0x0000009d22200000) (1024K)]
  0x0000026d6a46a930 JavaThread "Unconstrained build operations Thread 109"        [_thread_blocked, id=19048, stack(0x0000009d22200000,0x0000009d22300000) (1024K)]
  0x0000026d6a4681d0 JavaThread "Unconstrained build operations Thread 110"        [_thread_blocked, id=27892, stack(0x0000009d22300000,0x0000009d22400000) (1024K)]
  0x0000026d6a46bce0 JavaThread "Unconstrained build operations Thread 111"        [_thread_blocked, id=4484, stack(0x0000009d22400000,0x0000009d22500000) (1024K)]
  0x0000026d6db61c20 JavaThread "Unconstrained build operations Thread 112"        [_thread_blocked, id=1988, stack(0x0000009d22500000,0x0000009d22600000) (1024K)]
  0x0000026d6db622b0 JavaThread "Unconstrained build operations Thread 113"        [_thread_blocked, id=13580, stack(0x0000009d22600000,0x0000009d22700000) (1024K)]
  0x0000026d6db62940 JavaThread "Unconstrained build operations Thread 114"        [_thread_blocked, id=17776, stack(0x0000009d22700000,0x0000009d22800000) (1024K)]
  0x0000026d713dc1d0 JavaThread "Unconstrained build operations Thread 115"        [_thread_blocked, id=14756, stack(0x0000009d22800000,0x0000009d22900000) (1024K)]
  0x0000026d6c5bf960 JavaThread "Unconstrained build operations Thread 116"        [_thread_blocked, id=24224, stack(0x0000009d22900000,0x0000009d22a00000) (1024K)]
  0x0000026d6c5be5b0 JavaThread "Unconstrained build operations Thread 117"        [_thread_blocked, id=10148, stack(0x0000009d22a00000,0x0000009d22b00000) (1024K)]
  0x0000026d6c5bd890 JavaThread "Unconstrained build operations Thread 118"        [_thread_blocked, id=9204, stack(0x0000009d22b00000,0x0000009d22c00000) (1024K)]
  0x0000026d6c5bec40 JavaThread "Unconstrained build operations Thread 119"        [_thread_blocked, id=23164, stack(0x0000009d22c00000,0x0000009d22d00000) (1024K)]
  0x0000026d6c5bf2d0 JavaThread "Unconstrained build operations Thread 120"        [_thread_blocked, id=8648, stack(0x0000009d22d00000,0x0000009d22e00000) (1024K)]
  0x0000026d6c5bdf20 JavaThread "Unconstrained build operations Thread 121"        [_thread_blocked, id=18556, stack(0x0000009d22e00000,0x0000009d22f00000) (1024K)]
  0x0000026d6c5bfff0 JavaThread "Unconstrained build operations Thread 122"        [_thread_blocked, id=18908, stack(0x0000009d22f00000,0x0000009d23000000) (1024K)]
  0x0000026d738a5170 JavaThread "Unconstrained build operations Thread 123"        [_thread_blocked, id=6764, stack(0x0000009d23000000,0x0000009d23100000) (1024K)]
  0x0000026d738a5800 JavaThread "Unconstrained build operations Thread 124"        [_thread_blocked, id=24632, stack(0x0000009d23100000,0x0000009d23200000) (1024K)]
  0x0000026d738a2a10 JavaThread "Unconstrained build operations Thread 125"        [_thread_blocked, id=26104, stack(0x0000009d23200000,0x0000009d23300000) (1024K)]
  0x0000026d738a8c80 JavaThread "Unconstrained build operations Thread 126"        [_thread_blocked, id=13044, stack(0x0000009d23300000,0x0000009d23400000) (1024K)]
  0x0000026d738a7240 JavaThread "Unconstrained build operations Thread 127"        [_thread_blocked, id=18416, stack(0x0000009d23400000,0x0000009d23500000) (1024K)]
  0x0000026d738a7f60 JavaThread "Unconstrained build operations Thread 128"        [_thread_blocked, id=9804, stack(0x0000009d23500000,0x0000009d23600000) (1024K)]
  0x0000026d738a6bb0 JavaThread "Unconstrained build operations Thread 129"        [_thread_blocked, id=14712, stack(0x0000009d23600000,0x0000009d23700000) (1024K)]
  0x0000026d738a85f0 JavaThread "Unconstrained build operations Thread 130"        [_thread_blocked, id=4588, stack(0x0000009d23700000,0x0000009d23800000) (1024K)]
  0x0000026d738a9310 JavaThread "Unconstrained build operations Thread 131"        [_thread_blocked, id=13844, stack(0x0000009d23800000,0x0000009d23900000) (1024K)]
  0x0000026d738a78d0 JavaThread "Unconstrained build operations Thread 132"        [_thread_blocked, id=13516, stack(0x0000009d23900000,0x0000009d23a00000) (1024K)]
  0x0000026d738a6520 JavaThread "Unconstrained build operations Thread 133"        [_thread_blocked, id=25956, stack(0x0000009d23a00000,0x0000009d23b00000) (1024K)]
  0x0000026d738ace20 JavaThread "Unconstrained build operations Thread 134"        [_thread_blocked, id=18060, stack(0x0000009d23b00000,0x0000009d23c00000) (1024K)]
  0x0000026d738aa6c0 JavaThread "Unconstrained build operations Thread 135"        [_thread_blocked, id=2596, stack(0x0000009d23c00000,0x0000009d23d00000) (1024K)]
  0x0000026d738ab3e0 JavaThread "Unconstrained build operations Thread 136"        [_thread_blocked, id=29444, stack(0x0000009d23d00000,0x0000009d23e00000) (1024K)]
  0x0000026d738ac100 JavaThread "Unconstrained build operations Thread 137"        [_thread_blocked, id=14692, stack(0x0000009d23e00000,0x0000009d23f00000) (1024K)]
  0x0000026d738a2380 JavaThread "Unconstrained build operations Thread 138"        [_thread_blocked, id=25060, stack(0x0000009d23f00000,0x0000009d24000000) (1024K)]
  0x0000026d738a1660 JavaThread "Unconstrained build operations Thread 139"        [_thread_blocked, id=26156, stack(0x0000009d24000000,0x0000009d24100000) (1024K)]
  0x0000026d738a02b0 JavaThread "Unconstrained build operations Thread 140"        [_thread_blocked, id=21972, stack(0x0000009d24100000,0x0000009d24200000) (1024K)]
  0x0000026d738a0940 JavaThread "Unconstrained build operations Thread 141"        [_thread_blocked, id=8096, stack(0x0000009d24200000,0x0000009d24300000) (1024K)]
  0x0000026d738a3730 JavaThread "Unconstrained build operations Thread 142"        [_thread_blocked, id=26100, stack(0x0000009d24300000,0x0000009d24400000) (1024K)]
  0x0000026d738a30a0 JavaThread "Unconstrained build operations Thread 143"        [_thread_blocked, id=24612, stack(0x0000009d24400000,0x0000009d24500000) (1024K)]
  0x0000026d738a3dc0 JavaThread "Unconstrained build operations Thread 144"        [_thread_blocked, id=29324, stack(0x0000009d24500000,0x0000009d24600000) (1024K)]
  0x0000026d738a0fd0 JavaThread "Unconstrained build operations Thread 145"        [_thread_blocked, id=10256, stack(0x0000009d24600000,0x0000009d24700000) (1024K)]
  0x0000026d738a1cf0 JavaThread "Unconstrained build operations Thread 146"        [_thread_blocked, id=16124, stack(0x0000009d24700000,0x0000009d24800000) (1024K)]
  0x0000026d738aba70 JavaThread "Unconstrained build operations Thread 147"        [_thread_blocked, id=25116, stack(0x0000009d24800000,0x0000009d24900000) (1024K)]
  0x0000026d738a99a0 JavaThread "Unconstrained build operations Thread 148"        [_thread_blocked, id=28688, stack(0x0000009d24900000,0x0000009d24a00000) (1024K)]
  0x0000026d738ac790 JavaThread "Unconstrained build operations Thread 149"        [_thread_blocked, id=27160, stack(0x0000009d24a00000,0x0000009d24b00000) (1024K)]
  0x0000026d738aa030 JavaThread "Unconstrained build operations Thread 150"        [_thread_blocked, id=6164, stack(0x0000009d24b00000,0x0000009d24c00000) (1024K)]
  0x0000026d738aad50 JavaThread "Unconstrained build operations Thread 151"        [_thread_blocked, id=13288, stack(0x0000009d24c00000,0x0000009d24d00000) (1024K)]
  0x0000026d738adb40 JavaThread "Unconstrained build operations Thread 152"        [_thread_blocked, id=17344, stack(0x0000009d24d00000,0x0000009d24e00000) (1024K)]
  0x0000026d738ae1d0 JavaThread "Unconstrained build operations Thread 153"        [_thread_blocked, id=30068, stack(0x0000009d24e00000,0x0000009d24f00000) (1024K)]
  0x0000026d738ae860 JavaThread "Unconstrained build operations Thread 154"        [_thread_blocked, id=24992, stack(0x0000009d16c00000,0x0000009d16d00000) (1024K)]
  0x0000026d738aeef0 JavaThread "Unconstrained build operations Thread 155"        [_thread_blocked, id=8364, stack(0x0000009d16d00000,0x0000009d16e00000) (1024K)]
  0x0000026d738af580 JavaThread "Unconstrained build operations Thread 156"        [_thread_blocked, id=23508, stack(0x0000009d16f00000,0x0000009d17000000) (1024K)]
  0x0000026d6c5bcb70 JavaThread "Unconstrained build operations Thread 157"        [_thread_blocked, id=11920, stack(0x0000009d17700000,0x0000009d17800000) (1024K)]
  0x0000026d6c5c0680 JavaThread "Unconstrained build operations Thread 158"        [_thread_blocked, id=30212, stack(0x0000009d1c700000,0x0000009d1c800000) (1024K)]
  0x0000026d6c5bd200 JavaThread "Unconstrained build operations Thread 159"        [_thread_blocked, id=18492, stack(0x0000009d1c800000,0x0000009d1c900000) (1024K)]
  0x0000026d6c5c4190 JavaThread "Unconstrained build operations Thread 160"        [_thread_blocked, id=20892, stack(0x0000009d1c900000,0x0000009d1ca00000) (1024K)]
  0x0000026d6c5c3470 JavaThread "pool-4-thread-1"                   [_thread_blocked, id=21284, stack(0x0000009d25400000,0x0000009d25500000) (1024K)]
  0x0000026d6c5c13a0 JavaThread "stderr"                            [_thread_in_native, id=5460, stack(0x0000009d25500000,0x0000009d25600000) (1024K)]
  0x0000026d6c5c1a30 JavaThread "stdout"                            [_thread_in_native, id=25760, stack(0x0000009d25600000,0x0000009d25700000) (1024K)]
  0x0000026d6c5c2de0 JavaThread "stderr"                            [_thread_in_native, id=10280, stack(0x0000009d25700000,0x0000009d25800000) (1024K)]
  0x0000026d6c5c2750 JavaThread "stdout"                            [_thread_in_native, id=21708, stack(0x0000009d25a00000,0x0000009d25b00000) (1024K)]
  0x0000026d738a5e90 JavaThread "stderr"                            [_thread_in_native, id=1052, stack(0x0000009d25b00000,0x0000009d25c00000) (1024K)]
  0x0000026d738a4450 JavaThread "stdout"                            [_thread_in_native, id=13980, stack(0x0000009d25c00000,0x0000009d25d00000) (1024K)]
  0x0000026d6c948760 JavaThread "C2 CompilerThread1"         daemon [_thread_blocked, id=6020, stack(0x0000009d15900000,0x0000009d15a00000) (1024K)]
  0x0000026d6ed99320 JavaThread "C1 CompilerThread1"         daemon [_thread_blocked, id=26168, stack(0x0000009d15a00000,0x0000009d15b00000) (1024K)]
  0x0000026d6ed96a40 JavaThread "C1 CompilerThread2"         daemon [_thread_blocked, id=13956, stack(0x0000009d25000000,0x0000009d25100000) (1024K)]
  0x0000026d6ed9b530 JavaThread "C1 CompilerThread3"         daemon [_thread_blocked, id=11620, stack(0x0000009d25100000,0x0000009d25200000) (1024K)]
  0x0000026d6ed98580 JavaThread "C2 CompilerThread2"         daemon [_thread_blocked, id=20772, stack(0x0000009d25200000,0x0000009d25300000) (1024K)]
  0x0000026d6ed9c9a0 JavaThread "C2 CompilerThread3"         daemon [_thread_blocked, id=30412, stack(0x0000009d25300000,0x0000009d25400000) (1024K)]
  0x0000026d74a5e480 JavaThread "C2 CompilerThread4"         daemon [_thread_blocked, id=28896, stack(0x0000009d25d00000,0x0000009d25e00000) (1024K)]
  0x0000026d74a5d010 JavaThread "C2 CompilerThread5"         daemon [_thread_blocked, id=3876, stack(0x0000009d25e00000,0x0000009d25f00000) (1024K)]
  0x0000026d74a5eb50 JavaThread "C2 CompilerThread6"         daemon [_thread_blocked, id=25892, stack(0x0000009d25f00000,0x0000009d26000000) (1024K)]
  0x0000026d7350da20 JavaThread "WorkerExecutor Queue"              [_thread_in_native, id=5848, stack(0x0000009d18300000,0x0000009d18400000) (1024K)]
  0x0000026d71e24f00 JavaThread "RMI Scheduler(0)"           daemon [_thread_blocked, id=20340, stack(0x0000009d26000000,0x0000009d26100000) (1024K)]
  0x0000026d71e262b0 JavaThread "RMI RenewClean-[127.0.0.1:17694,org.jetbrains.kotlin.daemon.common.LoopbackNetworkInterface$ClientLoopbackSocketFactory@ef01dff]" daemon [_thread_blocked, id=17748, stack(0x0000009d26100000,0x0000009d26200000) (1024K)]
  0x0000026d71e234c0 JavaThread "RMI GC Daemon"              daemon [_thread_blocked, id=28528, stack(0x0000009d26200000,0x0000009d26300000) (1024K)]
  0x0000026d71e25590 JavaThread "RMI TCP Accept-0"           daemon [_thread_in_native, id=11172, stack(0x0000009d26300000,0x0000009d26400000) (1024K)]
  0x0000026d71e25c20 JavaThread "RMI Reaper"                        [_thread_blocked, id=15332, stack(0x0000009d26400000,0x0000009d26500000) (1024K)]
  0x0000026d71e22e30 JavaThread "RMI TCP Connection(1)-127.0.0.1" daemon [_thread_in_native, id=13636, stack(0x0000009d26500000,0x0000009d26600000) (1024K)]
Total: 244

Other Threads:
=>0x0000026d65a8eb40 VMThread "VM Thread"                           [id=8288, stack(0x0000009d16200000,0x0000009d16300000) (1024K)]
  0x0000026d65b10da0 WatcherThread "VM Periodic Task Thread"        [id=20560, stack(0x0000009d16100000,0x0000009d16200000) (1024K)]
  0x0000026d4d8532d0 WorkerThread "GC Thread#0"                     [id=19748, stack(0x0000009d15c00000,0x0000009d15d00000) (1024K)]
  0x0000026d6a653cd0 WorkerThread "GC Thread#1"                     [id=19904, stack(0x0000009d17200000,0x0000009d17300000) (1024K)]
  0x0000026d6a315150 WorkerThread "GC Thread#2"                     [id=26288, stack(0x0000009d17300000,0x0000009d17400000) (1024K)]
  0x0000026d6a65c300 WorkerThread "GC Thread#3"                     [id=14160, stack(0x0000009d17400000,0x0000009d17500000) (1024K)]
  0x0000026d6a65c6a0 WorkerThread "GC Thread#4"                     [id=6732, stack(0x0000009d17500000,0x0000009d17600000) (1024K)]
  0x0000026d6a65ca40 WorkerThread "GC Thread#5"                     [id=812, stack(0x0000009d17600000,0x0000009d17700000) (1024K)]
  0x0000026d6b0292f0 WorkerThread "GC Thread#6"                     [id=10784, stack(0x0000009d17900000,0x0000009d17a00000) (1024K)]
  0x0000026d6b028bb0 WorkerThread "GC Thread#7"                     [id=26672, stack(0x0000009d17a00000,0x0000009d17b00000) (1024K)]
  0x0000026d6b028810 WorkerThread "GC Thread#8"                     [id=7776, stack(0x0000009d17b00000,0x0000009d17c00000) (1024K)]
  0x0000026d6b029a30 WorkerThread "GC Thread#9"                     [id=11336, stack(0x0000009d18500000,0x0000009d18600000) (1024K)]
  0x0000026d6b029690 WorkerThread "GC Thread#10"                    [id=2256, stack(0x0000009d18600000,0x0000009d18700000) (1024K)]
  0x0000026d6b0280d0 WorkerThread "GC Thread#11"                    [id=12356, stack(0x0000009d18700000,0x0000009d18800000) (1024K)]
  0x0000026d6b028470 WorkerThread "GC Thread#12"                    [id=24348, stack(0x0000009d18800000,0x0000009d18900000) (1024K)]
  0x0000026d4d865000 ConcurrentGCThread "G1 Main Marker"            [id=23540, stack(0x0000009d15d00000,0x0000009d15e00000) (1024K)]
  0x0000026d4d865a10 WorkerThread "G1 Conc#0"                       [id=11176, stack(0x0000009d15e00000,0x0000009d15f00000) (1024K)]
  0x0000026d6b04a0d0 WorkerThread "G1 Conc#1"                       [id=10036, stack(0x0000009d18900000,0x0000009d18a00000) (1024K)]
  0x0000026d6b04a470 WorkerThread "G1 Conc#2"                       [id=29680, stack(0x0000009d18a00000,0x0000009d18b00000) (1024K)]
  0x0000026d65985220 ConcurrentGCThread "G1 Refine#0"               [id=30484, stack(0x0000009d15f00000,0x0000009d16000000) (1024K)]
  0x0000026d65985ba0 ConcurrentGCThread "G1 Service"                [id=19012, stack(0x0000009d16000000,0x0000009d16100000) (1024K)]
Total: 21

Threads with active compile tasks:
C2 CompilerThread0  67522 29494 %     4       com.android.tools.r8.ir.regalloc.b::a @ 1098 (1856 bytes)
C2 CompilerThread1  67522 29474 %     4       com.android.tools.r8.ir.regalloc.b::a @ 626 (1521 bytes)
C2 CompilerThread2  67522 29351 %     4       com.android.tools.r8.ir.regalloc.b::c @ 340 (4461 bytes)
C2 CompilerThread3  67522 29139 %     4       com.android.tools.r8.internal.Of::a @ 272 (3403 bytes)
C2 CompilerThread4  67522 29651       4       com.android.tools.r8.utils.structural.c::a (80 bytes)
C2 CompilerThread5  67522 29132       4       com.android.tools.r8.internal.Kl::a (3897 bytes)
C2 CompilerThread6  67522 29392 %     4       com.android.tools.r8.internal.fb::a @ 83 (6452 bytes)
Total: 7

VM state: at safepoint (normal execution)

VM Mutex/Monitor currently owned by a thread:  ([mutex/lock_event])
[0x00007ff95b7d8690] Threads_lock - owner thread: 0x0000026d65a8eb40
[0x00007ff95b7d8790] Heap_lock - owner thread: 0x0000026d6f54f8b0

Heap address: 0x0000000080000000, size: 2048 MB, Compressed Oops mode: 32-bit

CDS archive(s) not mapped
Compressed class space mapped at: 0x0000000100000000-0x0000000140000000, reserved size: 1073741824
Narrow klass base: 0x0000000000000000, Narrow klass shift: 3, Narrow klass range: 0x140000000

GC Precious Log:
 CardTable entry size: 512
 Card Set container configuration: InlinePtr #cards 5 size 8 Array Of Cards #cards 12 size 40 Howl #buckets 4 coarsen threshold 1843 Howl Bitmap #cards 512 size 80 coarsen threshold 460 Card regions per heap region 1 cards per card region 2048
 CPUs: 16 total, 16 available
 Memory: 16151M
 Large Page Support: Disabled
 NUMA Support: Disabled
 Compressed Oops: Enabled (32-bit)
 Heap Region Size: 1M
 Heap Min Capacity: 8M
 Heap Initial Capacity: 254M
 Heap Max Capacity: 2G
 Pre-touch: Disabled
 Parallel Workers: 13
 Concurrent Workers: 3
 Concurrent Refinement Workers: 13
 Periodic GC: Disabled

Heap:
 garbage-first heap   total 492544K, used 238714K [0x0000000080000000, 0x0000000100000000)
  region size 1024K, 19 young (19456K), 19 survivors (19456K)
 Metaspace       used 157146K, committed 159360K, reserved 1245184K
  class space    used 21759K, committed 22848K, reserved 1048576K

Heap Regions: E=young(eden), S=young(survivor), O=old, HS=humongous(starts), HC=humongous(continues), CS=collection set, F=free, TAMS=top-at-mark-start, PB=parsable bottom
|   0|0x0000000080000000, 0x0000000080100000, 0x0000000080100000|100%| O|  |TAMS 0x0000000080000000| PB 0x0000000080000000| Untracked 
|   1|0x0000000080100000, 0x0000000080200000, 0x0000000080200000|100%|HS|  |TAMS 0x0000000080100000| PB 0x0000000080100000| Complete 
|   2|0x0000000080200000, 0x0000000080300000, 0x0000000080300000|100%|HC|  |TAMS 0x0000000080200000| PB 0x0000000080200000| Complete 
|   3|0x0000000080300000, 0x0000000080400000, 0x0000000080400000|100%|HC|  |TAMS 0x0000000080300000| PB 0x0000000080300000| Complete 
|   4|0x0000000080400000, 0x0000000080500000, 0x0000000080500000|100%|HC|  |TAMS 0x0000000080400000| PB 0x0000000080400000| Complete 
|   5|0x0000000080500000, 0x0000000080600000, 0x0000000080600000|100%| O|  |TAMS 0x0000000080500000| PB 0x0000000080500000| Untracked 
|   6|0x0000000080600000, 0x0000000080700000, 0x0000000080700000|100%| O|  |TAMS 0x0000000080600000| PB 0x0000000080600000| Untracked 
|   7|0x0000000080700000, 0x0000000080800000, 0x0000000080800000|100%| O|  |TAMS 0x0000000080700000| PB 0x0000000080700000| Untracked 
|   8|0x0000000080800000, 0x0000000080900000, 0x0000000080900000|100%| O|  |TAMS 0x0000000080800000| PB 0x0000000080800000| Untracked 
|   9|0x0000000080900000, 0x0000000080a00000, 0x0000000080a00000|100%| O|  |TAMS 0x0000000080900000| PB 0x0000000080900000| Untracked 
|  10|0x0000000080a00000, 0x0000000080b00000, 0x0000000080b00000|100%| O|  |TAMS 0x0000000080a00000| PB 0x0000000080a00000| Untracked 
|  11|0x0000000080b00000, 0x0000000080c00000, 0x0000000080c00000|100%| O|  |TAMS 0x0000000080b00000| PB 0x0000000080b00000| Untracked 
|  12|0x0000000080c00000, 0x0000000080d00000, 0x0000000080d00000|100%| O|  |TAMS 0x0000000080c00000| PB 0x0000000080c00000| Untracked 
|  13|0x0000000080d00000, 0x0000000080e00000, 0x0000000080e00000|100%| O|  |TAMS 0x0000000080d00000| PB 0x0000000080d00000| Untracked 
|  14|0x0000000080e00000, 0x0000000080f00000, 0x0000000080f00000|100%| O|  |TAMS 0x0000000080e00000| PB 0x0000000080e00000| Untracked 
|  15|0x0000000080f00000, 0x0000000081000000, 0x0000000081000000|100%| O|  |TAMS 0x0000000080f00000| PB 0x0000000080f00000| Untracked 
|  16|0x0000000081000000, 0x0000000081100000, 0x0000000081100000|100%| O|  |TAMS 0x0000000081000000| PB 0x0000000081000000| Untracked 
|  17|0x0000000081100000, 0x0000000081200000, 0x0000000081200000|100%| O|  |TAMS 0x0000000081100000| PB 0x0000000081100000| Untracked 
|  18|0x0000000081200000, 0x0000000081300000, 0x0000000081300000|100%| O|  |TAMS 0x0000000081200000| PB 0x0000000081200000| Untracked 
|  19|0x0000000081300000, 0x0000000081400000, 0x0000000081400000|100%| O|  |TAMS 0x0000000081300000| PB 0x0000000081300000| Untracked 
|  20|0x0000000081400000, 0x0000000081500000, 0x0000000081500000|100%| O|  |TAMS 0x0000000081400000| PB 0x0000000081400000| Untracked 
|  21|0x0000000081500000, 0x0000000081600000, 0x0000000081600000|100%| O|  |TAMS 0x0000000081500000| PB 0x0000000081500000| Untracked 
|  22|0x0000000081600000, 0x0000000081700000, 0x0000000081700000|100%| O|  |TAMS 0x0000000081600000| PB 0x0000000081600000| Untracked 
|  23|0x0000000081700000, 0x0000000081800000, 0x0000000081800000|100%| O|  |TAMS 0x0000000081700000| PB 0x0000000081700000| Untracked 
|  24|0x0000000081800000, 0x0000000081900000, 0x0000000081900000|100%| O|  |TAMS 0x0000000081800000| PB 0x0000000081800000| Untracked 
|  25|0x0000000081900000, 0x0000000081a00000, 0x0000000081a00000|100%| O|  |TAMS 0x0000000081900000| PB 0x0000000081900000| Untracked 
|  26|0x0000000081a00000, 0x0000000081b00000, 0x0000000081b00000|100%| O|  |TAMS 0x0000000081a00000| PB 0x0000000081a00000| Untracked 
|  27|0x0000000081b00000, 0x0000000081c00000, 0x0000000081c00000|100%|HS|  |TAMS 0x0000000081b00000| PB 0x0000000081b00000| Complete 
|  28|0x0000000081c00000, 0x0000000081d00000, 0x0000000081d00000|100%|HC|  |TAMS 0x0000000081c00000| PB 0x0000000081c00000| Complete 
|  29|0x0000000081d00000, 0x0000000081e00000, 0x0000000081e00000|100%| O|  |TAMS 0x0000000081d00000| PB 0x0000000081d00000| Untracked 
|  30|0x0000000081e00000, 0x0000000081f00000, 0x0000000081f00000|100%| O|  |TAMS 0x0000000081e00000| PB 0x0000000081e00000| Untracked 
|  31|0x0000000081f00000, 0x0000000082000000, 0x0000000082000000|100%| O|  |TAMS 0x0000000081f00000| PB 0x0000000081f00000| Untracked 
|  32|0x0000000082000000, 0x0000000082100000, 0x0000000082100000|100%| O|  |TAMS 0x0000000082000000| PB 0x0000000082000000| Untracked 
|  33|0x0000000082100000, 0x0000000082200000, 0x0000000082200000|100%| O|  |TAMS 0x0000000082100000| PB 0x0000000082100000| Untracked 
|  34|0x0000000082200000, 0x0000000082300000, 0x0000000082300000|100%| O|  |TAMS 0x0000000082200000| PB 0x0000000082200000| Untracked 
|  35|0x0000000082300000, 0x0000000082400000, 0x0000000082400000|100%| O|  |TAMS 0x0000000082300000| PB 0x0000000082300000| Untracked 
|  36|0x0000000082400000, 0x0000000082500000, 0x0000000082500000|100%| O|  |TAMS 0x0000000082400000| PB 0x0000000082400000| Untracked 
|  37|0x0000000082500000, 0x0000000082600000, 0x0000000082600000|100%| O|  |TAMS 0x0000000082500000| PB 0x0000000082500000| Untracked 
|  38|0x0000000082600000, 0x0000000082700000, 0x0000000082700000|100%| O|  |TAMS 0x0000000082600000| PB 0x0000000082600000| Untracked 
|  39|0x0000000082700000, 0x0000000082800000, 0x0000000082800000|100%| O|  |TAMS 0x0000000082700000| PB 0x0000000082700000| Untracked 
|  40|0x0000000082800000, 0x0000000082900000, 0x0000000082900000|100%| O|  |TAMS 0x0000000082800000| PB 0x0000000082800000| Untracked 
|  41|0x0000000082900000, 0x0000000082a00000, 0x0000000082a00000|100%| O|  |TAMS 0x0000000082900000| PB 0x0000000082900000| Untracked 
|  42|0x0000000082a00000, 0x0000000082b00000, 0x0000000082b00000|100%| O|  |TAMS 0x0000000082a00000| PB 0x0000000082a00000| Untracked 
|  43|0x0000000082b00000, 0x0000000082c00000, 0x0000000082c00000|100%| O|  |TAMS 0x0000000082b00000| PB 0x0000000082b00000| Untracked 
|  44|0x0000000082c00000, 0x0000000082d00000, 0x0000000082d00000|100%| O|  |TAMS 0x0000000082c00000| PB 0x0000000082c00000| Untracked 
|  45|0x0000000082d00000, 0x0000000082e00000, 0x0000000082e00000|100%| O|  |TAMS 0x0000000082d00000| PB 0x0000000082d00000| Untracked 
|  46|0x0000000082e00000, 0x0000000082f00000, 0x0000000082f00000|100%| O|  |TAMS 0x0000000082e00000| PB 0x0000000082e00000| Untracked 
|  47|0x0000000082f00000, 0x0000000083000000, 0x0000000083000000|100%| O|  |TAMS 0x0000000082f00000| PB 0x0000000082f00000| Untracked 
|  48|0x0000000083000000, 0x0000000083100000, 0x0000000083100000|100%| O|  |TAMS 0x0000000083000000| PB 0x0000000083000000| Untracked 
|  49|0x0000000083100000, 0x0000000083200000, 0x0000000083200000|100%| O|  |TAMS 0x0000000083100000| PB 0x0000000083100000| Untracked 
|  50|0x0000000083200000, 0x0000000083300000, 0x0000000083300000|100%|HS|  |TAMS 0x0000000083200000| PB 0x0000000083200000| Complete 
|  51|0x0000000083300000, 0x0000000083400000, 0x0000000083400000|100%|HS|  |TAMS 0x0000000083300000| PB 0x0000000083300000| Complete 
|  52|0x0000000083400000, 0x0000000083500000, 0x0000000083500000|100%|HC|  |TAMS 0x0000000083400000| PB 0x0000000083400000| Complete 
|  53|0x0000000083500000, 0x0000000083600000, 0x0000000083600000|100%|HS|  |TAMS 0x0000000083500000| PB 0x0000000083500000| Complete 
|  54|0x0000000083600000, 0x0000000083700000, 0x0000000083700000|100%|HS|  |TAMS 0x0000000083600000| PB 0x0000000083600000| Complete 
|  55|0x0000000083700000, 0x0000000083800000, 0x0000000083800000|100%|HC|  |TAMS 0x0000000083700000| PB 0x0000000083700000| Complete 
|  56|0x0000000083800000, 0x0000000083900000, 0x0000000083900000|100%|HS|  |TAMS 0x0000000083800000| PB 0x0000000083800000| Complete 
|  57|0x0000000083900000, 0x0000000083a00000, 0x0000000083a00000|100%|HS|  |TAMS 0x0000000083900000| PB 0x0000000083900000| Complete 
|  58|0x0000000083a00000, 0x0000000083b00000, 0x0000000083b00000|100%|HC|  |TAMS 0x0000000083a00000| PB 0x0000000083a00000| Complete 
|  59|0x0000000083b00000, 0x0000000083c00000, 0x0000000083c00000|100%|HC|  |TAMS 0x0000000083b00000| PB 0x0000000083b00000| Complete 
|  60|0x0000000083c00000, 0x0000000083d00000, 0x0000000083d00000|100%|HC|  |TAMS 0x0000000083c00000| PB 0x0000000083c00000| Complete 
|  61|0x0000000083d00000, 0x0000000083e00000, 0x0000000083e00000|100%| O|  |TAMS 0x0000000083d00000| PB 0x0000000083d00000| Untracked 
|  62|0x0000000083e00000, 0x0000000083f00000, 0x0000000083f00000|100%|HS|  |TAMS 0x0000000083e00000| PB 0x0000000083e00000| Complete 
|  63|0x0000000083f00000, 0x0000000084000000, 0x0000000084000000|100%| O|  |TAMS 0x0000000083f00000| PB 0x0000000083f00000| Untracked 
|  64|0x0000000084000000, 0x0000000084100000, 0x0000000084100000|100%| O|  |TAMS 0x0000000084000000| PB 0x0000000084000000| Untracked 
|  65|0x0000000084100000, 0x0000000084200000, 0x0000000084200000|100%| O|  |TAMS 0x0000000084100000| PB 0x0000000084100000| Untracked 
|  66|0x0000000084200000, 0x0000000084300000, 0x0000000084300000|100%| O|  |TAMS 0x0000000084200000| PB 0x0000000084200000| Untracked 
|  67|0x0000000084300000, 0x0000000084400000, 0x0000000084400000|100%| O|  |TAMS 0x0000000084300000| PB 0x0000000084300000| Untracked 
|  68|0x0000000084400000, 0x0000000084500000, 0x0000000084500000|100%|HS|  |TAMS 0x0000000084400000| PB 0x0000000084400000| Complete 
|  69|0x0000000084500000, 0x0000000084600000, 0x0000000084600000|100%| O|  |TAMS 0x0000000084500000| PB 0x0000000084500000| Untracked 
|  70|0x0000000084600000, 0x0000000084700000, 0x0000000084700000|100%| O|  |TAMS 0x0000000084600000| PB 0x0000000084600000| Untracked 
|  71|0x0000000084700000, 0x0000000084800000, 0x0000000084800000|100%| O|  |TAMS 0x0000000084700000| PB 0x0000000084700000| Untracked 
|  72|0x0000000084800000, 0x0000000084900000, 0x0000000084900000|100%| O|  |TAMS 0x0000000084800000| PB 0x0000000084800000| Untracked 
|  73|0x0000000084900000, 0x0000000084a00000, 0x0000000084a00000|100%| O|  |TAMS 0x0000000084900000| PB 0x0000000084900000| Untracked 
|  74|0x0000000084a00000, 0x0000000084b00000, 0x0000000084b00000|100%| O|  |TAMS 0x0000000084a00000| PB 0x0000000084a00000| Untracked 
|  75|0x0000000084b00000, 0x0000000084c00000, 0x0000000084c00000|100%| O|  |TAMS 0x0000000084b00000| PB 0x0000000084b00000| Untracked 
|  76|0x0000000084c00000, 0x0000000084d00000, 0x0000000084d00000|100%| O|  |TAMS 0x0000000084c00000| PB 0x0000000084c00000| Untracked 
|  77|0x0000000084d00000, 0x0000000084e00000, 0x0000000084e00000|100%| O|  |TAMS 0x0000000084d00000| PB 0x0000000084d00000| Untracked 
|  78|0x0000000084e00000, 0x0000000084f00000, 0x0000000084f00000|100%| O|  |TAMS 0x0000000084e00000| PB 0x0000000084e00000| Untracked 
|  79|0x0000000084f00000, 0x0000000085000000, 0x0000000085000000|100%| O|  |TAMS 0x0000000084f00000| PB 0x0000000084f00000| Untracked 
|  80|0x0000000085000000, 0x0000000085100000, 0x0000000085100000|100%| O|  |TAMS 0x0000000085000000| PB 0x0000000085000000| Untracked 
|  81|0x0000000085100000, 0x0000000085200000, 0x0000000085200000|100%|HS|  |TAMS 0x0000000085100000| PB 0x0000000085100000| Complete 
|  82|0x0000000085200000, 0x0000000085300000, 0x0000000085300000|100%|HC|  |TAMS 0x0000000085200000| PB 0x0000000085200000| Complete 
|  83|0x0000000085300000, 0x0000000085400000, 0x0000000085400000|100%|HC|  |TAMS 0x0000000085300000| PB 0x0000000085300000| Complete 
|  84|0x0000000085400000, 0x0000000085500000, 0x0000000085500000|100%|HC|  |TAMS 0x0000000085400000| PB 0x0000000085400000| Complete 
|  85|0x0000000085500000, 0x0000000085600000, 0x0000000085600000|100%| O|  |TAMS 0x0000000085500000| PB 0x0000000085500000| Untracked 
|  86|0x0000000085600000, 0x0000000085700000, 0x0000000085700000|100%| O|  |TAMS 0x0000000085600000| PB 0x0000000085600000| Untracked 
|  87|0x0000000085700000, 0x0000000085800000, 0x0000000085800000|100%| O|  |TAMS 0x0000000085700000| PB 0x0000000085700000| Untracked 
|  88|0x0000000085800000, 0x0000000085900000, 0x0000000085900000|100%| O|  |TAMS 0x0000000085800000| PB 0x0000000085800000| Untracked 
|  89|0x0000000085900000, 0x0000000085a00000, 0x0000000085a00000|100%| O|  |TAMS 0x0000000085900000| PB 0x0000000085900000| Untracked 
|  90|0x0000000085a00000, 0x0000000085b00000, 0x0000000085b00000|100%| O|  |TAMS 0x0000000085a00000| PB 0x0000000085a00000| Untracked 
|  91|0x0000000085b00000, 0x0000000085c00000, 0x0000000085c00000|100%| O|  |TAMS 0x0000000085b00000| PB 0x0000000085b00000| Untracked 
|  92|0x0000000085c00000, 0x0000000085d00000, 0x0000000085d00000|100%| O|  |TAMS 0x0000000085c00000| PB 0x0000000085c00000| Untracked 
|  93|0x0000000085d00000, 0x0000000085e00000, 0x0000000085e00000|100%| O|  |TAMS 0x0000000085d00000| PB 0x0000000085d00000| Untracked 
|  94|0x0000000085e00000, 0x0000000085f00000, 0x0000000085f00000|100%| O|  |TAMS 0x0000000085e00000| PB 0x0000000085e00000| Untracked 
|  95|0x0000000085f00000, 0x0000000086000000, 0x0000000086000000|100%| O|  |TAMS 0x0000000085f00000| PB 0x0000000085f00000| Untracked 
|  96|0x0000000086000000, 0x0000000086100000, 0x0000000086100000|100%| O|  |TAMS 0x0000000086000000| PB 0x0000000086000000| Untracked 
|  97|0x0000000086100000, 0x0000000086200000, 0x0000000086200000|100%| O|  |TAMS 0x0000000086100000| PB 0x0000000086100000| Untracked 
|  98|0x0000000086200000, 0x0000000086300000, 0x0000000086300000|100%| O|  |TAMS 0x0000000086200000| PB 0x0000000086200000| Untracked 
|  99|0x0000000086300000, 0x0000000086400000, 0x0000000086400000|100%| O|  |TAMS 0x0000000086300000| PB 0x0000000086300000| Untracked 
| 100|0x0000000086400000, 0x0000000086500000, 0x0000000086500000|100%| O|  |TAMS 0x0000000086400000| PB 0x0000000086400000| Untracked 
| 101|0x0000000086500000, 0x0000000086600000, 0x0000000086600000|100%| O|  |TAMS 0x0000000086500000| PB 0x0000000086500000| Untracked 
| 102|0x0000000086600000, 0x0000000086700000, 0x0000000086700000|100%| O|  |TAMS 0x0000000086600000| PB 0x0000000086600000| Untracked 
| 103|0x0000000086700000, 0x0000000086800000, 0x0000000086800000|100%| O|  |TAMS 0x0000000086700000| PB 0x0000000086700000| Untracked 
| 104|0x0000000086800000, 0x0000000086900000, 0x0000000086900000|100%| O|  |TAMS 0x0000000086800000| PB 0x0000000086800000| Untracked 
| 105|0x0000000086900000, 0x0000000086a00000, 0x0000000086a00000|100%| O|  |TAMS 0x0000000086900000| PB 0x0000000086900000| Untracked 
| 106|0x0000000086a00000, 0x0000000086b00000, 0x0000000086b00000|100%| O|  |TAMS 0x0000000086a00000| PB 0x0000000086a00000| Untracked 
| 107|0x0000000086b00000, 0x0000000086c00000, 0x0000000086c00000|100%| O|  |TAMS 0x0000000086b00000| PB 0x0000000086b00000| Untracked 
| 108|0x0000000086c00000, 0x0000000086d00000, 0x0000000086d00000|100%| O|  |TAMS 0x0000000086c00000| PB 0x0000000086c00000| Untracked 
| 109|0x0000000086d00000, 0x0000000086e00000, 0x0000000086e00000|100%| O|  |TAMS 0x0000000086d00000| PB 0x0000000086d00000| Untracked 
| 110|0x0000000086e00000, 0x0000000086f00000, 0x0000000086f00000|100%| O|  |TAMS 0x0000000086e00000| PB 0x0000000086e00000| Untracked 
| 111|0x0000000086f00000, 0x0000000087000000, 0x0000000087000000|100%| O|  |TAMS 0x0000000086f00000| PB 0x0000000086f00000| Untracked 
| 112|0x0000000087000000, 0x0000000087100000, 0x0000000087100000|100%| O|  |TAMS 0x0000000087000000| PB 0x0000000087000000| Untracked 
| 113|0x0000000087100000, 0x0000000087200000, 0x0000000087200000|100%| O|  |TAMS 0x0000000087100000| PB 0x0000000087100000| Untracked 
| 114|0x0000000087200000, 0x0000000087300000, 0x0000000087300000|100%| O|  |TAMS 0x0000000087200000| PB 0x0000000087200000| Untracked 
| 115|0x0000000087300000, 0x0000000087400000, 0x0000000087400000|100%| O|  |TAMS 0x0000000087300000| PB 0x0000000087300000| Untracked 
| 116|0x0000000087400000, 0x0000000087500000, 0x0000000087500000|100%| O|  |TAMS 0x0000000087400000| PB 0x0000000087400000| Untracked 
| 117|0x0000000087500000, 0x0000000087600000, 0x0000000087600000|100%| O|  |TAMS 0x0000000087500000| PB 0x0000000087500000| Untracked 
| 118|0x0000000087600000, 0x0000000087700000, 0x0000000087700000|100%| O|  |TAMS 0x0000000087600000| PB 0x0000000087600000| Untracked 
| 119|0x0000000087700000, 0x0000000087800000, 0x0000000087800000|100%| O|  |TAMS 0x0000000087700000| PB 0x0000000087700000| Untracked 
| 120|0x0000000087800000, 0x0000000087900000, 0x0000000087900000|100%| O|  |TAMS 0x0000000087800000| PB 0x0000000087800000| Untracked 
| 121|0x0000000087900000, 0x0000000087a00000, 0x0000000087a00000|100%| O|  |TAMS 0x0000000087900000| PB 0x0000000087900000| Untracked 
| 122|0x0000000087a00000, 0x0000000087b00000, 0x0000000087b00000|100%| O|  |TAMS 0x0000000087a00000| PB 0x0000000087a00000| Untracked 
| 123|0x0000000087b00000, 0x0000000087c00000, 0x0000000087c00000|100%| O|  |TAMS 0x0000000087b00000| PB 0x0000000087b00000| Untracked 
| 124|0x0000000087c00000, 0x0000000087d00000, 0x0000000087d00000|100%| O|  |TAMS 0x0000000087c00000| PB 0x0000000087c00000| Untracked 
| 125|0x0000000087d00000, 0x0000000087e00000, 0x0000000087e00000|100%| O|  |TAMS 0x0000000087d00000| PB 0x0000000087d00000| Untracked 
| 126|0x0000000087e00000, 0x0000000087f00000, 0x0000000087f00000|100%| O|  |TAMS 0x0000000087e00000| PB 0x0000000087e00000| Untracked 
| 127|0x0000000087f00000, 0x0000000088000000, 0x0000000088000000|100%| O|  |TAMS 0x0000000087f00000| PB 0x0000000087f00000| Untracked 
| 128|0x0000000088000000, 0x0000000088100000, 0x0000000088100000|100%| O|  |TAMS 0x0000000088000000| PB 0x0000000088000000| Untracked 
| 129|0x0000000088100000, 0x0000000088200000, 0x0000000088200000|100%| O|  |TAMS 0x0000000088100000| PB 0x0000000088100000| Untracked 
| 130|0x0000000088200000, 0x0000000088300000, 0x0000000088300000|100%| O|  |TAMS 0x0000000088200000| PB 0x0000000088200000| Untracked 
| 131|0x0000000088300000, 0x0000000088400000, 0x0000000088400000|100%| O|  |TAMS 0x0000000088300000| PB 0x0000000088300000| Untracked 
| 132|0x0000000088400000, 0x0000000088500000, 0x0000000088500000|100%| O|  |TAMS 0x0000000088400000| PB 0x0000000088400000| Untracked 
| 133|0x0000000088500000, 0x0000000088600000, 0x0000000088600000|100%| O|  |TAMS 0x0000000088500000| PB 0x0000000088500000| Untracked 
| 134|0x0000000088600000, 0x0000000088700000, 0x0000000088700000|100%| O|  |TAMS 0x0000000088600000| PB 0x0000000088600000| Untracked 
| 135|0x0000000088700000, 0x0000000088800000, 0x0000000088800000|100%| O|  |TAMS 0x0000000088700000| PB 0x0000000088700000| Untracked 
| 136|0x0000000088800000, 0x0000000088900000, 0x0000000088900000|100%| O|  |TAMS 0x0000000088800000| PB 0x0000000088800000| Untracked 
| 137|0x0000000088900000, 0x0000000088a00000, 0x0000000088a00000|100%| O|  |TAMS 0x0000000088900000| PB 0x0000000088900000| Untracked 
| 138|0x0000000088a00000, 0x0000000088b00000, 0x0000000088b00000|100%| O|  |TAMS 0x0000000088a00000| PB 0x0000000088a00000| Untracked 
| 139|0x0000000088b00000, 0x0000000088c00000, 0x0000000088c00000|100%| O|  |TAMS 0x0000000088b00000| PB 0x0000000088b00000| Untracked 
| 140|0x0000000088c00000, 0x0000000088d00000, 0x0000000088d00000|100%| O|  |TAMS 0x0000000088c00000| PB 0x0000000088c00000| Untracked 
| 141|0x0000000088d00000, 0x0000000088e00000, 0x0000000088e00000|100%| O|  |TAMS 0x0000000088d00000| PB 0x0000000088d00000| Untracked 
| 142|0x0000000088e00000, 0x0000000088f00000, 0x0000000088f00000|100%| O|  |TAMS 0x0000000088e00000| PB 0x0000000088e00000| Untracked 
| 143|0x0000000088f00000, 0x0000000089000000, 0x0000000089000000|100%| O|  |TAMS 0x0000000088f00000| PB 0x0000000088f00000| Untracked 
| 144|0x0000000089000000, 0x0000000089100000, 0x0000000089100000|100%| O|  |TAMS 0x0000000089000000| PB 0x0000000089000000| Untracked 
| 145|0x0000000089100000, 0x0000000089200000, 0x0000000089200000|100%| O|  |TAMS 0x0000000089100000| PB 0x0000000089100000| Untracked 
| 146|0x0000000089200000, 0x0000000089300000, 0x0000000089300000|100%| O|  |TAMS 0x0000000089200000| PB 0x0000000089200000| Untracked 
| 147|0x0000000089300000, 0x0000000089300000, 0x0000000089400000|  0%| F|  |TAMS 0x0000000089300000| PB 0x0000000089300000| Untracked 
| 148|0x0000000089400000, 0x0000000089500000, 0x0000000089500000|100%| O|  |TAMS 0x0000000089400000| PB 0x0000000089400000| Untracked 
| 149|0x0000000089500000, 0x0000000089600000, 0x0000000089600000|100%| O|  |TAMS 0x0000000089500000| PB 0x0000000089500000| Untracked 
| 150|0x0000000089600000, 0x0000000089700000, 0x0000000089700000|100%| O|  |TAMS 0x0000000089600000| PB 0x0000000089600000| Untracked 
| 151|0x0000000089700000, 0x0000000089800000, 0x0000000089800000|100%| O|  |TAMS 0x0000000089700000| PB 0x0000000089700000| Untracked 
| 152|0x0000000089800000, 0x0000000089900000, 0x0000000089900000|100%| O|  |TAMS 0x0000000089800000| PB 0x0000000089800000| Untracked 
| 153|0x0000000089900000, 0x0000000089a00000, 0x0000000089a00000|100%| O|  |TAMS 0x0000000089900000| PB 0x0000000089900000| Untracked 
| 154|0x0000000089a00000, 0x0000000089b00000, 0x0000000089b00000|100%| O|  |TAMS 0x0000000089a00000| PB 0x0000000089a00000| Untracked 
| 155|0x0000000089b00000, 0x0000000089b00000, 0x0000000089c00000|  0%| F|  |TAMS 0x0000000089b00000| PB 0x0000000089b00000| Untracked 
| 156|0x0000000089c00000, 0x0000000089d00000, 0x0000000089d00000|100%| O|  |TAMS 0x0000000089c00000| PB 0x0000000089c00000| Untracked 
| 157|0x0000000089d00000, 0x0000000089e00000, 0x0000000089e00000|100%| O|  |TAMS 0x0000000089d00000| PB 0x0000000089d00000| Untracked 
| 158|0x0000000089e00000, 0x0000000089e00000, 0x0000000089f00000|  0%| F|  |TAMS 0x0000000089e00000| PB 0x0000000089e00000| Untracked 
| 159|0x0000000089f00000, 0x000000008a000000, 0x000000008a000000|100%| O|  |TAMS 0x0000000089f00000| PB 0x0000000089f00000| Untracked 
| 160|0x000000008a000000, 0x000000008a100000, 0x000000008a100000|100%| O|  |TAMS 0x000000008a000000| PB 0x000000008a000000| Untracked 
| 161|0x000000008a100000, 0x000000008a200000, 0x000000008a200000|100%| O|  |TAMS 0x000000008a100000| PB 0x000000008a100000| Untracked 
| 162|0x000000008a200000, 0x000000008a300000, 0x000000008a300000|100%| O|  |TAMS 0x000000008a200000| PB 0x000000008a200000| Untracked 
| 163|0x000000008a300000, 0x000000008a400000, 0x000000008a400000|100%| O|  |TAMS 0x000000008a300000| PB 0x000000008a300000| Untracked 
| 164|0x000000008a400000, 0x000000008a500000, 0x000000008a500000|100%| O|  |TAMS 0x000000008a400000| PB 0x000000008a400000| Untracked 
| 165|0x000000008a500000, 0x000000008a600000, 0x000000008a600000|100%| O|  |TAMS 0x000000008a500000| PB 0x000000008a500000| Untracked 
| 166|0x000000008a600000, 0x000000008a700000, 0x000000008a700000|100%| O|  |TAMS 0x000000008a600000| PB 0x000000008a600000| Untracked 
| 167|0x000000008a700000, 0x000000008a800000, 0x000000008a800000|100%| O|  |TAMS 0x000000008a700000| PB 0x000000008a700000| Untracked 
| 168|0x000000008a800000, 0x000000008a900000, 0x000000008a900000|100%| O|  |TAMS 0x000000008a800000| PB 0x000000008a800000| Untracked 
| 169|0x000000008a900000, 0x000000008aa00000, 0x000000008aa00000|100%| O|  |TAMS 0x000000008a900000| PB 0x000000008a900000| Untracked 
| 170|0x000000008aa00000, 0x000000008ab00000, 0x000000008ab00000|100%| O|  |TAMS 0x000000008aa00000| PB 0x000000008aa00000| Untracked 
| 171|0x000000008ab00000, 0x000000008ac00000, 0x000000008ac00000|100%| O|  |TAMS 0x000000008ab00000| PB 0x000000008ab00000| Untracked 
| 172|0x000000008ac00000, 0x000000008ad00000, 0x000000008ad00000|100%| O|  |TAMS 0x000000008ac00000| PB 0x000000008ac00000| Untracked 
| 173|0x000000008ad00000, 0x000000008ae00000, 0x000000008ae00000|100%| O|  |TAMS 0x000000008ad00000| PB 0x000000008ad00000| Untracked 
| 174|0x000000008ae00000, 0x000000008ae00000, 0x000000008af00000|  0%| F|  |TAMS 0x000000008ae00000| PB 0x000000008ae00000| Untracked 
| 175|0x000000008af00000, 0x000000008af00000, 0x000000008b000000|  0%| F|  |TAMS 0x000000008af00000| PB 0x000000008af00000| Untracked 
| 176|0x000000008b000000, 0x000000008b000000, 0x000000008b100000|  0%| F|  |TAMS 0x000000008b000000| PB 0x000000008b000000| Untracked 
| 177|0x000000008b100000, 0x000000008b200000, 0x000000008b200000|100%| O|  |TAMS 0x000000008b100000| PB 0x000000008b100000| Untracked 
| 178|0x000000008b200000, 0x000000008b300000, 0x000000008b300000|100%| O|  |TAMS 0x000000008b200000| PB 0x000000008b200000| Untracked 
| 179|0x000000008b300000, 0x000000008b400000, 0x000000008b400000|100%| O|  |TAMS 0x000000008b300000| PB 0x000000008b300000| Untracked 
| 180|0x000000008b400000, 0x000000008b500000, 0x000000008b500000|100%| O|  |TAMS 0x000000008b400000| PB 0x000000008b400000| Untracked 
| 181|0x000000008b500000, 0x000000008b600000, 0x000000008b600000|100%| O|  |TAMS 0x000000008b500000| PB 0x000000008b500000| Untracked 
| 182|0x000000008b600000, 0x000000008b700000, 0x000000008b700000|100%| O|  |TAMS 0x000000008b600000| PB 0x000000008b600000| Untracked 
| 183|0x000000008b700000, 0x000000008b800000, 0x000000008b800000|100%| O|  |TAMS 0x000000008b700000| PB 0x000000008b700000| Untracked 
| 184|0x000000008b800000, 0x000000008b900000, 0x000000008b900000|100%| O|  |TAMS 0x000000008b800000| PB 0x000000008b800000| Untracked 
| 185|0x000000008b900000, 0x000000008ba00000, 0x000000008ba00000|100%| O|  |TAMS 0x000000008b900000| PB 0x000000008b900000| Untracked 
| 186|0x000000008ba00000, 0x000000008bb00000, 0x000000008bb00000|100%| O|  |TAMS 0x000000008ba00000| PB 0x000000008ba00000| Untracked 
| 187|0x000000008bb00000, 0x000000008bc00000, 0x000000008bc00000|100%| O|  |TAMS 0x000000008bb00000| PB 0x000000008bb00000| Untracked 
| 188|0x000000008bc00000, 0x000000008bd00000, 0x000000008bd00000|100%| O|  |TAMS 0x000000008bc00000| PB 0x000000008bc00000| Untracked 
| 189|0x000000008bd00000, 0x000000008be00000, 0x000000008be00000|100%| O|  |TAMS 0x000000008bd00000| PB 0x000000008bd00000| Untracked 
| 190|0x000000008be00000, 0x000000008bf00000, 0x000000008bf00000|100%| O|  |TAMS 0x000000008be00000| PB 0x000000008be00000| Untracked 
| 191|0x000000008bf00000, 0x000000008bf00000, 0x000000008c000000|  0%| F|  |TAMS 0x000000008bf00000| PB 0x000000008bf00000| Untracked 
| 192|0x000000008c000000, 0x000000008c07f538, 0x000000008c100000| 49%| O|  |TAMS 0x000000008c000000| PB 0x000000008c000000| Untracked 
| 193|0x000000008c100000, 0x000000008c200000, 0x000000008c200000|100%| O|  |TAMS 0x000000008c100000| PB 0x000000008c100000| Untracked 
| 194|0x000000008c200000, 0x000000008c300000, 0x000000008c300000|100%| O|  |TAMS 0x000000008c200000| PB 0x000000008c200000| Untracked 
| 195|0x000000008c300000, 0x000000008c400000, 0x000000008c400000|100%| O|  |TAMS 0x000000008c300000| PB 0x000000008c300000| Untracked 
| 196|0x000000008c400000, 0x000000008c500000, 0x000000008c500000|100%| O|  |TAMS 0x000000008c400000| PB 0x000000008c400000| Untracked 
| 197|0x000000008c500000, 0x000000008c600000, 0x000000008c600000|100%| O|  |TAMS 0x000000008c500000| PB 0x000000008c500000| Untracked 
| 198|0x000000008c600000, 0x000000008c700000, 0x000000008c700000|100%| O|  |TAMS 0x000000008c600000| PB 0x000000008c600000| Untracked 
| 199|0x000000008c700000, 0x000000008c800000, 0x000000008c800000|100%| O|  |TAMS 0x000000008c700000| PB 0x000000008c700000| Untracked 
| 200|0x000000008c800000, 0x000000008c900000, 0x000000008c900000|100%| O|  |TAMS 0x000000008c800000| PB 0x000000008c800000| Untracked 
| 201|0x000000008c900000, 0x000000008ca00000, 0x000000008ca00000|100%| O|  |TAMS 0x000000008c900000| PB 0x000000008c900000| Untracked 
| 202|0x000000008ca00000, 0x000000008cb00000, 0x000000008cb00000|100%| O|  |TAMS 0x000000008ca00000| PB 0x000000008ca00000| Untracked 
| 203|0x000000008cb00000, 0x000000008cc00000, 0x000000008cc00000|100%| O|  |TAMS 0x000000008cb00000| PB 0x000000008cb00000| Untracked 
| 204|0x000000008cc00000, 0x000000008cd00000, 0x000000008cd00000|100%| O|  |TAMS 0x000000008cc00000| PB 0x000000008cc00000| Untracked 
| 205|0x000000008cd00000, 0x000000008ce00000, 0x000000008ce00000|100%| O|  |TAMS 0x000000008cd00000| PB 0x000000008cd00000| Untracked 
| 206|0x000000008ce00000, 0x000000008ce00000, 0x000000008cf00000|  0%| F|  |TAMS 0x000000008ce00000| PB 0x000000008ce00000| Untracked 
| 207|0x000000008cf00000, 0x000000008cf9f540, 0x000000008d000000| 62%| S|CS|TAMS 0x000000008cf00000| PB 0x000000008cf00000| Complete 
| 208|0x000000008d000000, 0x000000008d100000, 0x000000008d100000|100%| S|CS|TAMS 0x000000008d000000| PB 0x000000008d000000| Complete 
| 209|0x000000008d100000, 0x000000008d200000, 0x000000008d200000|100%| S|CS|TAMS 0x000000008d100000| PB 0x000000008d100000| Complete 
| 210|0x000000008d200000, 0x000000008d300000, 0x000000008d300000|100%| S|CS|TAMS 0x000000008d200000| PB 0x000000008d200000| Complete 
| 211|0x000000008d300000, 0x000000008d400000, 0x000000008d400000|100%| S|CS|TAMS 0x000000008d300000| PB 0x000000008d300000| Complete 
| 212|0x000000008d400000, 0x000000008d500000, 0x000000008d500000|100%| S|CS|TAMS 0x000000008d400000| PB 0x000000008d400000| Complete 
| 213|0x000000008d500000, 0x000000008d600000, 0x000000008d600000|100%| S|CS|TAMS 0x000000008d500000| PB 0x000000008d500000| Complete 
| 214|0x000000008d600000, 0x000000008d700000, 0x000000008d700000|100%| S|CS|TAMS 0x000000008d600000| PB 0x000000008d600000| Complete 
| 215|0x000000008d700000, 0x000000008d800000, 0x000000008d800000|100%| S|CS|TAMS 0x000000008d700000| PB 0x000000008d700000| Complete 
| 216|0x000000008d800000, 0x000000008d900000, 0x000000008d900000|100%| S|CS|TAMS 0x000000008d800000| PB 0x000000008d800000| Complete 
| 217|0x000000008d900000, 0x000000008da00000, 0x000000008da00000|100%| S|CS|TAMS 0x000000008d900000| PB 0x000000008d900000| Complete 
| 218|0x000000008da00000, 0x000000008da00000, 0x000000008db00000|  0%| F|  |TAMS 0x000000008da00000| PB 0x000000008da00000| Untracked 
| 219|0x000000008db00000, 0x000000008db00000, 0x000000008dc00000|  0%| F|  |TAMS 0x000000008db00000| PB 0x000000008db00000| Untracked 
| 220|0x000000008dc00000, 0x000000008dd00000, 0x000000008dd00000|100%| S|CS|TAMS 0x000000008dc00000| PB 0x000000008dc00000| Complete 
| 221|0x000000008dd00000, 0x000000008de00000, 0x000000008de00000|100%| S|CS|TAMS 0x000000008dd00000| PB 0x000000008dd00000| Complete 
| 222|0x000000008de00000, 0x000000008df00000, 0x000000008df00000|100%| S|CS|TAMS 0x000000008de00000| PB 0x000000008de00000| Complete 
| 223|0x000000008df00000, 0x000000008e000000, 0x000000008e000000|100%| S|CS|TAMS 0x000000008df00000| PB 0x000000008df00000| Complete 
| 224|0x000000008e000000, 0x000000008e100000, 0x000000008e100000|100%| S|CS|TAMS 0x000000008e000000| PB 0x000000008e000000| Complete 
| 225|0x000000008e100000, 0x000000008e200000, 0x000000008e200000|100%| S|CS|TAMS 0x000000008e100000| PB 0x000000008e100000| Complete 
| 226|0x000000008e200000, 0x000000008e300000, 0x000000008e300000|100%| S|CS|TAMS 0x000000008e200000| PB 0x000000008e200000| Complete 
| 227|0x000000008e300000, 0x000000008e400000, 0x000000008e400000|100%| S|CS|TAMS 0x000000008e300000| PB 0x000000008e300000| Complete 
| 228|0x000000008e400000, 0x000000008e400000, 0x000000008e500000|  0%| F|  |TAMS 0x000000008e400000| PB 0x000000008e400000| Untracked 
| 229|0x000000008e500000, 0x000000008e500000, 0x000000008e600000|  0%| F|  |TAMS 0x000000008e500000| PB 0x000000008e500000| Untracked 
| 230|0x000000008e600000, 0x000000008e600000, 0x000000008e700000|  0%| F|  |TAMS 0x000000008e600000| PB 0x000000008e600000| Untracked 
| 231|0x000000008e700000, 0x000000008e700000, 0x000000008e800000|  0%| F|  |TAMS 0x000000008e700000| PB 0x000000008e700000| Untracked 
| 232|0x000000008e800000, 0x000000008e800000, 0x000000008e900000|  0%| F|  |TAMS 0x000000008e800000| PB 0x000000008e800000| Untracked 
| 233|0x000000008e900000, 0x000000008e900000, 0x000000008ea00000|  0%| F|  |TAMS 0x000000008e900000| PB 0x000000008e900000| Untracked 
| 234|0x000000008ea00000, 0x000000008ea00000, 0x000000008eb00000|  0%| F|  |TAMS 0x000000008ea00000| PB 0x000000008ea00000| Untracked 
| 235|0x000000008eb00000, 0x000000008eb00000, 0x000000008ec00000|  0%| F|  |TAMS 0x000000008eb00000| PB 0x000000008eb00000| Untracked 
| 236|0x000000008ec00000, 0x000000008ec00000, 0x000000008ed00000|  0%| F|  |TAMS 0x000000008ec00000| PB 0x000000008ec00000| Untracked 
| 237|0x000000008ed00000, 0x000000008ed00000, 0x000000008ee00000|  0%| F|  |TAMS 0x000000008ed00000| PB 0x000000008ed00000| Untracked 
| 238|0x000000008ee00000, 0x000000008ee00000, 0x000000008ef00000|  0%| F|  |TAMS 0x000000008ee00000| PB 0x000000008ee00000| Untracked 
| 239|0x000000008ef00000, 0x000000008ef00000, 0x000000008f000000|  0%| F|  |TAMS 0x000000008ef00000| PB 0x000000008ef00000| Untracked 
| 240|0x000000008f000000, 0x000000008f000000, 0x000000008f100000|  0%| F|  |TAMS 0x000000008f000000| PB 0x000000008f000000| Untracked 
| 241|0x000000008f100000, 0x000000008f100000, 0x000000008f200000|  0%| F|  |TAMS 0x000000008f100000| PB 0x000000008f100000| Untracked 
| 242|0x000000008f200000, 0x000000008f200000, 0x000000008f300000|  0%| F|  |TAMS 0x000000008f200000| PB 0x000000008f200000| Untracked 
| 243|0x000000008f300000, 0x000000008f300000, 0x000000008f400000|  0%| F|  |TAMS 0x000000008f300000| PB 0x000000008f300000| Untracked 
| 244|0x000000008f400000, 0x000000008f400000, 0x000000008f500000|  0%| F|  |TAMS 0x000000008f400000| PB 0x000000008f400000| Untracked 
| 245|0x000000008f500000, 0x000000008f500000, 0x000000008f600000|  0%| F|  |TAMS 0x000000008f500000| PB 0x000000008f500000| Untracked 
| 246|0x000000008f600000, 0x000000008f600000, 0x000000008f700000|  0%| F|  |TAMS 0x000000008f600000| PB 0x000000008f600000| Untracked 
| 247|0x000000008f700000, 0x000000008f700000, 0x000000008f800000|  0%| F|  |TAMS 0x000000008f700000| PB 0x000000008f700000| Untracked 
| 248|0x000000008f800000, 0x000000008f800000, 0x000000008f900000|  0%| F|  |TAMS 0x000000008f800000| PB 0x000000008f800000| Untracked 
| 249|0x000000008f900000, 0x000000008f900000, 0x000000008fa00000|  0%| F|  |TAMS 0x000000008f900000| PB 0x000000008f900000| Untracked 
| 250|0x000000008fa00000, 0x000000008fa00000, 0x000000008fb00000|  0%| F|  |TAMS 0x000000008fa00000| PB 0x000000008fa00000| Untracked 
| 251|0x000000008fb00000, 0x000000008fb00000, 0x000000008fc00000|  0%| F|  |TAMS 0x000000008fb00000| PB 0x000000008fb00000| Untracked 
| 252|0x000000008fc00000, 0x000000008fc00000, 0x000000008fd00000|  0%| F|  |TAMS 0x000000008fc00000| PB 0x000000008fc00000| Untracked 
| 253|0x000000008fd00000, 0x000000008fd00000, 0x000000008fe00000|  0%| F|  |TAMS 0x000000008fd00000| PB 0x000000008fd00000| Untracked 
| 254|0x000000008fe00000, 0x000000008fe00000, 0x000000008ff00000|  0%| F|  |TAMS 0x000000008fe00000| PB 0x000000008fe00000| Untracked 
| 255|0x000000008ff00000, 0x000000008ff00000, 0x0000000090000000|  0%| F|  |TAMS 0x000000008ff00000| PB 0x000000008ff00000| Untracked 
| 256|0x0000000090000000, 0x0000000090000000, 0x0000000090100000|  0%| F|  |TAMS 0x0000000090000000| PB 0x0000000090000000| Untracked 
| 257|0x0000000090100000, 0x0000000090100000, 0x0000000090200000|  0%| F|  |TAMS 0x0000000090100000| PB 0x0000000090100000| Untracked 
| 258|0x0000000090200000, 0x0000000090200000, 0x0000000090300000|  0%| F|  |TAMS 0x0000000090200000| PB 0x0000000090200000| Untracked 
| 259|0x0000000090300000, 0x0000000090300000, 0x0000000090400000|  0%| F|  |TAMS 0x0000000090300000| PB 0x0000000090300000| Untracked 
| 260|0x0000000090400000, 0x0000000090400000, 0x0000000090500000|  0%| F|  |TAMS 0x0000000090400000| PB 0x0000000090400000| Untracked 
| 261|0x0000000090500000, 0x0000000090500000, 0x0000000090600000|  0%| F|  |TAMS 0x0000000090500000| PB 0x0000000090500000| Untracked 
| 262|0x0000000090600000, 0x0000000090600000, 0x0000000090700000|  0%| F|  |TAMS 0x0000000090600000| PB 0x0000000090600000| Untracked 
| 263|0x0000000090700000, 0x0000000090700000, 0x0000000090800000|  0%| F|  |TAMS 0x0000000090700000| PB 0x0000000090700000| Untracked 
| 264|0x0000000090800000, 0x0000000090800000, 0x0000000090900000|  0%| F|  |TAMS 0x0000000090800000| PB 0x0000000090800000| Untracked 
| 265|0x0000000090900000, 0x0000000090900000, 0x0000000090a00000|  0%| F|  |TAMS 0x0000000090900000| PB 0x0000000090900000| Untracked 
| 266|0x0000000090a00000, 0x0000000090a00000, 0x0000000090b00000|  0%| F|  |TAMS 0x0000000090a00000| PB 0x0000000090a00000| Untracked 
| 267|0x0000000090b00000, 0x0000000090b00000, 0x0000000090c00000|  0%| F|  |TAMS 0x0000000090b00000| PB 0x0000000090b00000| Untracked 
| 268|0x0000000090c00000, 0x0000000090c00000, 0x0000000090d00000|  0%| F|  |TAMS 0x0000000090c00000| PB 0x0000000090c00000| Untracked 
| 269|0x0000000090d00000, 0x0000000090d00000, 0x0000000090e00000|  0%| F|  |TAMS 0x0000000090d00000| PB 0x0000000090d00000| Untracked 
| 270|0x0000000090e00000, 0x0000000090e00000, 0x0000000090f00000|  0%| F|  |TAMS 0x0000000090e00000| PB 0x0000000090e00000| Untracked 
| 271|0x0000000090f00000, 0x0000000090f00000, 0x0000000091000000|  0%| F|  |TAMS 0x0000000090f00000| PB 0x0000000090f00000| Untracked 
| 272|0x0000000091000000, 0x0000000091000000, 0x0000000091100000|  0%| F|  |TAMS 0x0000000091000000| PB 0x0000000091000000| Untracked 
| 273|0x0000000091100000, 0x0000000091100000, 0x0000000091200000|  0%| F|  |TAMS 0x0000000091100000| PB 0x0000000091100000| Untracked 
| 274|0x0000000091200000, 0x0000000091200000, 0x0000000091300000|  0%| F|  |TAMS 0x0000000091200000| PB 0x0000000091200000| Untracked 
| 275|0x0000000091300000, 0x0000000091300000, 0x0000000091400000|  0%| F|  |TAMS 0x0000000091300000| PB 0x0000000091300000| Untracked 
| 276|0x0000000091400000, 0x0000000091400000, 0x0000000091500000|  0%| F|  |TAMS 0x0000000091400000| PB 0x0000000091400000| Untracked 
| 277|0x0000000091500000, 0x0000000091500000, 0x0000000091600000|  0%| F|  |TAMS 0x0000000091500000| PB 0x0000000091500000| Untracked 
| 278|0x0000000091600000, 0x0000000091600000, 0x0000000091700000|  0%| F|  |TAMS 0x0000000091600000| PB 0x0000000091600000| Untracked 
| 279|0x0000000091700000, 0x0000000091700000, 0x0000000091800000|  0%| F|  |TAMS 0x0000000091700000| PB 0x0000000091700000| Untracked 
| 280|0x0000000091800000, 0x0000000091800000, 0x0000000091900000|  0%| F|  |TAMS 0x0000000091800000| PB 0x0000000091800000| Untracked 
| 281|0x0000000091900000, 0x0000000091900000, 0x0000000091a00000|  0%| F|  |TAMS 0x0000000091900000| PB 0x0000000091900000| Untracked 
| 282|0x0000000091a00000, 0x0000000091a00000, 0x0000000091b00000|  0%| F|  |TAMS 0x0000000091a00000| PB 0x0000000091a00000| Untracked 
| 283|0x0000000091b00000, 0x0000000091b00000, 0x0000000091c00000|  0%| F|  |TAMS 0x0000000091b00000| PB 0x0000000091b00000| Untracked 
| 284|0x0000000091c00000, 0x0000000091c00000, 0x0000000091d00000|  0%| F|  |TAMS 0x0000000091c00000| PB 0x0000000091c00000| Untracked 
| 285|0x0000000091d00000, 0x0000000091d00000, 0x0000000091e00000|  0%| F|  |TAMS 0x0000000091d00000| PB 0x0000000091d00000| Untracked 
| 286|0x0000000091e00000, 0x0000000091e00000, 0x0000000091f00000|  0%| F|  |TAMS 0x0000000091e00000| PB 0x0000000091e00000| Untracked 
| 287|0x0000000091f00000, 0x0000000091f00000, 0x0000000092000000|  0%| F|  |TAMS 0x0000000091f00000| PB 0x0000000091f00000| Untracked 
| 288|0x0000000092000000, 0x0000000092000000, 0x0000000092100000|  0%| F|  |TAMS 0x0000000092000000| PB 0x0000000092000000| Untracked 
| 289|0x0000000092100000, 0x0000000092100000, 0x0000000092200000|  0%| F|  |TAMS 0x0000000092100000| PB 0x0000000092100000| Untracked 
| 290|0x0000000092200000, 0x0000000092200000, 0x0000000092300000|  0%| F|  |TAMS 0x0000000092200000| PB 0x0000000092200000| Untracked 
| 291|0x0000000092300000, 0x0000000092300000, 0x0000000092400000|  0%| F|  |TAMS 0x0000000092300000| PB 0x0000000092300000| Untracked 
| 292|0x0000000092400000, 0x0000000092400000, 0x0000000092500000|  0%| F|  |TAMS 0x0000000092400000| PB 0x0000000092400000| Untracked 
| 293|0x0000000092500000, 0x0000000092500000, 0x0000000092600000|  0%| F|  |TAMS 0x0000000092500000| PB 0x0000000092500000| Untracked 
| 294|0x0000000092600000, 0x0000000092600000, 0x0000000092700000|  0%| F|  |TAMS 0x0000000092600000| PB 0x0000000092600000| Untracked 
| 295|0x0000000092700000, 0x0000000092700000, 0x0000000092800000|  0%| F|  |TAMS 0x0000000092700000| PB 0x0000000092700000| Untracked 
| 296|0x0000000092800000, 0x0000000092800000, 0x0000000092900000|  0%| F|  |TAMS 0x0000000092800000| PB 0x0000000092800000| Untracked 
| 297|0x0000000092900000, 0x0000000092900000, 0x0000000092a00000|  0%| F|  |TAMS 0x0000000092900000| PB 0x0000000092900000| Untracked 
| 298|0x0000000092a00000, 0x0000000092a00000, 0x0000000092b00000|  0%| F|  |TAMS 0x0000000092a00000| PB 0x0000000092a00000| Untracked 
| 299|0x0000000092b00000, 0x0000000092b00000, 0x0000000092c00000|  0%| F|  |TAMS 0x0000000092b00000| PB 0x0000000092b00000| Untracked 
| 300|0x0000000092c00000, 0x0000000092c00000, 0x0000000092d00000|  0%| F|  |TAMS 0x0000000092c00000| PB 0x0000000092c00000| Untracked 
| 301|0x0000000092d00000, 0x0000000092d00000, 0x0000000092e00000|  0%| F|  |TAMS 0x0000000092d00000| PB 0x0000000092d00000| Untracked 
| 302|0x0000000092e00000, 0x0000000092e00000, 0x0000000092f00000|  0%| F|  |TAMS 0x0000000092e00000| PB 0x0000000092e00000| Untracked 
| 303|0x0000000092f00000, 0x0000000092f00000, 0x0000000093000000|  0%| F|  |TAMS 0x0000000092f00000| PB 0x0000000092f00000| Untracked 
| 304|0x0000000093000000, 0x0000000093000000, 0x0000000093100000|  0%| F|  |TAMS 0x0000000093000000| PB 0x0000000093000000| Untracked 
| 305|0x0000000093100000, 0x0000000093100000, 0x0000000093200000|  0%| F|  |TAMS 0x0000000093100000| PB 0x0000000093100000| Untracked 
| 306|0x0000000093200000, 0x0000000093200000, 0x0000000093300000|  0%| F|  |TAMS 0x0000000093200000| PB 0x0000000093200000| Untracked 
| 307|0x0000000093300000, 0x0000000093300000, 0x0000000093400000|  0%| F|  |TAMS 0x0000000093300000| PB 0x0000000093300000| Untracked 
| 308|0x0000000093400000, 0x0000000093400000, 0x0000000093500000|  0%| F|  |TAMS 0x0000000093400000| PB 0x0000000093400000| Untracked 
| 309|0x0000000093500000, 0x0000000093500000, 0x0000000093600000|  0%| F|  |TAMS 0x0000000093500000| PB 0x0000000093500000| Untracked 
| 310|0x0000000093600000, 0x0000000093600000, 0x0000000093700000|  0%| F|  |TAMS 0x0000000093600000| PB 0x0000000093600000| Untracked 
| 311|0x0000000093700000, 0x0000000093700000, 0x0000000093800000|  0%| F|  |TAMS 0x0000000093700000| PB 0x0000000093700000| Untracked 
| 312|0x0000000093800000, 0x0000000093800000, 0x0000000093900000|  0%| F|  |TAMS 0x0000000093800000| PB 0x0000000093800000| Untracked 
| 313|0x0000000093900000, 0x0000000093900000, 0x0000000093a00000|  0%| F|  |TAMS 0x0000000093900000| PB 0x0000000093900000| Untracked 
| 314|0x0000000093a00000, 0x0000000093a00000, 0x0000000093b00000|  0%| F|  |TAMS 0x0000000093a00000| PB 0x0000000093a00000| Untracked 
| 315|0x0000000093b00000, 0x0000000093b00000, 0x0000000093c00000|  0%| F|  |TAMS 0x0000000093b00000| PB 0x0000000093b00000| Untracked 
| 316|0x0000000093c00000, 0x0000000093c00000, 0x0000000093d00000|  0%| F|  |TAMS 0x0000000093c00000| PB 0x0000000093c00000| Untracked 
| 317|0x0000000093d00000, 0x0000000093d00000, 0x0000000093e00000|  0%| F|  |TAMS 0x0000000093d00000| PB 0x0000000093d00000| Untracked 
| 318|0x0000000093e00000, 0x0000000093e00000, 0x0000000093f00000|  0%| F|  |TAMS 0x0000000093e00000| PB 0x0000000093e00000| Untracked 
| 319|0x0000000093f00000, 0x0000000093f00000, 0x0000000094000000|  0%| F|  |TAMS 0x0000000093f00000| PB 0x0000000093f00000| Untracked 
| 320|0x0000000094000000, 0x0000000094000000, 0x0000000094100000|  0%| F|  |TAMS 0x0000000094000000| PB 0x0000000094000000| Untracked 
| 321|0x0000000094100000, 0x0000000094100000, 0x0000000094200000|  0%| F|  |TAMS 0x0000000094100000| PB 0x0000000094100000| Untracked 
| 322|0x0000000094200000, 0x0000000094200000, 0x0000000094300000|  0%| F|  |TAMS 0x0000000094200000| PB 0x0000000094200000| Untracked 
| 323|0x0000000094300000, 0x0000000094300000, 0x0000000094400000|  0%| F|  |TAMS 0x0000000094300000| PB 0x0000000094300000| Untracked 
| 324|0x0000000094400000, 0x0000000094400000, 0x0000000094500000|  0%| F|  |TAMS 0x0000000094400000| PB 0x0000000094400000| Untracked 
| 325|0x0000000094500000, 0x0000000094500000, 0x0000000094600000|  0%| F|  |TAMS 0x0000000094500000| PB 0x0000000094500000| Untracked 
| 326|0x0000000094600000, 0x0000000094600000, 0x0000000094700000|  0%| F|  |TAMS 0x0000000094600000| PB 0x0000000094600000| Untracked 
| 327|0x0000000094700000, 0x0000000094700000, 0x0000000094800000|  0%| F|  |TAMS 0x0000000094700000| PB 0x0000000094700000| Untracked 
| 328|0x0000000094800000, 0x0000000094800000, 0x0000000094900000|  0%| F|  |TAMS 0x0000000094800000| PB 0x0000000094800000| Untracked 
| 329|0x0000000094900000, 0x0000000094900000, 0x0000000094a00000|  0%| F|  |TAMS 0x0000000094900000| PB 0x0000000094900000| Untracked 
| 330|0x0000000094a00000, 0x0000000094a00000, 0x0000000094b00000|  0%| F|  |TAMS 0x0000000094a00000| PB 0x0000000094a00000| Untracked 
| 331|0x0000000094b00000, 0x0000000094b00000, 0x0000000094c00000|  0%| F|  |TAMS 0x0000000094b00000| PB 0x0000000094b00000| Untracked 
| 332|0x0000000094c00000, 0x0000000094c00000, 0x0000000094d00000|  0%| F|  |TAMS 0x0000000094c00000| PB 0x0000000094c00000| Untracked 
| 333|0x0000000094d00000, 0x0000000094d00000, 0x0000000094e00000|  0%| F|  |TAMS 0x0000000094d00000| PB 0x0000000094d00000| Untracked 
| 334|0x0000000094e00000, 0x0000000094e00000, 0x0000000094f00000|  0%| F|  |TAMS 0x0000000094e00000| PB 0x0000000094e00000| Untracked 
| 335|0x0000000094f00000, 0x0000000094f00000, 0x0000000095000000|  0%| F|  |TAMS 0x0000000094f00000| PB 0x0000000094f00000| Untracked 
| 336|0x0000000095000000, 0x0000000095000000, 0x0000000095100000|  0%| F|  |TAMS 0x0000000095000000| PB 0x0000000095000000| Untracked 
| 337|0x0000000095100000, 0x0000000095100000, 0x0000000095200000|  0%| F|  |TAMS 0x0000000095100000| PB 0x0000000095100000| Untracked 
| 338|0x0000000095200000, 0x0000000095200000, 0x0000000095300000|  0%| F|  |TAMS 0x0000000095200000| PB 0x0000000095200000| Untracked 
| 339|0x0000000095300000, 0x0000000095300000, 0x0000000095400000|  0%| F|  |TAMS 0x0000000095300000| PB 0x0000000095300000| Untracked 
| 340|0x0000000095400000, 0x0000000095400000, 0x0000000095500000|  0%| F|  |TAMS 0x0000000095400000| PB 0x0000000095400000| Untracked 
| 341|0x0000000095500000, 0x0000000095500000, 0x0000000095600000|  0%| F|  |TAMS 0x0000000095500000| PB 0x0000000095500000| Untracked 
| 342|0x0000000095600000, 0x0000000095600000, 0x0000000095700000|  0%| F|  |TAMS 0x0000000095600000| PB 0x0000000095600000| Untracked 
| 343|0x0000000095700000, 0x0000000095700000, 0x0000000095800000|  0%| F|  |TAMS 0x0000000095700000| PB 0x0000000095700000| Untracked 
| 344|0x0000000095800000, 0x0000000095800000, 0x0000000095900000|  0%| F|  |TAMS 0x0000000095800000| PB 0x0000000095800000| Untracked 
| 345|0x0000000095900000, 0x0000000095900000, 0x0000000095a00000|  0%| F|  |TAMS 0x0000000095900000| PB 0x0000000095900000| Untracked 
| 346|0x0000000095a00000, 0x0000000095a00000, 0x0000000095b00000|  0%| F|  |TAMS 0x0000000095a00000| PB 0x0000000095a00000| Untracked 
| 347|0x0000000095b00000, 0x0000000095b00000, 0x0000000095c00000|  0%| F|  |TAMS 0x0000000095b00000| PB 0x0000000095b00000| Untracked 
| 348|0x0000000095c00000, 0x0000000095c00000, 0x0000000095d00000|  0%| F|  |TAMS 0x0000000095c00000| PB 0x0000000095c00000| Untracked 
| 349|0x0000000095d00000, 0x0000000095d00000, 0x0000000095e00000|  0%| F|  |TAMS 0x0000000095d00000| PB 0x0000000095d00000| Untracked 
| 350|0x0000000095e00000, 0x0000000095e00000, 0x0000000095f00000|  0%| F|  |TAMS 0x0000000095e00000| PB 0x0000000095e00000| Untracked 
| 351|0x0000000095f00000, 0x0000000095f00000, 0x0000000096000000|  0%| F|  |TAMS 0x0000000095f00000| PB 0x0000000095f00000| Untracked 
| 352|0x0000000096000000, 0x0000000096000000, 0x0000000096100000|  0%| F|  |TAMS 0x0000000096000000| PB 0x0000000096000000| Untracked 
| 353|0x0000000096100000, 0x0000000096100000, 0x0000000096200000|  0%| F|  |TAMS 0x0000000096100000| PB 0x0000000096100000| Untracked 
| 354|0x0000000096200000, 0x0000000096200000, 0x0000000096300000|  0%| F|  |TAMS 0x0000000096200000| PB 0x0000000096200000| Untracked 
| 355|0x0000000096300000, 0x0000000096300000, 0x0000000096400000|  0%| F|  |TAMS 0x0000000096300000| PB 0x0000000096300000| Untracked 
| 356|0x0000000096400000, 0x0000000096400000, 0x0000000096500000|  0%| F|  |TAMS 0x0000000096400000| PB 0x0000000096400000| Untracked 
| 357|0x0000000096500000, 0x0000000096500000, 0x0000000096600000|  0%| F|  |TAMS 0x0000000096500000| PB 0x0000000096500000| Untracked 
| 358|0x0000000096600000, 0x0000000096600000, 0x0000000096700000|  0%| F|  |TAMS 0x0000000096600000| PB 0x0000000096600000| Untracked 
| 359|0x0000000096700000, 0x0000000096700000, 0x0000000096800000|  0%| F|  |TAMS 0x0000000096700000| PB 0x0000000096700000| Untracked 
| 360|0x0000000096800000, 0x0000000096800000, 0x0000000096900000|  0%| F|  |TAMS 0x0000000096800000| PB 0x0000000096800000| Untracked 
| 361|0x0000000096900000, 0x0000000096900000, 0x0000000096a00000|  0%| F|  |TAMS 0x0000000096900000| PB 0x0000000096900000| Untracked 
| 362|0x0000000096a00000, 0x0000000096a00000, 0x0000000096b00000|  0%| F|  |TAMS 0x0000000096a00000| PB 0x0000000096a00000| Untracked 
| 363|0x0000000096b00000, 0x0000000096b00000, 0x0000000096c00000|  0%| F|  |TAMS 0x0000000096b00000| PB 0x0000000096b00000| Untracked 
| 364|0x0000000096c00000, 0x0000000096c00000, 0x0000000096d00000|  0%| F|  |TAMS 0x0000000096c00000| PB 0x0000000096c00000| Untracked 
| 365|0x0000000096d00000, 0x0000000096d00000, 0x0000000096e00000|  0%| F|  |TAMS 0x0000000096d00000| PB 0x0000000096d00000| Untracked 
| 366|0x0000000096e00000, 0x0000000096e00000, 0x0000000096f00000|  0%| F|  |TAMS 0x0000000096e00000| PB 0x0000000096e00000| Untracked 
| 367|0x0000000096f00000, 0x0000000096f00000, 0x0000000097000000|  0%| F|  |TAMS 0x0000000096f00000| PB 0x0000000096f00000| Untracked 
| 368|0x0000000097000000, 0x0000000097000000, 0x0000000097100000|  0%| F|  |TAMS 0x0000000097000000| PB 0x0000000097000000| Untracked 
| 369|0x0000000097100000, 0x0000000097100000, 0x0000000097200000|  0%| F|  |TAMS 0x0000000097100000| PB 0x0000000097100000| Untracked 
| 370|0x0000000097200000, 0x0000000097200000, 0x0000000097300000|  0%| F|  |TAMS 0x0000000097200000| PB 0x0000000097200000| Untracked 
| 371|0x0000000097300000, 0x0000000097300000, 0x0000000097400000|  0%| F|  |TAMS 0x0000000097300000| PB 0x0000000097300000| Untracked 
| 372|0x0000000097400000, 0x0000000097400000, 0x0000000097500000|  0%| F|  |TAMS 0x0000000097400000| PB 0x0000000097400000| Untracked 
| 373|0x0000000097500000, 0x0000000097500000, 0x0000000097600000|  0%| F|  |TAMS 0x0000000097500000| PB 0x0000000097500000| Untracked 
| 374|0x0000000097600000, 0x0000000097600000, 0x0000000097700000|  0%| F|  |TAMS 0x0000000097600000| PB 0x0000000097600000| Untracked 
| 375|0x0000000097700000, 0x0000000097700000, 0x0000000097800000|  0%| F|  |TAMS 0x0000000097700000| PB 0x0000000097700000| Untracked 
| 376|0x0000000097800000, 0x0000000097800000, 0x0000000097900000|  0%| F|  |TAMS 0x0000000097800000| PB 0x0000000097800000| Untracked 
| 377|0x0000000097900000, 0x0000000097900000, 0x0000000097a00000|  0%| F|  |TAMS 0x0000000097900000| PB 0x0000000097900000| Untracked 
| 378|0x0000000097a00000, 0x0000000097a00000, 0x0000000097b00000|  0%| F|  |TAMS 0x0000000097a00000| PB 0x0000000097a00000| Untracked 
| 379|0x0000000097b00000, 0x0000000097b00000, 0x0000000097c00000|  0%| F|  |TAMS 0x0000000097b00000| PB 0x0000000097b00000| Untracked 
| 380|0x0000000097c00000, 0x0000000097c00000, 0x0000000097d00000|  0%| F|  |TAMS 0x0000000097c00000| PB 0x0000000097c00000| Untracked 
| 381|0x0000000097d00000, 0x0000000097d00000, 0x0000000097e00000|  0%| F|  |TAMS 0x0000000097d00000| PB 0x0000000097d00000| Untracked 
| 382|0x0000000097e00000, 0x0000000097e00000, 0x0000000097f00000|  0%| F|  |TAMS 0x0000000097e00000| PB 0x0000000097e00000| Untracked 
| 383|0x0000000097f00000, 0x0000000097f00000, 0x0000000098000000|  0%| F|  |TAMS 0x0000000097f00000| PB 0x0000000097f00000| Untracked 
| 384|0x0000000098000000, 0x0000000098000000, 0x0000000098100000|  0%| F|  |TAMS 0x0000000098000000| PB 0x0000000098000000| Untracked 
| 385|0x0000000098100000, 0x0000000098100000, 0x0000000098200000|  0%| F|  |TAMS 0x0000000098100000| PB 0x0000000098100000| Untracked 
| 386|0x0000000098200000, 0x0000000098200000, 0x0000000098300000|  0%| F|  |TAMS 0x0000000098200000| PB 0x0000000098200000| Untracked 
| 387|0x0000000098300000, 0x0000000098300000, 0x0000000098400000|  0%| F|  |TAMS 0x0000000098300000| PB 0x0000000098300000| Untracked 
| 388|0x0000000098400000, 0x0000000098400000, 0x0000000098500000|  0%| F|  |TAMS 0x0000000098400000| PB 0x0000000098400000| Untracked 
| 389|0x0000000098500000, 0x0000000098500000, 0x0000000098600000|  0%| F|  |TAMS 0x0000000098500000| PB 0x0000000098500000| Untracked 
| 390|0x0000000098600000, 0x0000000098600000, 0x0000000098700000|  0%| F|  |TAMS 0x0000000098600000| PB 0x0000000098600000| Untracked 
| 391|0x0000000098700000, 0x0000000098700000, 0x0000000098800000|  0%| F|  |TAMS 0x0000000098700000| PB 0x0000000098700000| Untracked 
| 392|0x0000000098800000, 0x0000000098800000, 0x0000000098900000|  0%| F|  |TAMS 0x0000000098800000| PB 0x0000000098800000| Untracked 
| 393|0x0000000098900000, 0x0000000098900000, 0x0000000098a00000|  0%| F|  |TAMS 0x0000000098900000| PB 0x0000000098900000| Untracked 
| 394|0x0000000098a00000, 0x0000000098a00000, 0x0000000098b00000|  0%| F|  |TAMS 0x0000000098a00000| PB 0x0000000098a00000| Untracked 
| 395|0x0000000098b00000, 0x0000000098b00000, 0x0000000098c00000|  0%| F|  |TAMS 0x0000000098b00000| PB 0x0000000098b00000| Untracked 
| 396|0x0000000098c00000, 0x0000000098c00000, 0x0000000098d00000|  0%| F|  |TAMS 0x0000000098c00000| PB 0x0000000098c00000| Untracked 
| 397|0x0000000098d00000, 0x0000000098d00000, 0x0000000098e00000|  0%| F|  |TAMS 0x0000000098d00000| PB 0x0000000098d00000| Untracked 
| 398|0x0000000098e00000, 0x0000000098e00000, 0x0000000098f00000|  0%| F|  |TAMS 0x0000000098e00000| PB 0x0000000098e00000| Untracked 
| 399|0x0000000098f00000, 0x0000000098f00000, 0x0000000099000000|  0%| F|  |TAMS 0x0000000098f00000| PB 0x0000000098f00000| Untracked 
| 400|0x0000000099000000, 0x0000000099000000, 0x0000000099100000|  0%| F|  |TAMS 0x0000000099000000| PB 0x0000000099000000| Untracked 
| 401|0x0000000099100000, 0x0000000099100000, 0x0000000099200000|  0%| F|  |TAMS 0x0000000099100000| PB 0x0000000099100000| Untracked 
| 402|0x0000000099200000, 0x0000000099200000, 0x0000000099300000|  0%| F|  |TAMS 0x0000000099200000| PB 0x0000000099200000| Untracked 
| 403|0x0000000099300000, 0x0000000099300000, 0x0000000099400000|  0%| F|  |TAMS 0x0000000099300000| PB 0x0000000099300000| Untracked 
| 404|0x0000000099400000, 0x0000000099400000, 0x0000000099500000|  0%| F|  |TAMS 0x0000000099400000| PB 0x0000000099400000| Untracked 
| 405|0x0000000099500000, 0x0000000099500000, 0x0000000099600000|  0%| F|  |TAMS 0x0000000099500000| PB 0x0000000099500000| Untracked 
| 406|0x0000000099600000, 0x0000000099600000, 0x0000000099700000|  0%| F|  |TAMS 0x0000000099600000| PB 0x0000000099600000| Untracked 
| 407|0x0000000099700000, 0x0000000099700000, 0x0000000099800000|  0%| F|  |TAMS 0x0000000099700000| PB 0x0000000099700000| Untracked 
| 408|0x0000000099800000, 0x0000000099800000, 0x0000000099900000|  0%| F|  |TAMS 0x0000000099800000| PB 0x0000000099800000| Untracked 
| 409|0x0000000099900000, 0x0000000099900000, 0x0000000099a00000|  0%| F|  |TAMS 0x0000000099900000| PB 0x0000000099900000| Untracked 
| 410|0x0000000099a00000, 0x0000000099a00000, 0x0000000099b00000|  0%| F|  |TAMS 0x0000000099a00000| PB 0x0000000099a00000| Untracked 
| 411|0x0000000099b00000, 0x0000000099b00000, 0x0000000099c00000|  0%| F|  |TAMS 0x0000000099b00000| PB 0x0000000099b00000| Untracked 
| 412|0x0000000099c00000, 0x0000000099c00000, 0x0000000099d00000|  0%| F|  |TAMS 0x0000000099c00000| PB 0x0000000099c00000| Untracked 
| 413|0x0000000099d00000, 0x0000000099d00000, 0x0000000099e00000|  0%| F|  |TAMS 0x0000000099d00000| PB 0x0000000099d00000| Untracked 
| 414|0x0000000099e00000, 0x0000000099e00000, 0x0000000099f00000|  0%| F|  |TAMS 0x0000000099e00000| PB 0x0000000099e00000| Untracked 
| 415|0x0000000099f00000, 0x0000000099f00000, 0x000000009a000000|  0%| F|  |TAMS 0x0000000099f00000| PB 0x0000000099f00000| Untracked 
| 416|0x000000009a000000, 0x000000009a000000, 0x000000009a100000|  0%| F|  |TAMS 0x000000009a000000| PB 0x000000009a000000| Untracked 
| 417|0x000000009a100000, 0x000000009a100000, 0x000000009a200000|  0%| F|  |TAMS 0x000000009a100000| PB 0x000000009a100000| Untracked 
| 418|0x000000009a200000, 0x000000009a200000, 0x000000009a300000|  0%| F|  |TAMS 0x000000009a200000| PB 0x000000009a200000| Untracked 
| 419|0x000000009a300000, 0x000000009a300000, 0x000000009a400000|  0%| F|  |TAMS 0x000000009a300000| PB 0x000000009a300000| Untracked 
| 420|0x000000009a400000, 0x000000009a400000, 0x000000009a500000|  0%| F|  |TAMS 0x000000009a400000| PB 0x000000009a400000| Untracked 
| 421|0x000000009a500000, 0x000000009a500000, 0x000000009a600000|  0%| F|  |TAMS 0x000000009a500000| PB 0x000000009a500000| Untracked 
| 422|0x000000009a600000, 0x000000009a600000, 0x000000009a700000|  0%| F|  |TAMS 0x000000009a600000| PB 0x000000009a600000| Untracked 
| 423|0x000000009a700000, 0x000000009a700000, 0x000000009a800000|  0%| F|  |TAMS 0x000000009a700000| PB 0x000000009a700000| Untracked 
| 424|0x000000009a800000, 0x000000009a800000, 0x000000009a900000|  0%| F|  |TAMS 0x000000009a800000| PB 0x000000009a800000| Untracked 
| 425|0x000000009a900000, 0x000000009a900000, 0x000000009aa00000|  0%| F|  |TAMS 0x000000009a900000| PB 0x000000009a900000| Untracked 
| 426|0x000000009aa00000, 0x000000009aa00000, 0x000000009ab00000|  0%| F|  |TAMS 0x000000009aa00000| PB 0x000000009aa00000| Untracked 
| 427|0x000000009ab00000, 0x000000009ab00000, 0x000000009ac00000|  0%| F|  |TAMS 0x000000009ab00000| PB 0x000000009ab00000| Untracked 
| 428|0x000000009ac00000, 0x000000009ac00000, 0x000000009ad00000|  0%| F|  |TAMS 0x000000009ac00000| PB 0x000000009ac00000| Untracked 
| 429|0x000000009ad00000, 0x000000009ad00000, 0x000000009ae00000|  0%| F|  |TAMS 0x000000009ad00000| PB 0x000000009ad00000| Untracked 
| 430|0x000000009ae00000, 0x000000009ae00000, 0x000000009af00000|  0%| F|  |TAMS 0x000000009ae00000| PB 0x000000009ae00000| Untracked 
| 431|0x000000009af00000, 0x000000009af00000, 0x000000009b000000|  0%| F|  |TAMS 0x000000009af00000| PB 0x000000009af00000| Untracked 
| 432|0x000000009b000000, 0x000000009b000000, 0x000000009b100000|  0%| F|  |TAMS 0x000000009b000000| PB 0x000000009b000000| Untracked 
| 433|0x000000009b100000, 0x000000009b100000, 0x000000009b200000|  0%| F|  |TAMS 0x000000009b100000| PB 0x000000009b100000| Untracked 
| 434|0x000000009b200000, 0x000000009b200000, 0x000000009b300000|  0%| F|  |TAMS 0x000000009b200000| PB 0x000000009b200000| Untracked 
| 435|0x000000009b300000, 0x000000009b300000, 0x000000009b400000|  0%| F|  |TAMS 0x000000009b300000| PB 0x000000009b300000| Untracked 
| 436|0x000000009b400000, 0x000000009b400000, 0x000000009b500000|  0%| F|  |TAMS 0x000000009b400000| PB 0x000000009b400000| Untracked 
| 437|0x000000009b500000, 0x000000009b500000, 0x000000009b600000|  0%| F|  |TAMS 0x000000009b500000| PB 0x000000009b500000| Untracked 
| 438|0x000000009b600000, 0x000000009b600000, 0x000000009b700000|  0%| F|  |TAMS 0x000000009b600000| PB 0x000000009b600000| Untracked 
| 439|0x000000009b700000, 0x000000009b700000, 0x000000009b800000|  0%| F|  |TAMS 0x000000009b700000| PB 0x000000009b700000| Untracked 
| 440|0x000000009b800000, 0x000000009b800000, 0x000000009b900000|  0%| F|  |TAMS 0x000000009b800000| PB 0x000000009b800000| Untracked 
| 441|0x000000009b900000, 0x000000009b900000, 0x000000009ba00000|  0%| F|  |TAMS 0x000000009b900000| PB 0x000000009b900000| Untracked 
| 442|0x000000009ba00000, 0x000000009ba00000, 0x000000009bb00000|  0%| F|  |TAMS 0x000000009ba00000| PB 0x000000009ba00000| Untracked 
| 443|0x000000009bb00000, 0x000000009bb00000, 0x000000009bc00000|  0%| F|  |TAMS 0x000000009bb00000| PB 0x000000009bb00000| Untracked 
| 444|0x000000009bc00000, 0x000000009bc00000, 0x000000009bd00000|  0%| F|  |TAMS 0x000000009bc00000| PB 0x000000009bc00000| Untracked 
| 445|0x000000009bd00000, 0x000000009bd00000, 0x000000009be00000|  0%| F|  |TAMS 0x000000009bd00000| PB 0x000000009bd00000| Untracked 
| 446|0x000000009be00000, 0x000000009be00000, 0x000000009bf00000|  0%| F|  |TAMS 0x000000009be00000| PB 0x000000009be00000| Untracked 
| 447|0x000000009bf00000, 0x000000009bf00000, 0x000000009c000000|  0%| F|  |TAMS 0x000000009bf00000| PB 0x000000009bf00000| Untracked 
| 448|0x000000009c000000, 0x000000009c000000, 0x000000009c100000|  0%| F|  |TAMS 0x000000009c000000| PB 0x000000009c000000| Untracked 
| 449|0x000000009c100000, 0x000000009c100000, 0x000000009c200000|  0%| F|  |TAMS 0x000000009c100000| PB 0x000000009c100000| Untracked 
| 450|0x000000009c200000, 0x000000009c200000, 0x000000009c300000|  0%| F|  |TAMS 0x000000009c200000| PB 0x000000009c200000| Untracked 
| 451|0x000000009c300000, 0x000000009c300000, 0x000000009c400000|  0%| F|  |TAMS 0x000000009c300000| PB 0x000000009c300000| Untracked 
|2019|0x00000000fe300000, 0x00000000fe300000, 0x00000000fe400000|  0%| F|  |TAMS 0x00000000fe300000| PB 0x00000000fe300000| Untracked 
|2020|0x00000000fe400000, 0x00000000fe500000, 0x00000000fe500000|100%| O|  |TAMS 0x00000000fe400000| PB 0x00000000fe400000| Untracked 
|2021|0x00000000fe500000, 0x00000000fe600000, 0x00000000fe600000|100%| O|  |TAMS 0x00000000fe500000| PB 0x00000000fe500000| Untracked 
|2022|0x00000000fe600000, 0x00000000fe700000, 0x00000000fe700000|100%| O|  |TAMS 0x00000000fe600000| PB 0x00000000fe600000| Untracked 
|2023|0x00000000fe700000, 0x00000000fe700000, 0x00000000fe800000|  0%| F|  |TAMS 0x00000000fe700000| PB 0x00000000fe700000| Untracked 
|2024|0x00000000fe800000, 0x00000000fe800000, 0x00000000fe900000|  0%| F|  |TAMS 0x00000000fe800000| PB 0x00000000fe800000| Untracked 
|2025|0x00000000fe900000, 0x00000000fe900000, 0x00000000fea00000|  0%| F|  |TAMS 0x00000000fe900000| PB 0x00000000fe900000| Untracked 
|2026|0x00000000fea00000, 0x00000000feb00000, 0x00000000feb00000|100%| O|  |TAMS 0x00000000fea00000| PB 0x00000000fea00000| Untracked 
|2027|0x00000000feb00000, 0x00000000fec00000, 0x00000000fec00000|100%| O|  |TAMS 0x00000000feb00000| PB 0x00000000feb00000| Untracked 
|2028|0x00000000fec00000, 0x00000000fed00000, 0x00000000fed00000|100%| O|  |TAMS 0x00000000fec00000| PB 0x00000000fec00000| Untracked 
|2029|0x00000000fed00000, 0x00000000fee00000, 0x00000000fee00000|100%| O|  |TAMS 0x00000000fed00000| PB 0x00000000fed00000| Untracked 
|2030|0x00000000fee00000, 0x00000000fef00000, 0x00000000fef00000|100%| O|  |TAMS 0x00000000fee00000| PB 0x00000000fee00000| Untracked 
|2031|0x00000000fef00000, 0x00000000ff000000, 0x00000000ff000000|100%| O|  |TAMS 0x00000000fef00000| PB 0x00000000fef00000| Untracked 
|2032|0x00000000ff000000, 0x00000000ff100000, 0x00000000ff100000|100%| O|  |TAMS 0x00000000ff000000| PB 0x00000000ff000000| Untracked 
|2033|0x00000000ff100000, 0x00000000ff200000, 0x00000000ff200000|100%| O|  |TAMS 0x00000000ff100000| PB 0x00000000ff100000| Untracked 
|2034|0x00000000ff200000, 0x00000000ff300000, 0x00000000ff300000|100%| O|  |TAMS 0x00000000ff200000| PB 0x00000000ff200000| Untracked 
|2035|0x00000000ff300000, 0x00000000ff300000, 0x00000000ff400000|  0%| F|  |TAMS 0x00000000ff300000| PB 0x00000000ff300000| Untracked 
|2036|0x00000000ff400000, 0x00000000ff400000, 0x00000000ff500000|  0%| F|  |TAMS 0x00000000ff400000| PB 0x00000000ff400000| Untracked 
|2037|0x00000000ff500000, 0x00000000ff500000, 0x00000000ff600000|  0%| F|  |TAMS 0x00000000ff500000| PB 0x00000000ff500000| Untracked 
|2038|0x00000000ff600000, 0x00000000ff700000, 0x00000000ff700000|100%| O|  |TAMS 0x00000000ff600000| PB 0x00000000ff600000| Untracked 
|2039|0x00000000ff700000, 0x00000000ff700000, 0x00000000ff800000|  0%| F|  |TAMS 0x00000000ff700000| PB 0x00000000ff700000| Untracked 
|2040|0x00000000ff800000, 0x00000000ff800000, 0x00000000ff900000|  0%| F|  |TAMS 0x00000000ff800000| PB 0x00000000ff800000| Untracked 
|2041|0x00000000ff900000, 0x00000000ff900000, 0x00000000ffa00000|  0%| F|  |TAMS 0x00000000ff900000| PB 0x00000000ff900000| Untracked 
|2042|0x00000000ffa00000, 0x00000000ffb00000, 0x00000000ffb00000|100%| O|  |TAMS 0x00000000ffa00000| PB 0x00000000ffa00000| Untracked 
|2043|0x00000000ffb00000, 0x00000000ffb00000, 0x00000000ffc00000|  0%| F|  |TAMS 0x00000000ffb00000| PB 0x00000000ffb00000| Untracked 
|2044|0x00000000ffc00000, 0x00000000ffc00000, 0x00000000ffd00000|  0%| F|  |TAMS 0x00000000ffc00000| PB 0x00000000ffc00000| Untracked 
|2045|0x00000000ffd00000, 0x00000000ffe00000, 0x00000000ffe00000|100%| O|  |TAMS 0x00000000ffd00000| PB 0x00000000ffd00000| Untracked 
|2046|0x00000000ffe00000, 0x00000000ffe00000, 0x00000000fff00000|  0%| F|  |TAMS 0x00000000ffe00000| PB 0x00000000ffe00000| Untracked 
|2047|0x00000000fff00000, 0x0000000100000000, 0x0000000100000000|100%| O|  |TAMS 0x00000000fff00000| PB 0x00000000fff00000| Untracked 

Card table byte_map: [0x0000026d605f0000,0x0000026d609f0000] _byte_map_base: 0x0000026d601f0000

Marking Bits: (CMBitMap*) 0x0000026d4d8538e0
 Bits: [0x0000026d609f0000, 0x0000026d629f0000)

Polling page: 0x0000026d4b6a0000

Metaspace:

Usage:
  Non-class:    132.21 MB used.
      Class:     21.25 MB used.
       Both:    153.46 MB used.

Virtual space:
  Non-class space:      192.00 MB reserved,     133.31 MB ( 69%) committed,  3 nodes.
      Class space:        1.00 GB reserved,      22.31 MB (  2%) committed,  1 nodes.
             Both:        1.19 GB reserved,     155.62 MB ( 13%) committed. 

Chunk freelists:
   Non-Class:  10.41 MB
       Class:  9.61 MB
        Both:  20.01 MB

MaxMetaspaceSize: unlimited
CompressedClassSpaceSize: 1.00 GB
Initial GC threshold: 21.00 MB
Current GC threshold: 259.19 MB
CDS: off
 - commit_granule_bytes: 65536.
 - commit_granule_words: 8192.
 - virtual_space_node_default_size: 8388608.
 - enlarge_chunks_in_place: 1.
 - use_allocation_guard: 0.


Internal statistics:

num_allocs_failed_limit: 9.
num_arena_births: 4306.
num_arena_deaths: 82.
num_vsnodes_births: 4.
num_vsnodes_deaths: 0.
num_space_committed: 2488.
num_space_uncommitted: 0.
num_chunks_returned_to_freelist: 126.
num_chunks_taken_from_freelist: 10753.
num_chunk_merges: 52.
num_chunk_splits: 7123.
num_chunks_enlarged: 4654.
num_inconsistent_stats: 0.

CodeHeap 'non-profiled nmethods': size=119168Kb used=16010Kb max_used=17494Kb free=103157Kb
 bounds [0x0000026d58500000, 0x0000026d59670000, 0x0000026d5f960000]
CodeHeap 'profiled nmethods': size=119104Kb used=31882Kb max_used=35831Kb free=87221Kb
 bounds [0x0000026d50960000, 0x0000026d52c70000, 0x0000026d57db0000]
CodeHeap 'non-nmethods': size=7488Kb used=4760Kb max_used=4878Kb free=2727Kb
 bounds [0x0000026d57db0000, 0x0000026d58280000, 0x0000026d58500000]
CodeCache: size=245760Kb, used=52652Kb, max_used=58203Kb, free=193105Kb
 total_blobs=16661, nmethods=15584, adapters=975, full_count=0
Compilation: enabled, stopped_count=0, restarted_count=0

Compilation events (20 events):
Event: 65.968 Thread 0x0000026d6c948760 nmethod 29745 0x0000026d58682290 code [0x0000026d58682440, 0x0000026d586825d0]
Event: 65.968 Thread 0x0000026d6c948760 29474 %     4       com.android.tools.r8.ir.regalloc.b::a @ 626 (1521 bytes)
Event: 65.973 Thread 0x0000026d6ed96a40 29750       2       com.android.tools.r8.internal.Co::a (55 bytes)
Event: 65.973 Thread 0x0000026d6ed96a40 nmethod 29750 0x0000026d50d28790 code [0x0000026d50d289a0, 0x0000026d50d28e60]
Event: 65.974 Thread 0x0000026d6ed96a40 29751       2       com.android.tools.r8.internal.eG::<init> (10 bytes)
Event: 65.974 Thread 0x0000026d6ed96a40 nmethod 29751 0x0000026d5288dd90 code [0x0000026d5288df40, 0x0000026d5288e060]
Event: 65.975 Thread 0x0000026d65be1580 29752       3       com.android.tools.r8.internal.h3::<init> (10 bytes)
Event: 65.975 Thread 0x0000026d65be1580 nmethod 29752 0x0000026d528a7f10 code [0x0000026d528a80c0, 0x0000026d528a81f8]
Event: 65.976 Thread 0x0000026d6ed99320 29753       2       com.android.tools.r8.internal.Kl::g (96 bytes)
Event: 65.976 Thread 0x0000026d6ed9b530 29754       1       com.android.tools.r8.internal.UG::C2 (3 bytes)
Event: 65.976 Thread 0x0000026d6ed9b530 nmethod 29754 0x0000026d58e56d10 code [0x0000026d58e56ea0, 0x0000026d58e56f68]
Event: 65.976 Thread 0x0000026d6ed99320 nmethod 29753 0x0000026d51dfbc10 code [0x0000026d51dfbe20, 0x0000026d51dfc170]
Event: 65.978 Thread 0x0000026d65be1580 29756       2       java.util.PriorityQueue::clear (43 bytes)
Event: 65.978 Thread 0x0000026d65be1580 nmethod 29756 0x0000026d51568c90 code [0x0000026d51568e40, 0x0000026d51569010]
Event: 65.992 Thread 0x0000026d65be1580 29760       2       com.google.common.collect.ImmutableMultimap$Builder::put (50 bytes)
Event: 65.992 Thread 0x0000026d65be1580 nmethod 29760 0x0000026d51572310 code [0x0000026d51572500, 0x0000026d51572838]
Event: 65.993 Thread 0x0000026d65be1580 29761       2       com.android.tools.r8.internal.I00$$Lambda/0x000000010155d830::accept (12 bytes)
Event: 65.993 Thread 0x0000026d6ed99320 29762       2       com.android.tools.r8.internal.I00::a (10 bytes)
Event: 65.993 Thread 0x0000026d65be1580 nmethod 29761 0x0000026d51d3d910 code [0x0000026d51d3dae0, 0x0000026d51d3dce0]
Event: 65.993 Thread 0x0000026d6ed99320 nmethod 29762 0x0000026d5162ca10 code [0x0000026d5162cbe0, 0x0000026d5162cda0]

GC Heap History (20 events):
Event: 62.492 GC heap after
{Heap after GC invocations=91 (full 0):
 garbage-first heap   total 461824K, used 156480K [0x0000000080000000, 0x0000000100000000)
  region size 1024K, 16 young (16384K), 16 survivors (16384K)
 Metaspace       used 135336K, committed 137472K, reserved 1179648K
  class space    used 18254K, committed 19328K, reserved 1048576K
}
Event: 63.328 GC heap before
{Heap before GC invocations=91 (full 0):
 garbage-first heap   total 461824K, used 415552K [0x0000000080000000, 0x0000000100000000)
  region size 1024K, 270 young (276480K), 16 survivors (16384K)
 Metaspace       used 146120K, committed 148224K, reserved 1179648K
  class space    used 20065K, committed 21120K, reserved 1048576K
}
Event: 63.355 GC heap after
{Heap after GC invocations=92 (full 0):
 garbage-first heap   total 473088K, used 193286K [0x0000000080000000, 0x0000000100000000)
  region size 1024K, 34 young (34816K), 34 survivors (34816K)
 Metaspace       used 146120K, committed 148224K, reserved 1179648K
  class space    used 20065K, committed 21120K, reserved 1048576K
}
Event: 63.753 GC heap before
{Heap before GC invocations=92 (full 0):
 garbage-first heap   total 473088K, used 423686K [0x0000000080000000, 0x0000000100000000)
  region size 1024K, 260 young (266240K), 34 survivors (34816K)
 Metaspace       used 152920K, committed 155136K, reserved 1245184K
  class space    used 21299K, committed 22400K, reserved 1048576K
}
Event: 63.780 GC heap after
{Heap after GC invocations=93 (full 0):
 garbage-first heap   total 492544K, used 226236K [0x0000000080000000, 0x0000000100000000)
  region size 1024K, 31 young (31744K), 31 survivors (31744K)
 Metaspace       used 152920K, committed 155136K, reserved 1245184K
  class space    used 21299K, committed 22400K, reserved 1048576K
}
Event: 64.222 GC heap before
{Heap before GC invocations=94 (full 0):
 garbage-first heap   total 492544K, used 436156K [0x0000000080000000, 0x0000000100000000)
  region size 1024K, 237 young (242688K), 31 survivors (31744K)
 Metaspace       used 156002K, committed 158208K, reserved 1245184K
  class space    used 21666K, committed 22784K, reserved 1048576K
}
Event: 64.235 GC heap after
{Heap after GC invocations=95 (full 0):
 garbage-first heap   total 492544K, used 230400K [0x0000000080000000, 0x0000000100000000)
  region size 1024K, 5 young (5120K), 5 survivors (5120K)
 Metaspace       used 156002K, committed 158208K, reserved 1245184K
  class space    used 21666K, committed 22784K, reserved 1048576K
}
Event: 64.535 GC heap before
{Heap before GC invocations=95 (full 0):
 garbage-first heap   total 492544K, used 446464K [0x0000000080000000, 0x0000000100000000)
  region size 1024K, 216 young (221184K), 5 survivors (5120K)
 Metaspace       used 156539K, committed 158656K, reserved 1245184K
  class space    used 21714K, committed 22784K, reserved 1048576K
}
Event: 64.540 GC heap after
{Heap after GC invocations=96 (full 0):
 garbage-first heap   total 492544K, used 231993K [0x0000000080000000, 0x0000000100000000)
  region size 1024K, 6 young (6144K), 6 survivors (6144K)
 Metaspace       used 156539K, committed 158656K, reserved 1245184K
  class space    used 21714K, committed 22784K, reserved 1048576K
}
Event: 64.754 GC heap before
{Heap before GC invocations=96 (full 0):
 garbage-first heap   total 492544K, used 451129K [0x0000000080000000, 0x0000000100000000)
  region size 1024K, 221 young (226304K), 6 survivors (6144K)
 Metaspace       used 156757K, committed 158912K, reserved 1245184K
  class space    used 21727K, committed 22784K, reserved 1048576K
}
Event: 64.759 GC heap after
{Heap after GC invocations=97 (full 0):
 garbage-first heap   total 492544K, used 232109K [0x0000000080000000, 0x0000000100000000)
  region size 1024K, 6 young (6144K), 6 survivors (6144K)
 Metaspace       used 156757K, committed 158912K, reserved 1245184K
  class space    used 21727K, committed 22784K, reserved 1048576K
}
Event: 65.147 GC heap before
{Heap before GC invocations=98 (full 0):
 garbage-first heap   total 492544K, used 458413K [0x0000000080000000, 0x0000000100000000)
  region size 1024K, 228 young (233472K), 6 survivors (6144K)
 Metaspace       used 156822K, committed 159040K, reserved 1245184K
  class space    used 21721K, committed 22848K, reserved 1048576K
}
Event: 65.159 GC heap after
{Heap after GC invocations=99 (full 0):
 garbage-first heap   total 492544K, used 241519K [0x0000000080000000, 0x0000000100000000)
  region size 1024K, 15 young (15360K), 15 survivors (15360K)
 Metaspace       used 156822K, committed 159040K, reserved 1245184K
  class space    used 21721K, committed 22848K, reserved 1048576K
}
Event: 65.320 GC heap before
{Heap before GC invocations=99 (full 0):
 garbage-first heap   total 492544K, used 458607K [0x0000000080000000, 0x0000000100000000)
  region size 1024K, 228 young (233472K), 15 survivors (15360K)
 Metaspace       used 156921K, committed 159168K, reserved 1245184K
  class space    used 21726K, committed 22848K, reserved 1048576K
}
Event: 65.329 GC heap after
{Heap after GC invocations=100 (full 0):
 garbage-first heap   total 492544K, used 238585K [0x0000000080000000, 0x0000000100000000)
  region size 1024K, 17 young (17408K), 17 survivors (17408K)
 Metaspace       used 156921K, committed 159168K, reserved 1245184K
  class space    used 21726K, committed 22848K, reserved 1048576K
}
Event: 65.490 GC heap before
{Heap before GC invocations=100 (full 0):
 garbage-first heap   total 492544K, used 462841K [0x0000000080000000, 0x0000000100000000)
  region size 1024K, 237 young (242688K), 17 survivors (17408K)
 Metaspace       used 157023K, committed 159232K, reserved 1245184K
  class space    used 21744K, committed 22848K, reserved 1048576K
}
Event: 65.498 GC heap after
{Heap after GC invocations=101 (full 0):
 garbage-first heap   total 492544K, used 238454K [0x0000000080000000, 0x0000000100000000)
  region size 1024K, 16 young (16384K), 16 survivors (16384K)
 Metaspace       used 157023K, committed 159232K, reserved 1245184K
  class space    used 21744K, committed 22848K, reserved 1048576K
}
Event: 65.773 GC heap before
{Heap before GC invocations=102 (full 0):
 garbage-first heap   total 492544K, used 464758K [0x0000000080000000, 0x0000000100000000)
  region size 1024K, 238 young (243712K), 16 survivors (16384K)
 Metaspace       used 157062K, committed 159296K, reserved 1245184K
  class space    used 21747K, committed 22848K, reserved 1048576K
}
Event: 65.781 GC heap after
{Heap after GC invocations=103 (full 0):
 garbage-first heap   total 492544K, used 237848K [0x0000000080000000, 0x0000000100000000)
  region size 1024K, 15 young (15360K), 15 survivors (15360K)
 Metaspace       used 157062K, committed 159296K, reserved 1245184K
  class space    used 21747K, committed 22848K, reserved 1048576K
}
Event: 65.997 GC heap before
{Heap before GC invocations=103 (full 0):
 garbage-first heap   total 492544K, used 465176K [0x0000000080000000, 0x0000000100000000)
  region size 1024K, 238 young (243712K), 15 survivors (15360K)
 Metaspace       used 157146K, committed 159360K, reserved 1245184K
  class space    used 21759K, committed 22848K, reserved 1048576K
}

Dll operation events (3 events):
Event: 0.006 Loaded shared library C:\Program Files\Android\Android Studio\jbr\bin\java.dll
Event: 0.010 Loaded shared library C:\Program Files\Android\Android Studio\jbr\bin\zip.dll
Event: 0.329 Loaded shared library C:\Program Files\Android\Android Studio\jbr\bin\verify.dll

Deoptimization events (20 events):
Event: 65.908 Thread 0x0000026d6f552010 DEOPT PACKING pc=0x0000026d529cdd8d sp=0x0000009d216f9420
Event: 65.908 Thread 0x0000026d6f552010 DEOPT UNPACKING pc=0x0000026d57e085e2 sp=0x0000009d216f8b50 mode 0
Event: 65.928 Thread 0x0000026d6f552010 DEOPT PACKING pc=0x0000026d52a932f8 sp=0x0000009d216f9310
Event: 65.928 Thread 0x0000026d6f552010 DEOPT UNPACKING pc=0x0000026d57e085e2 sp=0x0000009d216f8b70 mode 0
Event: 65.931 Thread 0x0000026d723fffb0 DEOPT PACKING pc=0x0000026d523c275c sp=0x0000009d20bfdbb0
Event: 65.931 Thread 0x0000026d723fffb0 DEOPT UNPACKING pc=0x0000026d57e085e2 sp=0x0000009d20bfd1b0 mode 0
Event: 65.931 Thread 0x0000026d6f552010 DEOPT PACKING pc=0x0000026d52a5cf12 sp=0x0000009d216f9e50
Event: 65.931 Thread 0x0000026d6f552010 DEOPT UNPACKING pc=0x0000026d57e085e2 sp=0x0000009d216f96d0 mode 0
Event: 65.943 Thread 0x0000026d72403ac0 DEOPT PACKING pc=0x0000026d52724519 sp=0x0000009d20dfa2a0
Event: 65.943 Thread 0x0000026d72403ac0 DEOPT UNPACKING pc=0x0000026d57e085e2 sp=0x0000009d20df9970 mode 0
Event: 65.943 Thread 0x0000026d6f550c60 DEOPT PACKING pc=0x0000026d529cdd8d sp=0x0000009d214f93a0
Event: 65.943 Thread 0x0000026d6a469c10 DEOPT PACKING pc=0x0000026d529cdd8d sp=0x0000009d21ff94c0
Event: 65.943 Thread 0x0000026d6f550c60 DEOPT UNPACKING pc=0x0000026d57e085e2 sp=0x0000009d214f8ad0 mode 0
Event: 65.943 Thread 0x0000026d6a469c10 DEOPT UNPACKING pc=0x0000026d57e085e2 sp=0x0000009d21ff8bf0 mode 0
Event: 65.972 Thread 0x0000026d6f552010 DEOPT PACKING pc=0x0000026d529cdd8d sp=0x0000009d216f9420
Event: 65.972 Thread 0x0000026d6f552010 DEOPT UNPACKING pc=0x0000026d57e085e2 sp=0x0000009d216f8b50 mode 0
Event: 65.984 Thread 0x0000026d6f552010 DEOPT PACKING pc=0x0000026d529cdd8d sp=0x0000009d216f9420
Event: 65.984 Thread 0x0000026d6f552010 DEOPT UNPACKING pc=0x0000026d57e085e2 sp=0x0000009d216f8b50 mode 0
Event: 65.995 Thread 0x0000026d6f551980 DEOPT PACKING pc=0x0000026d51a62f37 sp=0x0000009d21af9e60
Event: 65.995 Thread 0x0000026d6f551980 DEOPT UNPACKING pc=0x0000026d57e085e2 sp=0x0000009d21af9598 mode 0

Classes loaded (20 events):
Event: 63.651 Loading class java/util/stream/SliceOps$1$1
Event: 63.651 Loading class java/util/stream/SliceOps$1$1 done
Event: 63.651 Loading class java/util/PriorityQueue
Event: 63.652 Loading class java/util/PriorityQueue done
Event: 63.660 Loading class java/util/IdentityHashMap$ValueIterator
Event: 63.660 Loading class java/util/IdentityHashMap$ValueIterator done
Event: 63.715 Loading class java/util/AbstractList$SubList
Event: 63.715 Loading class java/util/AbstractList$SubList done
Event: 63.715 Loading class java/util/AbstractList$SubList$1
Event: 63.715 Loading class java/util/AbstractList$SubList$1 done
Event: 64.110 Loading class java/nio/ShortBuffer
Event: 64.111 Loading class java/nio/ShortBuffer done
Event: 64.151 Loading class java/nio/ByteBufferAsShortBufferL
Event: 64.151 Loading class java/nio/ByteBufferAsShortBufferL done
Event: 64.154 Loading class java/util/IdentityHashMap$EntrySet
Event: 64.154 Loading class java/util/IdentityHashMap$EntrySet done
Event: 64.164 Loading class java/util/zip/Adler32
Event: 64.164 Loading class java/util/zip/Adler32 done
Event: 64.216 Loading class java/nio/file/Files$2
Event: 64.216 Loading class java/nio/file/Files$2 done

Classes unloaded (20 events):
Event: 64.958 Thread 0x0000026d65a8eb40 Unloading class 0x0000000101540800 'java/lang/invoke/LambdaForm$DMH+0x0000000101540800'
Event: 64.958 Thread 0x0000026d65a8eb40 Unloading class 0x0000000101540400 'java/lang/invoke/LambdaForm$DMH+0x0000000101540400'
Event: 64.958 Thread 0x0000026d65a8eb40 Unloading class 0x0000000101540000 'java/lang/invoke/LambdaForm$DMH+0x0000000101540000'
Event: 64.958 Thread 0x0000026d65a8eb40 Unloading class 0x0000000101541000 'java/lang/invoke/LambdaForm$DMH+0x0000000101541000'
Event: 64.958 Thread 0x0000026d65a8eb40 Unloading class 0x0000000101540c00 'java/lang/invoke/LambdaForm$DMH+0x0000000101540c00'
Event: 64.958 Thread 0x0000026d65a8eb40 Unloading class 0x000000010148c000 'java/lang/invoke/LambdaForm$DMH+0x000000010148c000'
Event: 64.958 Thread 0x0000026d65a8eb40 Unloading class 0x000000010147e000 'java/lang/invoke/LambdaForm$DMH+0x000000010147e000'
Event: 64.958 Thread 0x0000026d65a8eb40 Unloading class 0x000000010147dc00 'java/lang/invoke/LambdaForm$DMH+0x000000010147dc00'
Event: 64.958 Thread 0x0000026d65a8eb40 Unloading class 0x000000010147d800 'java/lang/invoke/LambdaForm$DMH+0x000000010147d800'
Event: 64.958 Thread 0x0000026d65a8eb40 Unloading class 0x000000010147d400 'java/lang/invoke/LambdaForm$DMH+0x000000010147d400'
Event: 64.958 Thread 0x0000026d65a8eb40 Unloading class 0x000000010147d000 'java/lang/invoke/LambdaForm$DMH+0x000000010147d000'
Event: 64.958 Thread 0x0000026d65a8eb40 Unloading class 0x000000010147cc00 'java/lang/invoke/LambdaForm$DMH+0x000000010147cc00'
Event: 64.958 Thread 0x0000026d65a8eb40 Unloading class 0x000000010147c800 'java/lang/invoke/LambdaForm$DMH+0x000000010147c800'
Event: 64.958 Thread 0x0000026d65a8eb40 Unloading class 0x000000010147c000 'java/lang/invoke/LambdaForm$DMH+0x000000010147c000'
Event: 64.958 Thread 0x0000026d65a8eb40 Unloading class 0x0000000101475400 'java/lang/invoke/LambdaForm$DMH+0x0000000101475400'
Event: 64.958 Thread 0x0000026d65a8eb40 Unloading class 0x0000000101475000 'java/lang/invoke/LambdaForm$DMH+0x0000000101475000'
Event: 64.958 Thread 0x0000026d65a8eb40 Unloading class 0x0000000101474800 'java/lang/invoke/LambdaForm$DMH+0x0000000101474800'
Event: 64.958 Thread 0x0000026d65a8eb40 Unloading class 0x0000000101474c00 'java/lang/invoke/LambdaForm$DMH+0x0000000101474c00'
Event: 64.958 Thread 0x0000026d65a8eb40 Unloading class 0x0000000101474400 'java/lang/invoke/LambdaForm$DMH+0x0000000101474400'
Event: 64.958 Thread 0x0000026d65a8eb40 Unloading class 0x00000001013bc400 'java/lang/invoke/LambdaForm$DMH+0x00000001013bc400'

Classes redefined (0 events):
No events

Internal exceptions (20 events):
Event: 65.895 Thread 0x0000026d6f551980 Exception <a 'sun/nio/fs/WindowsException'{0x0000000099325250}> (0x0000000099325250) 
thrown [s\src\hotspot\share\prims\jni.cpp, line 537]
Event: 65.897 Thread 0x0000026d6f551980 Exception <a 'sun/nio/fs/WindowsException'{0x0000000099326400}> (0x0000000099326400) 
thrown [s\src\hotspot\share\prims\jni.cpp, line 537]
Event: 65.899 Thread 0x0000026d72404150 Exception <a 'sun/nio/fs/WindowsException'{0x0000000098f8b6c0}> (0x0000000098f8b6c0) 
thrown [s\src\hotspot\share\prims\jni.cpp, line 537]
Event: 65.908 Thread 0x0000026d72400640 Exception <a 'sun/nio/fs/WindowsException'{0x000000009533e7d0}> (0x000000009533e7d0) 
thrown [s\src\hotspot\share\prims\jni.cpp, line 537]
Event: 65.921 Thread 0x0000026d6f551980 Exception <a 'sun/nio/fs/WindowsException'{0x0000000093e02df0}> (0x0000000093e02df0) 
thrown [s\src\hotspot\share\prims\jni.cpp, line 537]
Event: 65.922 Thread 0x0000026d6f551980 Exception <a 'sun/nio/fs/WindowsException'{0x0000000093e03f78}> (0x0000000093e03f78) 
thrown [s\src\hotspot\share\prims\jni.cpp, line 537]
Event: 65.922 Thread 0x0000026d723fffb0 Exception <a 'sun/nio/fs/WindowsException'{0x0000000095e39b30}> (0x0000000095e39b30) 
thrown [s\src\hotspot\share\prims\jni.cpp, line 537]
Event: 65.924 Thread 0x0000026d72400640 Exception <a 'sun/nio/fs/WindowsException'{0x000000009535a690}> (0x000000009535a690) 
thrown [s\src\hotspot\share\prims\jni.cpp, line 537]
Event: 65.931 Thread 0x0000026d723fffb0 Exception <a 'sun/nio/fs/WindowsException'{0x0000000095e55cd8}> (0x0000000095e55cd8) 
thrown [s\src\hotspot\share\prims\jni.cpp, line 537]
Event: 65.961 Thread 0x0000026d72404150 Exception <a 'sun/nio/fs/WindowsException'{0x0000000095530e30}> (0x0000000095530e30) 
thrown [s\src\hotspot\share\prims\jni.cpp, line 537]
Event: 65.973 Thread 0x0000026d72404150 Exception <a 'sun/nio/fs/WindowsException'{0x0000000095531ca0}> (0x0000000095531ca0) 
thrown [s\src\hotspot\share\prims\jni.cpp, line 537]
Event: 65.973 Thread 0x0000026d72400640 Exception <a 'sun/nio/fs/WindowsException'{0x000000009538e810}> (0x000000009538e810) 
thrown [s\src\hotspot\share\prims\jni.cpp, line 537]
Event: 65.979 Thread 0x0000026d72404150 Exception <a 'sun/nio/fs/WindowsException'{0x0000000095532d28}> (0x0000000095532d28) 
thrown [s\src\hotspot\share\prims\jni.cpp, line 537]
Event: 65.979 Thread 0x0000026d72404150 Exception <a 'sun/nio/fs/WindowsException'{0x0000000095533ed8}> (0x0000000095533ed8) 
thrown [s\src\hotspot\share\prims\jni.cpp, line 537]
Event: 65.981 Thread 0x0000026d72404150 Exception <a 'sun/nio/fs/WindowsException'{0x000000009553ad08}> (0x000000009553ad08) 
thrown [s\src\hotspot\share\prims\jni.cpp, line 537]
Event: 65.981 Thread 0x0000026d72404150 Exception <a 'sun/nio/fs/WindowsException'{0x000000009553bed0}> (0x000000009553bed0) 
thrown [s\src\hotspot\share\prims\jni.cpp, line 537]
Event: 65.985 Thread 0x0000026d72400640 Exception <a 'sun/nio/fs/WindowsException'{0x000000009538f680}> (0x000000009538f680) 
thrown [s\src\hotspot\share\prims\jni.cpp, line 537]
Event: 65.985 Thread 0x0000026d72400640 Exception <a 'sun/nio/fs/WindowsException'{0x0000000095390708}> (0x0000000095390708) 
thrown [s\src\hotspot\share\prims\jni.cpp, line 537]
Event: 65.986 Thread 0x0000026d72400640 Exception <a 'sun/nio/fs/WindowsException'{0x00000000953918b8}> (0x00000000953918b8) 
thrown [s\src\hotspot\share\prims\jni.cpp, line 537]
Event: 65.992 Thread 0x0000026d72400640 Exception <a 'sun/nio/fs/WindowsException'{0x00000000953af408}> (0x00000000953af408) 
thrown [s\src\hotspot\share\prims\jni.cpp, line 537]

ZGC Phase Switch (0 events):
No events

VM Operations (20 events):
Event: 65.318 Executing VM operation: ICBufferFull done
Event: 65.320 Executing VM operation: G1CollectForAllocation (G1 Evacuation Pause)
Event: 65.329 Executing VM operation: G1CollectForAllocation (G1 Evacuation Pause) done
Event: 65.473 Executing VM operation: ICBufferFull
Event: 65.473 Executing VM operation: ICBufferFull done
Event: 65.479 Executing VM operation: ICBufferFull
Event: 65.479 Executing VM operation: ICBufferFull done
Event: 65.490 Executing VM operation: G1CollectForAllocation (G1 Evacuation Pause)
Event: 65.498 Executing VM operation: G1CollectForAllocation (G1 Evacuation Pause) done
Event: 65.576 Executing VM operation: HandshakeAllThreads (Deoptimize)
Event: 65.670 Executing VM operation: HandshakeAllThreads (Deoptimize) done
Event: 65.670 Executing VM operation: G1PauseRemark
Event: 65.677 Executing VM operation: G1PauseRemark done
Event: 65.769 Executing VM operation: G1PauseCleanup
Event: 65.770 Executing VM operation: G1PauseCleanup done
Event: 65.772 Executing VM operation: G1CollectForAllocation (G1 Evacuation Pause)
Event: 65.781 Executing VM operation: G1CollectForAllocation (G1 Evacuation Pause) done
Event: 65.932 Executing VM operation: ICBufferFull
Event: 65.932 Executing VM operation: ICBufferFull done
Event: 65.997 Executing VM operation: G1CollectForAllocation (G1 Evacuation Pause)

Memory protections (0 events):
No events

Nmethod flushes (20 events):
Event: 65.676 Thread 0x0000026d65a8eb40 flushing  nmethod 0x0000026d5223e810
Event: 65.676 Thread 0x0000026d65a8eb40 flushing  nmethod 0x0000026d522b6a10
Event: 65.676 Thread 0x0000026d65a8eb40 flushing  nmethod 0x0000026d52455090
Event: 65.676 Thread 0x0000026d65a8eb40 flushing  nmethod 0x0000026d526f9210
Event: 65.676 Thread 0x0000026d65a8eb40 flushing  nmethod 0x0000026d526f9710
Event: 65.676 Thread 0x0000026d65a8eb40 flushing  nmethod 0x0000026d5278cc10
Event: 65.676 Thread 0x0000026d65a8eb40 flushing  nmethod 0x0000026d5284f290
Event: 65.676 Thread 0x0000026d65a8eb40 flushing  nmethod 0x0000026d52851190
Event: 65.676 Thread 0x0000026d65a8eb40 flushing  nmethod 0x0000026d52851e90
Event: 65.676 Thread 0x0000026d65a8eb40 flushing  nmethod 0x0000026d52852590
Event: 65.676 Thread 0x0000026d65a8eb40 flushing  nmethod 0x0000026d52852e10
Event: 65.676 Thread 0x0000026d65a8eb40 flushing  nmethod 0x0000026d52853790
Event: 65.676 Thread 0x0000026d65a8eb40 flushing  nmethod 0x0000026d52855790
Event: 65.676 Thread 0x0000026d65a8eb40 flushing  nmethod 0x0000026d52855b10
Event: 65.676 Thread 0x0000026d65a8eb40 flushing  nmethod 0x0000026d528ae910
Event: 65.676 Thread 0x0000026d65a8eb40 flushing  nmethod 0x0000026d528aec90
Event: 65.676 Thread 0x0000026d65a8eb40 flushing  nmethod 0x0000026d528b3d10
Event: 65.676 Thread 0x0000026d65a8eb40 flushing  nmethod 0x0000026d52970610
Event: 65.676 Thread 0x0000026d65a8eb40 flushing  nmethod 0x0000026d52970990
Event: 65.676 Thread 0x0000026d65a8eb40 flushing  nmethod 0x0000026d52974e10

Events (20 events):
Event: 61.069 Thread 0x0000026d65be1580 Thread added: 0x0000026d6ed99320
Event: 61.069 Thread 0x0000026d65be1580 Thread added: 0x0000026d6ed96a40
Event: 61.069 Thread 0x0000026d65be1580 Thread added: 0x0000026d6ed9b530
Event: 61.400 Thread 0x0000026d6ed96a40 Thread added: 0x0000026d6ed98580
Event: 61.400 Thread 0x0000026d6ed96a40 Thread added: 0x0000026d6ed9c9a0
Event: 61.400 Thread 0x0000026d6ed99320 Thread added: 0x0000026d74a5e480
Event: 61.401 Thread 0x0000026d6ed99320 Thread added: 0x0000026d74a5d010
Event: 61.401 Thread 0x0000026d6ed96a40 Thread added: 0x0000026d74a5eb50
Event: 61.409 Thread 0x0000026d6d03eb30 Thread exited: 0x0000026d6d03eb30
Event: 61.593 Thread 0x0000026d6f5561b0 Thread added: 0x0000026d7350da20
Event: 61.729 Loaded shared library C:\Users\sabda\AppData\Local\Temp\native-platform150039879999559868dir\native-platform.dll
Event: 61.749 Thread 0x0000026d7350da20 Thread added: 0x0000026d7350f460
Event: 62.642 Thread 0x0000026d7350f460 Thread exited: 0x0000026d7350f460
Event: 62.698 Thread 0x0000026d7350da20 Thread added: 0x0000026d71e24f00
Event: 62.702 Thread 0x0000026d7350da20 Thread added: 0x0000026d71e262b0
Event: 62.703 Loaded shared library C:\Program Files\Android\Android Studio\jbr\bin\rmi.dll
Event: 62.703 Thread 0x0000026d7350da20 Thread added: 0x0000026d71e234c0
Event: 62.751 Thread 0x0000026d7350da20 Thread added: 0x0000026d71e25590
Event: 62.751 Thread 0x0000026d7350da20 Thread added: 0x0000026d71e25c20
Event: 62.802 Thread 0x0000026d71e25590 Thread added: 0x0000026d71e22e30


Dynamic libraries:
0x00007ff72bef0000 - 0x00007ff72befa000 	C:\Program Files\Android\Android Studio\jbr\bin\java.exe
0x00007ffa0d240000 - 0x00007ffa0d4a7000 	C:\WINDOWS\SYSTEM32\ntdll.dll
0x00007ffa0bc80000 - 0x00007ffa0bd49000 	C:\WINDOWS\System32\KERNEL32.DLL
0x00007ffa0a8f0000 - 0x00007ffa0ace1000 	C:\WINDOWS\System32\KERNELBASE.dll
0x00007ffa0acf0000 - 0x00007ffa0ae3b000 	C:\WINDOWS\System32\ucrtbase.dll
0x00007ff9e8a20000 - 0x00007ff9e8a38000 	C:\Program Files\Android\Android Studio\jbr\bin\jli.dll
0x00007ffa06e20000 - 0x00007ffa06e3b000 	C:\Program Files\Android\Android Studio\jbr\bin\VCRUNTIME140.dll
0x00007ffa0ca50000 - 0x00007ffa0cc15000 	C:\WINDOWS\System32\USER32.dll
0x00007ffa0aef0000 - 0x00007ffa0af17000 	C:\WINDOWS\System32\win32u.dll
0x00007ff9f0810000 - 0x00007ff9f0aa3000 	C:\WINDOWS\WinSxS\amd64_microsoft.windows.common-controls_6595b64144ccf1df_6.0.26100.8037_none_3e092faae333b53b\COMCTL32.dll
0x00007ffa0b4c0000 - 0x00007ffa0b4eb000 	C:\WINDOWS\System32\GDI32.dll
0x00007ffa0c220000 - 0x00007ffa0c2c9000 	C:\WINDOWS\System32\msvcrt.dll
0x00007ffa09f50000 - 0x00007ffa0a07b000 	C:\WINDOWS\System32\gdi32full.dll
0x00007ffa0ae40000 - 0x00007ffa0aee3000 	C:\WINDOWS\System32\msvcp_win.dll
0x00007ffa0bd50000 - 0x00007ffa0bd81000 	C:\WINDOWS\System32\IMM32.DLL
0x00007ffa06e10000 - 0x00007ffa06e1c000 	C:\Program Files\Android\Android Studio\jbr\bin\vcruntime140_1.dll
0x00007ff96c190000 - 0x00007ff96c21d000 	C:\Program Files\Android\Android Studio\jbr\bin\msvcp140.dll
0x00007ff95ac20000 - 0x00007ff95b8b6000 	C:\Program Files\Android\Android Studio\jbr\bin\server\jvm.dll
0x00007ffa0afe0000 - 0x00007ffa0b09b000 	C:\WINDOWS\System32\ADVAPI32.dll
0x00007ffa0cc20000 - 0x00007ffa0ccc7000 	C:\WINDOWS\System32\sechost.dll
0x00007ffa0b300000 - 0x00007ffa0b418000 	C:\WINDOWS\System32\RPCRT4.dll
0x00007ffa0cd50000 - 0x00007ffa0cdc4000 	C:\WINDOWS\System32\WS2_32.dll
0x00007ffa09410000 - 0x00007ffa0946e000 	C:\WINDOWS\SYSTEM32\POWRPROF.dll
0x00007ff9fd010000 - 0x00007ff9fd045000 	C:\WINDOWS\SYSTEM32\WINMM.dll
0x00007ffa00320000 - 0x00007ffa0032b000 	C:\WINDOWS\SYSTEM32\VERSION.dll
0x00007ffa093f0000 - 0x00007ffa09404000 	C:\WINDOWS\SYSTEM32\UMPDC.dll
0x00007ffa08870000 - 0x00007ffa0888b000 	C:\WINDOWS\SYSTEM32\kernel.appcore.dll
0x00007ffa03d60000 - 0x00007ffa03d6a000 	C:\Program Files\Android\Android Studio\jbr\bin\jimage.dll
0x00007ffa07940000 - 0x00007ffa07b82000 	C:\WINDOWS\SYSTEM32\DBGHELP.DLL
0x00007ffa0b570000 - 0x00007ffa0b8f2000 	C:\WINDOWS\System32\combase.dll
0x00007ffa0b910000 - 0x00007ffa0b9e7000 	C:\WINDOWS\System32\OLEAUT32.dll
0x00007ff9fbd20000 - 0x00007ff9fbd5b000 	C:\WINDOWS\SYSTEM32\dbgcore.DLL
0x00007ffa09e10000 - 0x00007ffa09eb5000 	C:\WINDOWS\System32\bcryptPrimitives.dll
0x00007ff9e9010000 - 0x00007ff9e901e000 	C:\Program Files\Android\Android Studio\jbr\bin\instrument.dll
0x00007ff9fa2b0000 - 0x00007ff9fa2d0000 	C:\Program Files\Android\Android Studio\jbr\bin\java.dll
0x00007ff9fa290000 - 0x00007ff9fa2a8000 	C:\Program Files\Android\Android Studio\jbr\bin\zip.dll
0x00007ffa0c2e0000 - 0x00007ffa0ca3f000 	C:\WINDOWS\System32\SHELL32.dll
0x00007ffa09b20000 - 0x00007ffa09c8a000 	C:\WINDOWS\System32\wintypes.dll
0x00007ffa0a080000 - 0x00007ffa0a8e4000 	C:\WINDOWS\System32\windows.storage.dll
0x00007ffa0ba80000 - 0x00007ffa0bb77000 	C:\WINDOWS\System32\SHCORE.dll
0x00007ffa0b4f0000 - 0x00007ffa0b557000 	C:\WINDOWS\System32\shlwapi.dll
0x00007ffa09a40000 - 0x00007ffa09a69000 	C:\WINDOWS\SYSTEM32\profapi.dll
0x00007ffa021e0000 - 0x00007ffa021f0000 	C:\Program Files\Android\Android Studio\jbr\bin\net.dll
0x00007ffa03270000 - 0x00007ffa03397000 	C:\WINDOWS\SYSTEM32\WINHTTP.dll
0x00007ffa08dc0000 - 0x00007ffa08e2b000 	C:\WINDOWS\system32\mswsock.dll
0x00007ff9fa1b0000 - 0x00007ff9fa1c6000 	C:\Program Files\Android\Android Studio\jbr\bin\nio.dll
0x00007ffa02110000 - 0x00007ffa02120000 	C:\Program Files\Android\Android Studio\jbr\bin\verify.dll
0x00007ff9ec0e0000 - 0x00007ff9ec107000 	C:\Users\sabda\.gradle\native\c067742578af261105cb4f569cf0c3c89f3d7b1fecec35dd04571415982c5e48\windows-amd64\native-platform.dll
0x00007ff958120000 - 0x00007ff958264000 	C:\Users\sabda\.gradle\native\38dada09dfb8b06ba9b0570ebf7e218e3eb74d4ef43ca46872605cf95ebc2f47\windows-amd64\native-platform-file-events.dll
0x00007ff9f9fc0000 - 0x00007ff9f9fc9000 	C:\Program Files\Android\Android Studio\jbr\bin\management.dll
0x00007ff9f9fb0000 - 0x00007ff9f9fbb000 	C:\Program Files\Android\Android Studio\jbr\bin\management_ext.dll
0x00007ffa0b420000 - 0x00007ffa0b428000 	C:\WINDOWS\System32\PSAPI.DLL
0x00007ffa091c0000 - 0x00007ffa091db000 	C:\WINDOWS\SYSTEM32\CRYPTSP.dll
0x00007ffa087d0000 - 0x00007ffa08809000 	C:\WINDOWS\system32\rsaenh.dll
0x00007ffa08e70000 - 0x00007ffa08ea2000 	C:\WINDOWS\SYSTEM32\USERENV.dll
0x00007ffa09a10000 - 0x00007ffa09a3a000 	C:\WINDOWS\SYSTEM32\bcrypt.dll
0x00007ffa09020000 - 0x00007ffa0902c000 	C:\WINDOWS\SYSTEM32\CRYPTBASE.dll
0x00007ffa08260000 - 0x00007ffa08293000 	C:\WINDOWS\SYSTEM32\IPHLPAPI.DLL
0x00007ffa0b900000 - 0x00007ffa0b90a000 	C:\WINDOWS\System32\NSI.dll
0x00007ff9fa1a0000 - 0x00007ff9fa1a9000 	C:\Program Files\Android\Android Studio\jbr\bin\extnet.dll
0x00007ff9d3c40000 - 0x00007ff9d3c48000 	C:\WINDOWS\system32\wshunix.dll
0x00007ffa082a0000 - 0x00007ffa083ca000 	C:\WINDOWS\SYSTEM32\DNSAPI.dll
0x00007ffa00790000 - 0x00007ffa0079b000 	C:\Windows\System32\rasadhlp.dll
0x00007ffa01c00000 - 0x00007ffa01c86000 	C:\WINDOWS\System32\fwpuclnt.dll
0x00007ff9c7230000 - 0x00007ff9c7248000 	C:\WINDOWS\system32\napinsp.dll
0x00007ff9c4370000 - 0x00007ff9c4382000 	C:\WINDOWS\System32\winrnr.dll
0x00007ff9c4340000 - 0x00007ff9c4362000 	C:\WINDOWS\system32\nlansp_c.dll
0x00007ff9d6de0000 - 0x00007ff9d6df6000 	C:\WINDOWS\system32\wshbth.dll
0x00007ffa07010000 - 0x00007ffa070af000 	C:\WINDOWS\system32\apphelp.dll
0x00007ffa08990000 - 0x00007ffa089c6000 	C:\WINDOWS\SYSTEM32\ntmarta.dll
0x00007ffa04d10000 - 0x00007ffa04d2e000 	C:\Users\sabda\AppData\Local\Temp\native-platform150039879999559868dir\native-platform.dll
0x00007ffa04c40000 - 0x00007ffa04c47000 	C:\Program Files\Android\Android Studio\jbr\bin\rmi.dll

JVMTI agents:
C:\Users\sabda\.gradle\wrapper\dists\gradle-8.7-bin\bhs2wmbdwecv87pi65oeuq5iu\gradle-8.7\lib\agents\gradle-instrumentation-agent-8.7.jar path:C:\Program Files\Android\Android Studio\jbr\bin\instrument.dll, loaded, initialized, instrumentlib options:none

dbghelp: loaded successfully - version: 4.0.5 - missing functions: none
symbol engine: initialized successfully - sym options: 0x614 - pdb path: .;C:\Program Files\Android\Android Studio\jbr\bin;C:\WINDOWS\SYSTEM32;C:\WINDOWS\WinSxS\amd64_microsoft.windows.common-controls_6595b64144ccf1df_6.0.26100.8037_none_3e092faae333b53b;C:\Program Files\Android\Android Studio\jbr\bin\server;C:\Users\sabda\.gradle\native\c067742578af261105cb4f569cf0c3c89f3d7b1fecec35dd04571415982c5e48\windows-amd64;C:\Users\sabda\.gradle\native\38dada09dfb8b06ba9b0570ebf7e218e3eb74d4ef43ca46872605cf95ebc2f47\windows-amd64;C:\Users\sabda\AppData\Local\Temp\native-platform150039879999559868dir

VM Arguments:
jvm_args: --add-opens=java.base/java.util=ALL-UNNAMED --add-opens=java.base/java.lang=ALL-UNNAMED --add-opens=java.base/java.lang.invoke=ALL-UNNAMED --add-opens=java.prefs/java.util.prefs=ALL-UNNAMED --add-opens=java.base/java.nio.charset=ALL-UNNAMED --add-opens=java.base/java.net=ALL-UNNAMED --add-opens=java.base/java.util.concurrent.atomic=ALL-UNNAMED -Xmx2048m -Dfile.encoding=UTF-8 -Duser.country=US -Duser.language=en -Duser.variant -javaagent:C:\Users\sabda\.gradle\wrapper\dists\gradle-8.7-bin\bhs2wmbdwecv87pi65oeuq5iu\gradle-8.7\lib\agents\gradle-instrumentation-agent-8.7.jar 
java_command: org.gradle.launcher.daemon.bootstrap.GradleDaemon 8.7
java_class_path (initial): C:\Users\sabda\.gradle\wrapper\dists\gradle-8.7-bin\bhs2wmbdwecv87pi65oeuq5iu\gradle-8.7\lib\gradle-launcher-8.7.jar
Launcher Type: SUN_STANDARD

[Global flags]
     intx CICompilerCount                          = 12                                        {product} {ergonomic}
     uint ConcGCThreads                            = 3                                         {product} {ergonomic}
     uint G1ConcRefinementThreads                  = 13                                        {product} {ergonomic}
   size_t G1HeapRegionSize                         = 1048576                                   {product} {ergonomic}
    uintx GCDrainStackTargetSize                   = 64                                        {product} {ergonomic}
   size_t InitialHeapSize                          = 266338304                                 {product} {ergonomic}
   size_t MarkStackSize                            = 4194304                                   {product} {ergonomic}
   size_t MaxHeapSize                              = 2147483648                                {product} {command line}
   size_t MaxNewSize                               = 1287651328                                {product} {ergonomic}
   size_t MinHeapDeltaBytes                        = 1048576                                   {product} {ergonomic}
   size_t MinHeapSize                              = 8388608                                   {product} {ergonomic}
    uintx NonNMethodCodeHeapSize                   = 7602480                                {pd product} {ergonomic}
    uintx NonProfiledCodeHeapSize                  = 122027880                              {pd product} {ergonomic}
    uintx ProfiledCodeHeapSize                     = 122027880                              {pd product} {ergonomic}
    uintx ReservedCodeCacheSize                    = 251658240                              {pd product} {ergonomic}
     bool SegmentedCodeCache                       = true                                      {product} {ergonomic}
   size_t SoftMaxHeapSize                          = 2147483648                             {manageable} {ergonomic}
     bool UseCompressedOops                        = true                           {product lp64_product} {ergonomic}
     bool UseG1GC                                  = true                                      {product} {ergonomic}
     bool UseLargePagesIndividualAllocation        = false                                  {pd product} {ergonomic}

Logging:
Log output configuration:
 #0: stdout all=warning uptime,level,tags foldmultilines=false
 #1: stderr all=off uptime,level,tags foldmultilines=false

Release file:
JAVA_VERSION="21.0.9" 
MODULES="java.base java.compiler java.datatransfer java.xml java.prefs java.desktop java.instrument java.logging java.management java.security.sasl java.naming java.rmi java.management.rmi java.net.http java.scripting java.security.jgss java.transaction.xa java.sql java.sql.rowset java.xml.crypto java.se java.smartcardio jdk.accessibility jdk.internal.jvmstat jdk.attach jdk.charsets jdk.internal.opt jdk.zipfs jdk.compiler jdk.crypto.ec jdk.crypto.cryptoki jdk.dynalink jdk.hotspot.agent jdk.httpserver jdk.internal.ed jdk.internal.le jdk.internal.vm.ci jdk.jartool jdk.javadoc jdk.jcmd jdk.jdeps jdk.jdwp.agent jdk.jdi jdk.jfr jdk.jlink jdk.jsobject jdk.localedata jdk.management jdk.management.agent jdk.management.jfr jdk.naming.dns jdk.naming.rmi jdk.net jdk.sctp jdk.security.auth jdk.security.jgss jdk.unsupported jdk.unsupported.desktop jdk.xml.dom" 
IMPLEMENTOR="JetBrains s.r.o." 
JAVA_RUNTIME_VERSION="21.0.9+-14787801-b1163.94" 
LIBC="default" 
OS_ARCH="x86_64" 
OS_NAME="Windows" 
SOURCE=".:git:0c757ddc9f2f" 

Environment Variables:
JAVA_HOME=C:\Program Files\Java\jdk-19
PATH=C:\Program Files\Common Files\Oracle\Java\javapath;C:\Windows\system32;C:\Windows;C:\Windows\System32\Wbem;C:\Windows\System32\WindowsPowerShell\v1.0\;C:\Windows\System32\OpenSSH\;C:\Program Files (x86)\Microsoft SQL Server\160\Tools\Binn\;C:\Program Files\Microsoft SQL Server\160\Tools\Binn\;C:\Program Files\Microsoft SQL Server\Client SDK\ODBC\170\Tools\Binn\;C:\Program Files\Microsoft SQL Server\160\DTS\Binn\;C:\Program Files (x86)\NVIDIA Corporation\PhysX\Common;C:\Users\sabda\AppData\Local\Android\Sdk\tools\bin;C:\flutter\bin;C:\dart-sdk\bin;C:\Program Files\nodejs\;C:\Program Files\Git\cmd;C:\Program Files\dotnet\;C:\WINDOWS\system32;C:\WINDOWS;C:\WINDOWS\System32\Wbem;C:\WINDOWS\System32\WindowsPowerShell\v1.0\;C:\WINDOWS\System32\OpenSSH\;C:\Program Files\NVIDIA Corporation\NVIDIA App\NvDLISR;C:\Users\sabda\AppData\Local\Programs\Python\Python312\Scripts\;C:\Users\sabda\AppData\Local\Programs\Python\Python312\;C:\Users\sabda\AppData\Local\Microsoft\WindowsApps;C:\Program Files\Azure Data Studio\bin;C:\dart-sdk\bin;C:\flutter\bin;C:\Program Files\Java\jdk-19\bin;C:\Users\sabda\AppData\Roaming\npm;
USERNAME=sabda
OS=Windows_NT
PROCESSOR_IDENTIFIER=Intel64 Family 6 Model 141 Stepping 1, GenuineIntel
TMP=C:\Users\sabda\AppData\Local\Temp
TEMP=C:\Users\sabda\AppData\Local\Temp




Periodic native trim disabled

JNI global refs:
JNI global refs: 43, weak refs: 271

JNI global refs memory usage: 835, weak refs: 3361

Process memory usage:
Resident Set Size: 1074724K (6% of 16538936K total physical memory with 1625432K free physical memory)

OOME stack traces (most recent first):
Classloader memory used:
Loader org.gradle.internal.classloader.VisitableURLClassLoader$InstrumentingVisitableURLClassLoader: 61205K
Loader org.gradle.internal.classloader.VisitableURLClassLoader                         : 45101K
Loader bootstrap                                                                       : 35688K
Loader org.gradle.initialization.MixInLegacyTypesClassLoader                           : 13319K
Loader jdk.internal.loader.ClassLoaders$PlatformClassLoader                            : 834K
Loader jdk.internal.reflect.DelegatingClassLoader                                      : 460K
Loader jdk.internal.loader.ClassLoaders$AppClassLoader                                 : 230K
Loader org.gradle.internal.classloader.VisitableURLClassLoader                         : 139K
Loader org.gradle.groovy.scripts.internal.DefaultScriptCompilationHandler$ScriptClassLoader: 136K
Loader org.codehaus.groovy.runtime.callsite.CallSiteClassLoader                        : 27488B
Loader sun.reflect.misc.MethodUtil                                                     : 2984B

Classes loaded by more than one classloader:
Class Program                                                                         : loaded 5 times (x 72B)
Class com.google.common.base.Equivalence$Identity                                     : loaded 2 times (x 82B)
Class com.google.common.collect.RegularImmutableMap$KeySet                            : loaded 2 times (x 150B)
Class org.gradle.internal.classloader.FilteringClassLoader                            : loaded 2 times (x 105B)
Class net.rubygrapefruit.platform.internal.Platform$FreeBSD64Bit                      : loaded 2 times (x 82B)
Class [Lcom.google.common.base.AbstractIterator$State;                                : loaded 2 times (x 69B)
Class com.google.common.base.CharMatcher$IsEither                                     : loaded 2 times (x 111B)
Class org.gradle.internal.classloader.ClassLoaderHierarchy                            : loaded 2 times (x 70B)
Class net.rubygrapefruit.platform.internal.Platform$FreeBSD                           : loaded 2 times (x 82B)
Class com.google.common.collect.ImmutableEnumSet                                      : loaded 2 times (x 146B)
Class com.google.common.util.concurrent.ExecutionError                                : loaded 2 times (x 82B)
Class com.google.common.collect.ImmutableList$1                                       : loaded 2 times (x 97B)
Class org.gradle.api.internal.classpath.ManifestUtil                                  : loaded 2 times (x 71B)
Class net.rubygrapefruit.platform.NativeException                                     : loaded 2 times (x 82B)
Class com.google.common.io.ByteArrayDataOutput                                        : loaded 2 times (x 70B)
Class com.google.common.collect.RegularImmutableMap                                   : loaded 2 times (x 121B)
Class com.google.common.collect.ImmutableMap$MapViewOfValuesAsSingletonSets           : loaded 2 times (x 125B)
Class [Lorg.objectweb.asm.Symbol;                                                     : loaded 2 times (x 69B)
Class org.objectweb.asm.ClassVisitor                                                  : loaded 2 times (x 87B)
Class com.google.common.collect.UnmodifiableListIterator                              : loaded 2 times (x 95B)
Class org.objectweb.asm.MethodTooLargeException                                       : loaded 2 times (x 83B)
Class com.google.common.base.Platform$JdkPatternCompiler                              : loaded 2 times (x 75B)
Class [Lcom.google.common.cache.CacheBuilder$OneWeigher;                              : loaded 2 times (x 69B)
Class com.google.common.base.Suppliers                                                : loaded 2 times (x 71B)
Class org.gradle.internal.classloader.DefaultClassLoaderFactory                       : loaded 2 times (x 82B)
Class [Lcom.google.common.collect.AbstractIterator$State;                             : loaded 2 times (x 69B)
Class com.google.common.base.CharMatcher$None                                         : loaded 2 times (x 112B)
Class org.gradle.internal.classloader.ClassLoaderVisitor                              : loaded 2 times (x 76B)
Class net.rubygrapefruit.platform.NativeIntegrationUnavailableException               : loaded 2 times (x 82B)
Class net.rubygrapefruit.platform.internal.Platform                                   : loaded 2 times (x 79B)
Class [Lcom.google.common.collect.ImmutableMapEntry;                                  : loaded 2 times (x 69B)
Class org.gradle.api.internal.classpath.EffectiveClassPath                            : loaded 2 times (x 90B)
Class com.google.common.collect.AbstractIterator$1                                    : loaded 2 times (x 71B)
Class com.google.common.collect.ImmutableRangeSet                                     : loaded 2 times (x 115B)
Class org.apache.commons.io.output.StringBuilderWriter                                : loaded 2 times (x 100B)
Class com.google.common.collect.ImmutableEnumMap                                      : loaded 2 times (x 125B)
Class com.google.common.collect.ListMultimap                                          : loaded 2 times (x 70B)
Class com.google.common.collect.Iterators$EmptyModifiableIterator                     : loaded 2 times (x 86B)
Class com.google.common.collect.Sets$1                                                : loaded 2 times (x 139B)
Class org.objectweb.asm.AnnotationVisitor                                             : loaded 2 times (x 77B)
Class com.google.common.base.Splitter                                                 : loaded 2 times (x 72B)
Class org.gradle.api.internal.DefaultClassPathProvider                                : loaded 2 times (x 76B)
Class com.google.common.collect.Maps$ViewCachingAbstractMap                           : loaded 2 times (x 125B)
Class com.google.common.collect.Sets$2                                                : loaded 2 times (x 139B)
Class [Lorg.gradle.api.internal.ClassPathProvider;                                    : loaded 2 times (x 69B)
Class org.gradle.api.internal.ClassPathProvider                                       : loaded 2 times (x 70B)
Class [Lorg.objectweb.asm.AnnotationVisitor;                                          : loaded 2 times (x 69B)
Class com.google.common.collect.Sets$3                                                : loaded 2 times (x 139B)
Class com.google.common.util.concurrent.AbstractFuture$SafeAtomicHelper               : loaded 2 times (x 79B)
Class com.google.common.cache.LocalCache$LocalLoadingCache                            : loaded 2 times (x 134B)
Class com.google.common.base.AbstractIterator$State                                   : loaded 2 times (x 79B)
Class org.gradle.internal.service.UnknownServiceException                             : loaded 2 times (x 83B)
Class com.google.common.io.ByteArrayDataInput                                         : loaded 2 times (x 70B)
Class com.google.common.collect.Sets$4                                                : loaded 2 times (x 139B)
Class org.objectweb.asm.ModuleVisitor                                                 : loaded 2 times (x 80B)
Class com.google.common.cache.LocalCache$Strength$1                                   : loaded 2 times (x 81B)
Class net.rubygrapefruit.platform.internal.Platform$MacOs64Bit                        : loaded 2 times (x 82B)
Class com.google.common.util.concurrent.SettableFuture                                : loaded 2 times (x 114B)
Class com.google.common.cache.LocalCache$Strength$2                                   : loaded 2 times (x 81B)
Class net.rubygrapefruit.platform.internal.Platform$Posix                             : loaded 2 times (x 81B)
Class org.objectweb.asm.Handle                                                        : loaded 2 times (x 72B)
Class com.google.common.io.ByteStreams                                                : loaded 2 times (x 71B)
Class com.google.common.cache.LocalCache$Strength$3                                   : loaded 2 times (x 81B)
Class com.google.common.collect.MapDifference                                         : loaded 2 times (x 70B)
Class com.google.common.base.Splitter$1                                               : loaded 2 times (x 77B)
Class org.objectweb.asm.FieldWriter                                                   : loaded 2 times (x 77B)
Class com.google.common.cache.CacheBuilder$NullListener                               : loaded 2 times (x 82B)
Class org.gradle.internal.classpath.TransformedClassPath                              : loaded 2 times (x 96B)
Class com.google.common.collect.ImmutableRangeSet$AsSet                               : loaded 2 times (x 299B)
Class com.google.common.cache.CacheLoader$FunctionToCacheLoader                       : loaded 2 times (x 75B)
Class com.google.common.collect.Iterators$ArrayItr                                    : loaded 2 times (x 97B)
Class com.google.common.collect.ImmutableCollection$Builder                           : loaded 2 times (x 76B)
Class org.apache.commons.io.output.ByteArrayOutputStream                              : loaded 2 times (x 92B)
Class com.google.common.base.Joiner                                                   : loaded 2 times (x 79B)
Class com.google.common.base.MoreObjects                                              : loaded 2 times (x 71B)
Class [Lorg.objectweb.asm.Attribute;                                                  : loaded 2 times (x 69B)
Class [Lorg.objectweb.asm.Type;                                                       : loaded 2 times (x 69B)
Class com.google.common.collect.Platform                                              : loaded 2 times (x 71B)
Class com.google.common.collect.UnmodifiableIterator                                  : loaded 2 times (x 80B)
Class org.gradle.internal.service.ServiceLocator                                      : loaded 2 times (x 70B)
Class com.google.common.base.Ascii                                                    : loaded 2 times (x 71B)
Class com.google.common.collect.SingletonImmutableBiMap                               : loaded 2 times (x 143B)
Class com.google.common.cache.LocalCache$1                                            : loaded 2 times (x 89B)
Class com.google.common.collect.AbstractMapEntry                                      : loaded 2 times (x 81B)
Class com.google.common.collect.Sets$ImprovedAbstractSet                              : loaded 2 times (x 135B)
Class com.google.common.collect.ImmutableList$Builder                                 : loaded 2 times (x 77B)
Class com.google.common.cache.LocalCache$2                                            : loaded 2 times (x 142B)
Class com.google.common.collect.AbstractMultimap                                      : loaded 2 times (x 123B)
Class com.google.common.collect.ImmutableRangeSet$1                                   : loaded 2 times (x 209B)
Class com.google.common.util.concurrent.AbstractFuture$UnsafeAtomicHelper$1           : loaded 2 times (x 76B)
Class com.google.common.collect.RegularImmutableAsList                                : loaded 2 times (x 216B)
Class com.google.common.collect.Range                                                 : loaded 2 times (x 87B)
Class com.google.common.util.concurrent.AbstractFuture$Trusted                        : loaded 2 times (x 70B)
Class com.google.common.collect.Iterators                                             : loaded 2 times (x 71B)
Class com.google.common.base.CharMatcher$RangesMatcher                                : loaded 2 times (x 112B)
Class net.rubygrapefruit.platform.internal.Platform$Linux32Bit                        : loaded 2 times (x 83B)
Class com.google.common.util.concurrent.UncheckedExecutionException                   : loaded 2 times (x 82B)
Class com.google.common.collect.Lists$StringAsImmutableList                           : loaded 2 times (x 207B)
Class net.rubygrapefruit.platform.Native                                              : loaded 2 times (x 71B)
Class net.rubygrapefruit.platform.NativeIntegration                                   : loaded 2 times (x 70B)
Class com.google.common.collect.ImmutableSortedSetFauxverideShim                      : loaded 2 times (x 147B)
Class com.google.common.base.CharMatcher$JavaLetterOrDigit                            : loaded 2 times (x 111B)
Class org.gradle.internal.InternalTransformer                                         : loaded 2 times (x 70B)
Class [Lnet.rubygrapefruit.platform.internal.FunctionResult$Failure;                  : loaded 2 times (x 69B)
Class com.google.common.collect.AbstractMapBasedMultimap$KeySet$1                     : loaded 2 times (x 82B)
Class org.objectweb.asm.ClassWriter                                                   : loaded 2 times (x 104B)
Class com.google.common.cache.CacheLoader$UnsupportedLoadingOperationException        : loaded 2 times (x 82B)
Class com.google.common.base.CharMatcher$And                                          : loaded 2 times (x 112B)
Class org.gradle.internal.classloader.ClasspathUtil$1                                 : loaded 2 times (x 76B)
Class com.google.common.base.Objects                                                  : loaded 2 times (x 71B)
Class org.objectweb.asm.FieldVisitor                                                  : loaded 2 times (x 76B)
Class com.google.common.collect.IndexedImmutableSet                                   : loaded 2 times (x 150B)
Class com.google.common.collect.ImmutableMap$1                                        : loaded 2 times (x 81B)
Class com.google.common.collect.BiMap                                                 : loaded 2 times (x 70B)
Class org.gradle.api.internal.classpath.DefaultModuleRegistry$DefaultModule           : loaded 2 times (x 86B)
Class com.google.common.primitives.Ints                                               : loaded 2 times (x 71B)
Class com.google.common.collect.AbstractIterator                                      : loaded 2 times (x 82B)
Class com.google.common.math.MathPreconditions                                        : loaded 2 times (x 71B)
Class com.google.common.collect.Multiset                                              : loaded 2 times (x 70B)
Class com.google.common.collect.ArrayListMultimapGwtSerializationDependencies         : loaded 2 times (x 172B)
Class com.google.common.collect.ObjectArrays                                          : loaded 2 times (x 71B)
Class com.google.common.collect.AbstractIndexedListIterator                           : loaded 2 times (x 96B)
Class com.google.common.collect.ImmutableMapEntrySet                                  : loaded 2 times (x 151B)
Class ijJvmDebugger1_bmlv8glastz3jc2e9hjri4zve                                        : loaded 2 times (x 179B)
Class org.gradle.api.internal.classpath.Module                                        : loaded 2 times (x 70B)
Class com.google.common.cache.Weigher                                                 : loaded 2 times (x 70B)
Class org.gradle.api.internal.classpath.UnknownModuleException                        : loaded 2 times (x 82B)
Class org.gradle.cache.GlobalCache                                                    : loaded 2 times (x 70B)
Class com.google.common.base.Stopwatch                                                : loaded 2 times (x 72B)
Class com.google.common.cache.LocalCache$Strength                                     : loaded 2 times (x 81B)
Class com.google.common.cache.Cache                                                   : loaded 2 times (x 70B)
Class com.google.common.util.concurrent.AbstractFuture$Cancellation                   : loaded 2 times (x 72B)
Class com.google.common.collect.ImmutableMap$Builder                                  : loaded 2 times (x 82B)
Class com.google.common.base.NullnessCasts                                            : loaded 2 times (x 71B)
Class net.rubygrapefruit.platform.internal.FunctionResult                             : loaded 2 times (x 77B)
Class com.google.common.cache.RemovalListener                                         : loaded 2 times (x 70B)
Class org.gradle.api.internal.DefaultClassPathRegistry                                : loaded 2 times (x 76B)
Class net.rubygrapefruit.platform.NativeIntegrationLinkageException                   : loaded 2 times (x 82B)
Class com.google.common.primitives.IntsMethodsForWeb                                  : loaded 2 times (x 71B)
Class com.google.common.collect.Multimap                                              : loaded 2 times (x 70B)
Class org.gradle.api.internal.ClassPathRegistry                                       : loaded 2 times (x 70B)
Class org.gradle.internal.classpath.DefaultClassPath$ImmutableUniqueList              : loaded 2 times (x 199B)
Class com.google.common.collect.NullnessCasts                                         : loaded 2 times (x 71B)
Class com.google.common.base.ExtraObjectsMethodsForWeb                                : loaded 2 times (x 71B)
Class org.apache.commons.io.IOUtils                                                   : loaded 2 times (x 71B)
Class com.google.common.base.PairwiseEquivalence                                      : loaded 2 times (x 83B)
Class net.rubygrapefruit.platform.internal.jni.NativeLibraryFunctions                 : loaded 2 times (x 71B)
Class com.google.common.cache.CacheBuilder                                            : loaded 2 times (x 72B)
Class com.google.common.collect.SingletonImmutableList                                : loaded 2 times (x 207B)
Class Settings_gradle$1                                                               : loaded 2 times (x 74B)
Class org.gradle.internal.classpath.ClassPath                                         : loaded 2 times (x 70B)
Class org.gradle.api.UncheckedIOException                                             : loaded 2 times (x 82B)
Class com.google.common.collect.ImmutableList$ReverseImmutableList                    : loaded 2 times (x 208B)
Class com.google.common.base.JdkPattern                                               : loaded 2 times (x 75B)
Class net.rubygrapefruit.platform.internal.Platform$Windows                           : loaded 2 times (x 79B)
Class org.objectweb.asm.SymbolTable$Entry                                             : loaded 2 times (x 74B)
Class com.google.common.util.concurrent.AbstractFuture$AtomicHelper                   : loaded 2 times (x 78B)
Class org.objectweb.asm.Edge                                                          : loaded 2 times (x 72B)
Class com.google.common.base.Suppliers$SupplierOfInstance                             : loaded 2 times (x 79B)
Class com.google.common.collect.Iterators$1                                           : loaded 2 times (x 81B)
Class com.google.common.cache.LocalCache$ComputingValueReference                      : loaded 2 times (x 96B)
Class com.google.common.collect.SingletonImmutableSet                                 : loaded 2 times (x 146B)
Class com.google.common.collect.ImmutableMap$IteratorBasedImmutableMap                : loaded 2 times (x 125B)
Class com.google.common.cache.LocalCache$Segment                                      : loaded 2 times (x 154B)
Class net.rubygrapefruit.platform.internal.LibraryDef                                 : loaded 2 times (x 72B)
Class com.google.common.collect.SortedIterable                                        : loaded 2 times (x 70B)
Class [Lorg.objectweb.asm.SymbolTable$Entry;                                          : loaded 2 times (x 69B)
Class com.google.common.cache.CacheLoader                                             : loaded 2 times (x 74B)
Class com.google.common.collect.Iterators$4                                           : loaded 2 times (x 82B)
Class com.google.common.collect.ImmutableBiMap                                        : loaded 2 times (x 143B)
Class com.google.common.collect.AbstractListMultimap                                  : loaded 2 times (x 172B)
Class org.gradle.internal.installation.GradleInstallation$1                           : loaded 2 times (x 75B)
Class org.gradle.api.internal.classpath.ModuleRegistry                                : loaded 2 times (x 70B)
Class com.google.common.util.concurrent.internal.InternalFutureFailureAccess          : loaded 2 times (x 72B)
Class com.google.common.collect.Iterators$5                                           : loaded 2 times (x 82B)
Class com.google.common.collect.ImmutableSet$JdkBackedSetBuilderImpl                  : loaded 2 times (x 76B)
Class com.google.common.base.Splitter$SplittingIterator                               : loaded 2 times (x 84B)
Class com.google.common.io.Closer$SuppressingSuppressor                               : loaded 2 times (x 75B)
Class com.google.common.util.concurrent.AbstractFuture$UnsafeAtomicHelper             : loaded 2 times (x 78B)
Class com.google.common.cache.LocalCache$LocalManualCache$1                           : loaded 2 times (x 75B)
Class com.google.common.base.CharMatcher$ForPredicate                                 : loaded 2 times (x 112B)
Class ijKotlinCoroutineJvmDebugInit1_ddtzo1ukqgvpdrr0499uuaqin$_run_closure1$_closure2: loaded 2 times (x 139B)
Class net.rubygrapefruit.platform.internal.Platform$Window32Bit                       : loaded 2 times (x 79B)
Class com.google.common.collect.ImmutableCollection                                   : loaded 2 times (x 125B)
Class com.google.common.base.CharMatcher$AnyOf                                        : loaded 2 times (x 112B)
Class org.gradle.api.internal.classpath.DefaultModuleRegistry                         : loaded 2 times (x 86B)
Class com.google.common.util.concurrent.ListenableFuture                              : loaded 2 times (x 70B)
Class com.google.common.cache.ReferenceEntry                                          : loaded 2 times (x 70B)
Class com.google.common.collect.ImmutableSet$CachingAsList                            : loaded 2 times (x 147B)
Class com.google.common.base.Converter                                                : loaded 2 times (x 90B)
Class com.google.common.collect.Lists                                                 : loaded 2 times (x 71B)
Class com.google.common.base.CharMatcher$Any                                          : loaded 2 times (x 112B)
Class com.google.common.util.concurrent.AbstractFuture                                : loaded 2 times (x 106B)
Class com.google.common.base.FunctionalEquivalence                                    : loaded 2 times (x 83B)
Class com.google.common.collect.Iterators$9                                           : loaded 2 times (x 81B)
Class com.google.common.collect.AbstractMapBasedMultimap                              : loaded 2 times (x 139B)
Class com.google.common.collect.ImmutableAsList                                       : loaded 2 times (x 209B)
Class org.objectweb.asm.RecordComponentVisitor                                        : loaded 2 times (x 77B)
Class com.google.common.cache.CacheLoader$SupplierToCacheLoader                       : loaded 2 times (x 75B)
Class ijJvmDebugger1_bmlv8glastz3jc2e9hjri4zve$_run_closure1$_closure2                : loaded 2 times (x 140B)
Class com.google.common.collect.Maps$EntryTransformer                                 : loaded 2 times (x 70B)
Class org.gradle.internal.service.ServiceLookupException                              : loaded 2 times (x 82B)
Class com.google.common.collect.ImmutableSortedSet                                    : loaded 2 times (x 299B)
Class [Lcom.google.common.cache.LocalCache$EntryFactory;                              : loaded 2 times (x 69B)
Class com.google.common.base.CharMatcher$JavaLetter                                   : loaded 2 times (x 111B)
Class org.gradle.internal.classloader.ClassLoaderFactory                              : loaded 2 times (x 70B)
Class net.rubygrapefruit.platform.internal.Platform$Linux                             : loaded 2 times (x 83B)
Class com.google.common.cache.LocalCache$LocalManualCache                             : loaded 2 times (x 99B)
Class com.google.common.base.CharMatcher$IsNot                                        : loaded 2 times (x 111B)
Class com.google.common.base.CommonPattern                                            : loaded 2 times (x 74B)
Class org.gradle.internal.service.CachingServiceLocator                               : loaded 2 times (x 82B)
Class com.google.common.collect.RegularImmutableSortedSet                             : loaded 2 times (x 299B)
Class com.google.common.collect.AbstractMapBasedMultimap$KeySet                       : loaded 2 times (x 137B)
Class com.google.common.math.IntMath                                                  : loaded 2 times (x 71B)
Class com.google.common.collect.Iterators$10                                          : loaded 2 times (x 81B)
Class com.google.common.collect.ImmutableMapEntry                                     : loaded 2 times (x 85B)
Class com.google.common.base.CharMatcher$JavaDigit                                    : loaded 2 times (x 111B)
Class com.google.common.base.Equivalence                                              : loaded 2 times (x 82B)
Class com.google.common.collect.ImmutableMapEntry$NonTerminalImmutableMapEntry        : loaded 2 times (x 85B)
Class com.google.common.base.Function                                                 : loaded 2 times (x 70B)
Class ijJvmDebugger1_bmlv8glastz3jc2e9hjri4zve$_run_closure1                          : loaded 2 times (x 139B)
Class com.google.common.collect.IndexedImmutableSet$1                                 : loaded 2 times (x 212B)
Class com.google.common.cache.CacheBuilder$OneWeigher                                 : loaded 2 times (x 82B)
Class com.google.common.collect.RegularImmutableList                                  : loaded 2 times (x 212B)
Class net.rubygrapefruit.platform.internal.Platform$Unsupported                       : loaded 2 times (x 79B)
Class net.rubygrapefruit.platform.internal.Platform$FreeBSD32Bit                      : loaded 2 times (x 82B)
Class com.google.common.collect.ImmutableBiMapFauxverideShim                          : loaded 2 times (x 120B)
Class org.gradle.internal.classloader.ClasspathUtil                                   : loaded 2 times (x 71B)
Class net.rubygrapefruit.platform.internal.Platform$Unix                              : loaded 2 times (x 82B)
Class com.google.common.base.Charsets                                                 : loaded 2 times (x 71B)
Class com.google.common.util.concurrent.Uninterruptibles                              : loaded 2 times (x 71B)
Class com.google.common.collect.Maps                                                  : loaded 2 times (x 71B)
Class com.google.common.base.CharMatcher$JavaUpperCase                                : loaded 2 times (x 111B)
Class org.gradle.api.specs.Spec                                                       : loaded 2 times (x 70B)
Class [Lcom.google.common.collect.ImmutableEntry;                                     : loaded 2 times (x 69B)
Class com.google.common.cache.LocalCache$LoadingValueReference                        : loaded 2 times (x 96B)
Class Build_gradle$1                                                                  : loaded 2 times (x 75B)
Class com.google.common.base.Platform                                                 : loaded 2 times (x 71B)
Class Build_gradle$2                                                                  : loaded 2 times (x 78B)
Class [Lorg.objectweb.asm.AnnotationWriter;                                           : loaded 2 times (x 69B)
Class com.google.common.primitives.Ints$IntConverter                                  : loaded 2 times (x 90B)
Class com.google.common.collect.Maps$8                                                : loaded 2 times (x 82B)
Class [Lcom.google.common.collect.Iterators$EmptyModifiableIterator;                  : loaded 2 times (x 69B)
Class com.google.common.collect.ImmutableRangeSet$Builder                             : loaded 2 times (x 77B)
Class com.google.common.collect.Sets$SetView                                          : loaded 2 times (x 138B)
Class com.google.common.cache.LocalCache$StrongValueReference                         : loaded 2 times (x 90B)
Class com.google.common.util.concurrent.AbstractFuture$SynchronizedHelper             : loaded 2 times (x 78B)
Class com.google.common.base.CharMatcher$Invisible                                    : loaded 2 times (x 112B)
Class org.objectweb.asm.Type                                                          : loaded 2 times (x 72B)
Class org.gradle.internal.classloader.VisitableURLClassLoader$InstrumentingVisitableURLClassLoader: loaded 2 times (x 123B)
Class org.objectweb.asm.ByteVector                                                    : loaded 2 times (x 78B)
Class [Lcom.google.common.cache.CacheBuilder$NullListener;                            : loaded 2 times (x 69B)
Class com.google.common.math.IntMath$1                                                : loaded 2 times (x 71B)
Class org.gradle.internal.classloader.VisitableURLClassLoader$Spec                    : loaded 2 times (x 74B)
Class org.gradle.internal.classpath.DefaultClassPath                                  : loaded 2 times (x 90B)
Class org.objectweb.asm.Symbol                                                        : loaded 2 times (x 73B)
Class com.google.common.base.AbstractIterator                                         : loaded 2 times (x 80B)
Class com.google.common.io.Closer                                                     : loaded 2 times (x 78B)
Class com.google.common.collect.RegularImmutableMap$Values                            : loaded 2 times (x 207B)
Class com.google.common.collect.ImmutableSet                                          : loaded 2 times (x 145B)
Class com.google.common.base.CharMatcher$BitSetMatcher                                : loaded 2 times (x 112B)
Class com.google.common.base.CharMatcher$Ascii                                        : loaded 2 times (x 112B)
Class org.gradle.internal.classloader.ClassLoaderSpec                                 : loaded 2 times (x 71B)
Class net.rubygrapefruit.platform.internal.Platform$MacOs32Bit                        : loaded 2 times (x 82B)
Class net.rubygrapefruit.platform.internal.Platform$Linux64Bit                        : loaded 2 times (x 83B)
Class org.objectweb.asm.AnnotationWriter                                              : loaded 2 times (x 78B)
Class com.google.common.cache.CacheStats                                              : loaded 2 times (x 71B)
Class com.google.common.io.Closer$Suppressor                                          : loaded 2 times (x 70B)
Class org.objectweb.asm.RecordComponentWriter                                         : loaded 2 times (x 78B)
Class com.google.common.util.concurrent.AbstractFuture$Listener                       : loaded 2 times (x 72B)
Class com.google.common.base.CharMatcher$Or                                           : loaded 2 times (x 112B)
Class Settings_gradle$1$1                                                             : loaded 2 times (x 74B)
Class [Lorg.objectweb.asm.Label;                                                      : loaded 2 times (x 69B)
Class org.objectweb.asm.Attribute                                                     : loaded 2 times (x 77B)
Class com.google.common.base.Supplier                                                 : loaded 2 times (x 70B)
Class org.gradle.internal.classloader.VisitableURLClassLoader                         : loaded 2 times (x 117B)
Class net.rubygrapefruit.platform.internal.FunctionResult$Failure                     : loaded 2 times (x 79B)
Class net.rubygrapefruit.platform.internal.NativeLibraryLoader                        : loaded 2 times (x 73B)
Class com.google.common.util.concurrent.AbstractFuture$Waiter                         : loaded 2 times (x 72B)
Class Settings_gradle                                                                 : loaded 2 times (x 128B)
Class org.gradle.internal.Cast                                                        : loaded 2 times (x 71B)
Class org.gradle.api.Action                                                           : loaded 2 times (x 70B)
Class com.google.common.collect.Sets                                                  : loaded 2 times (x 71B)
Class org.objectweb.asm.Handler                                                       : loaded 2 times (x 72B)
Class com.google.common.base.Strings                                                  : loaded 2 times (x 71B)
Class com.google.common.base.Ticker                                                   : loaded 2 times (x 72B)
Class com.google.common.base.CharMatcher$FastMatcher                                  : loaded 2 times (x 111B)
Class org.gradle.internal.agents.InstrumentingClassLoader                             : loaded 2 times (x 70B)
Class [Lcom.google.common.cache.LocalCache$Segment;                                   : loaded 2 times (x 69B)
Class [Lcom.google.common.cache.LocalCache$Strength;                                  : loaded 2 times (x 69B)
Class com.google.common.cache.CacheBuilder$1                                          : loaded 2 times (x 85B)
Class com.google.common.collect.ImmutableMap                                          : loaded 2 times (x 120B)
Class com.google.common.base.Predicate                                                : loaded 2 times (x 70B)
Class org.gradle.internal.classpath.DefaultClassPath$ImmutableUniqueList$Builder      : loaded 2 times (x 75B)
Class com.google.common.collect.AbstractRangeSet                                      : loaded 2 times (x 114B)
Class com.google.common.cache.LocalCache                                              : loaded 2 times (x 187B)
Class com.google.common.cache.CacheBuilder$2                                          : loaded 2 times (x 79B)
Class com.google.common.base.CharMatcher$NegatedFastMatcher                           : loaded 2 times (x 113B)
Class com.google.common.cache.CacheBuilder$3                                          : loaded 2 times (x 72B)
Class [Lcom.google.common.collect.AbstractMapEntry;                                   : loaded 2 times (x 69B)
Class com.google.common.collect.ImmutableEntry                                        : loaded 2 times (x 82B)
Class com.google.common.collect.ArrayListMultimap                                     : loaded 2 times (x 172B)
Class com.google.common.base.AbstractIterator$1                                       : loaded 2 times (x 71B)
Class com.google.common.base.CharMatcher$Digit                                        : loaded 2 times (x 112B)
Class org.gradle.api.GradleException                                                  : loaded 2 times (x 82B)
Class com.google.common.base.Suppliers$MemoizingSupplier                              : loaded 2 times (x 79B)
Class com.google.common.collect.CollectPreconditions                                  : loaded 2 times (x 71B)
Class com.google.common.base.CharMatcher$JavaIsoControl                               : loaded 2 times (x 112B)
Class com.google.common.collect.SortedMapDifference                                   : loaded 2 times (x 70B)
Class com.google.common.base.CharMatcher$JavaLowerCase                                : loaded 2 times (x 111B)
Class ijKotlinCoroutineJvmDebugInit1_ddtzo1ukqgvpdrr0499uuaqin                        : loaded 2 times (x 179B)
Class Build_gradle$1$1                                                                : loaded 2 times (x 78B)
Class net.rubygrapefruit.platform.internal.NativeLibraryLocator                       : loaded 2 times (x 73B)
Class net.rubygrapefruit.platform.Process                                             : loaded 2 times (x 70B)
Class com.google.common.cache.LocalCache$EntryFactory                                 : loaded 2 times (x 83B)
Class com.google.common.cache.LocalCache$AbstractReferenceEntry                       : loaded 2 times (x 107B)
Class com.google.common.base.Splitter$1$1                                             : loaded 2 times (x 86B)
Class com.google.common.base.CharMatcher$Whitespace                                   : loaded 2 times (x 112B)
Class org.gradle.internal.IoActions                                                   : loaded 2 times (x 71B)
Class com.google.common.collect.ImmutableMapKeySet                                    : loaded 2 times (x 150B)
Class com.google.common.collect.ImmutableRangeSet$ComplementRanges                    : loaded 2 times (x 207B)
Class org.objectweb.asm.SymbolTable                                                   : loaded 2 times (x 72B)
Class com.google.common.cache.CacheLoader$InvalidCacheLoadException                   : loaded 2 times (x 82B)
Class com.google.common.collect.ImmutableSet$RegularSetBuilderImpl                    : loaded 2 times (x 77B)
Class com.google.common.base.CharMatcher$SingleWidth                                  : loaded 2 times (x 112B)
Class org.gradle.internal.classloader.SystemClassLoaderSpec                           : loaded 2 times (x 71B)
Class com.google.common.cache.LocalCache$StrongEntry                                  : loaded 2 times (x 108B)
Class com.google.common.util.concurrent.AbstractFuture$TrustedFuture                  : loaded 2 times (x 114B)
Class com.google.common.cache.LoadingCache                                            : loaded 2 times (x 70B)
Class com.google.common.base.Suppliers$NonSerializableMemoizingSupplier               : loaded 2 times (x 79B)
Class net.rubygrapefruit.platform.ProcessLauncher                                     : loaded 2 times (x 70B)
Class com.google.common.io.ByteStreams$LimitedInputStream                             : loaded 2 times (x 92B)
Class org.objectweb.asm.MethodWriter                                                  : loaded 2 times (x 105B)
Class [Lcom.google.common.cache.Weigher;                                              : loaded 2 times (x 69B)
Class com.google.common.collect.RegularImmutableMap$BucketOverflowException           : loaded 2 times (x 82B)
Class com.google.common.collect.AbstractIterator$State                                : loaded 2 times (x 79B)
Class com.google.common.collect.RegularImmutableBiMap                                 : loaded 2 times (x 148B)
Class com.google.common.cache.LocalCache$ValueReference                               : loaded 2 times (x 70B)
Class com.google.common.base.CharMatcher$Negated                                      : loaded 2 times (x 113B)
Class com.google.common.base.CharMatcher$Is                                           : loaded 2 times (x 111B)
Class com.google.common.util.concurrent.AbstractFuture$Failure                        : loaded 2 times (x 72B)
Class com.google.common.base.PatternCompiler                                          : loaded 2 times (x 70B)
Class com.google.common.base.Equivalence$Equals                                       : loaded 2 times (x 82B)
Class com.google.common.collect.Hashing                                               : loaded 2 times (x 71B)
Class com.google.common.base.Preconditions                                            : loaded 2 times (x 71B)
Class com.google.common.base.Joiner$1                                                 : loaded 2 times (x 80B)
Class org.objectweb.asm.Label                                                         : loaded 2 times (x 73B)
Class org.objectweb.asm.CurrentFrame                                                  : loaded 2 times (x 73B)
Class org.objectweb.asm.ClassTooLargeException                                        : loaded 2 times (x 83B)
Class com.google.common.collect.PeekingIterator                                       : loaded 2 times (x 70B)
Class com.google.common.base.CharMatcher                                              : loaded 2 times (x 111B)
Class com.google.common.collect.RangeGwtSerializationDependencies                     : loaded 2 times (x 71B)
Class com.google.common.collect.Maps$IteratorBasedAbstractMap                         : loaded 2 times (x 125B)
Class com.google.common.base.Joiner$2                                                 : loaded 2 times (x 79B)
Class org.objectweb.asm.Frame                                                         : loaded 2 times (x 73B)
Class org.objectweb.asm.MethodVisitor                                                 : loaded 2 times (x 104B)
Class com.google.common.cache.LocalCache$EntryFactory$1                               : loaded 2 times (x 83B)
Class [Lcom.google.common.cache.RemovalListener;                                      : loaded 2 times (x 69B)
Class com.google.common.base.CharMatcher$1                                            : loaded 2 times (x 113B)
Class com.google.common.base.CharMatcher$NamedFastMatcher                             : loaded 2 times (x 112B)
Class com.google.common.collect.RangeSet                                              : loaded 2 times (x 70B)
Class com.google.common.cache.LocalCache$EntryFactory$2                               : loaded 2 times (x 83B)
Class com.google.common.collect.CollectCollectors                                     : loaded 2 times (x 71B)
Class org.objectweb.asm.ModuleWriter                                                  : loaded 2 times (x 81B)
Class com.google.common.cache.LocalCache$EntryFactory$3                               : loaded 2 times (x 83B)
Class com.google.common.base.Ticker$1                                                 : loaded 2 times (x 72B)
Class com.google.common.collect.ImmutableMapEntrySet$RegularEntrySet                  : loaded 2 times (x 151B)
Class com.google.common.collect.Maps$BiMapConverter                                   : loaded 2 times (x 90B)
Class net.rubygrapefruit.platform.internal.Platform$MacOs                             : loaded 2 times (x 82B)
Class net.rubygrapefruit.platform.internal.Platform$Window64Bit                       : loaded 2 times (x 79B)
Class com.google.common.cache.LocalCache$EntryFactory$4                               : loaded 2 times (x 83B)
Class com.google.common.collect.ImmutableSet$Builder                                  : loaded 2 times (x 85B)
Class com.google.common.base.CharMatcher$InRange                                      : loaded 2 times (x 111B)
Class ijKotlinCoroutineJvmDebugInit1_ddtzo1ukqgvpdrr0499uuaqin$_run_closure1          : loaded 2 times (x 139B)
Class com.google.common.io.ByteStreams$1                                              : loaded 2 times (x 85B)
Class com.google.common.cache.LocalCache$EntryFactory$5                               : loaded 2 times (x 83B)
Class Build_gradle                                                                    : loaded 2 times (x 130B)
Class com.google.common.cache.LocalCache$EntryFactory$6                               : loaded 2 times (x 83B)
Class org.gradle.internal.installation.CurrentGradleInstallationLocator               : loaded 2 times (x 71B)
Class org.objectweb.asm.ClassReader                                                   : loaded 2 times (x 92B)
Class com.google.common.collect.Maps$KeySet                                           : loaded 2 times (x 137B)
Class com.google.common.cache.LocalCache$EntryFactory$7                               : loaded 2 times (x 83B)
Class com.google.common.collect.ImmutableSet$EmptySetBuilderImpl                      : loaded 2 times (x 76B)
Class com.google.common.collect.ImmutableList                                         : loaded 2 times (x 206B)
Class org.gradle.internal.service.DefaultServiceLocator                               : loaded 2 times (x 83B)
Class com.google.common.cache.LocalCache$EntryFactory$8                               : loaded 2 times (x 83B)
Class com.google.common.collect.ImmutableSet$SetBuilderImpl                           : loaded 2 times (x 76B)
Class org.gradle.internal.installation.CurrentGradleInstallation                      : loaded 2 times (x 73B)
Class org.objectweb.asm.Opcodes                                                       : loaded 2 times (x 70B)
Class com.google.common.cache.CacheLoader$1                                           : loaded 2 times (x 75B)
Class com.google.common.collect.ForwardingObject                                      : loaded 2 times (x 72B)
Class com.google.common.collect.ImmutableList$SubList                                 : loaded 2 times (x 208B)
Class org.gradle.util.internal.GUtil                                                  : loaded 2 times (x 71B)
Class com.google.common.util.concurrent.AbstractFuture$SetFuture                      : loaded 2 times (x 75B)
Class com.google.common.cache.AbstractCache$StatsCounter                              : loaded 2 times (x 70B)
Class org.objectweb.asm.Context                                                       : loaded 2 times (x 72B)
Class com.google.common.collect.Iterators$MergingIterator                             : loaded 2 times (x 81B)
Class com.google.common.collect.RegularImmutableSet                                   : loaded 2 times (x 148B)
Class org.gradle.internal.installation.GradleInstallation                             : loaded 2 times (x 75B)
Class com.google.common.collect.Iterables                                             : loaded 2 times (x 71B)
Class com.google.common.base.Splitter$Strategy                                        : loaded 2 times (x 70B)

---------------  S Y S T E M  ---------------

OS:
 Windows 11 , 64 bit Build 26100 (10.0.26100.7920)
OS uptime: 1 days 0:58 hours
Hyper-V role detected

CPU: total 16 (initial active 16) (8 cores per cpu, 2 threads per core) family 6 model 141 stepping 1 microcode 0x50, cx8, cmov, fxsr, ht, mmx, 3dnowpref, sse, sse2, sse3, ssse3, sse4.1, sse4.2, popcnt, lzcnt, tsc, tscinvbit, avx, avx2, aes, erms, clmul, bmi1, bmi2, adx, avx512f, avx512dq, avx512cd, avx512bw, avx512vl, sha, fma, vzeroupper, avx512_vpopcntdq, avx512_vpclmulqdq, avx512_vaes, avx512_vnni, clflush, clflushopt, clwb, avx512_vbmi2, avx512_vbmi, hv, rdtscp, rdpid, fsrm, gfni, avx512_bitalg, f16c, cet_ibt, cet_ss, avx512_ifma
Processor Information for the first 16 processors :
  Max Mhz: 2304, Current Mhz: 2304, Mhz Limit: 2304

Memory: 4k page, system-wide physical 16151M (1576M free)
TotalPageFile size 20247M (AvailPageFile size 184M)
current process WorkingSet (physical memory assigned to process): 1049M, peak: 1064M
current process commit charge ("private bytes"): 1096M, peak: 1703M

vm_info: OpenJDK 64-Bit Server VM (21.0.9+-14787801-b1163.94) for windows-amd64 JRE (21.0.9+-14787801-b1163.94), built on 2026-01-27T21:15:44Z by "builder" with MS VC++ 16.10 / 16.11 (VS2019)

END.
